
> petbasi-factory-site@0.1.0 dev
> vite --host 127.0.0.1 --port 4181


  [32m[1mVITE[22m v7.3.5[39m  [2mready in [0m[1m1080[22m[2m[0m ms[22m

  [32m➜[39m  [1mLocal[22m:   [36mhttp://127.0.0.1:[1m4181[22m/[39m
[2m09:16:46[22m [36m[1m[vite][22m[39m [90m[2m(client)[22m[39m [32mhmr update [39m[2m/src/main.jsx, /src/ProductExperience.jsx, /src/ProductCatalogPages.jsx[22m
[2m09:16:46[22m [36m[1m[vite][22m[39m [90m[2m(client)[22m[39m [33mhmr invalidate [39m[2m/src/main.jsx[22m Could not Fast Refresh ("true" export is incompatible). Learn more at https://github.com/vitejs/vite-plugin-react/tree/main/packages/plugin-react#consistent-components-exports
[2m09:16:46[22m [36m[1m[vite][22m[39m [90m[2m(client)[22m[39m [32mpage reload [39m[2msrc/main.jsx[22m
[2m10:02:21[22m [36m[1m[vite][22m[39m [90m[2m(client)[22m[39m [32mhmr update [39m[2m/src/main.jsx[22m
[2m10:02:21[22m [36m[1m[vite][22m[39m [90m[2m(client)[22m[39m [32mhmr update [39m[2m/src/styles.css[22m
[2m10:02:22[22m [36m[1m[vite][22m[39m [90m[2m(client)[22m[39m [33mhmr invalidate [39m[2m/src/main.jsx[22m Could not Fast Refresh ("true" export is incompatible). Learn more at https://github.com/vitejs/vite-plugin-react/tree/main/packages/plugin-react#consistent-components-exports
[2m10:02:22[22m [36m[1m[vite][22m[39m [90m[2m(client)[22m[39m [32mpage reload [39m[2msrc/main.jsx[22m
[2m10:13:38[22m [36m[1m[vite][22m[39m [90m[2m(client)[22m[39m [32mhmr update [39m[2m/src/ProductExperience.jsx[22m
[2m10:13:38[22m [36m[1m[vite][22m[39m [90m[2m(client)[22m[39m [32mhmr update [39m[2m/src/main.jsx[22m
[2m10:13:38[22m [36m[1m[vite][22m[39m [90m[2m(client)[22m[39m [32mhmr update [39m[2m/src/styles.css[22m
[2m10:13:39[22m [36m[1m[vite][22m[39m [90m[2m(client)[22m[39m [33mhmr invalidate [39m[2m/src/main.jsx[22m Could not Fast Refresh ("true" export is incompatible). Learn more at https://github.com/vitejs/vite-plugin-react/tree/main/packages/plugin-react#consistent-components-exports
[2m10:13:39[22m [36m[1m[vite][22m[39m [90m[2m(client)[22m[39m [32mpage reload [39m[2msrc/main.jsx[22m
[2m10:21:26[22m [36m[1m[vite][22m[39m [90m[2m(client)[22m[39m [32mpage reload [39m[2mwork/inquiry-smtp-deploy/index.html[22m
[2m10:22:11[22m [36m[1m[vite][22m[39m [90m[2m(client)[22m[39m [32mpage reload [39m[2mwork/inquiry-smtp-deploy/dist/index.html[22m
[2m10:22:11[22m [36m[1m[vite][22m[39m [90m[2m(client)[22m[39m [32mpage reload [39m[2mwork/inquiry-smtp-deploy/dist/index.html[22m
[2m10:22:11[22m [36m[1m[vite][22m[39m [90m[2m(client)[22m[39m [32mpage reload [39m[2mwork/inquiry-smtp-deploy/dist/index.html[22m
[2m10:22:11[22m [36m[1m[vite][22m[39m [90m[2m(client)[22m[39m [32mpage reload [39m[2mwork/inquiry-smtp-deploy/dist/academy/index.html[22m
[2m10:22:11[22m [36m[1m[vite][22m[39m [90m[2m(client)[22m[39m [32mpage reload [39m[2mwork/inquiry-smtp-deploy/dist/about-factory/index.html[22m
[2m10:22:11[22m [36m[1m[vite][22m[39m [90m[2m(client)[22m[39m [32mpage reload [39m[2mwork/inquiry-smtp-deploy/dist/advantages/index.html[22m
[2m10:22:11[22m [36m[1m[vite][22m[39m [90m[2m(client)[22m[39m [32mpage reload [39m[2mwork/inquiry-smtp-deploy/dist/about/index.html[22m
[2m10:22:11[22m [36m[1m[vite][22m[39m [90m[2m(client)[22m[39m [32mpage reload [39m[2mwork/inquiry-smtp-deploy/dist/blog/index.html[22m
[2m10:22:11[22m [36m[1m[vite][22m[39m [90m[2m(client)[22m[39m [32mpage reload [39m[2mwork/inquiry-smtp-deploy/dist/buyer-guides/index.html[22m
[2m10:22:11[22m [36m[1m[vite][22m[39m [90m[2m(client)[22m[39m [32mpage reload [39m[2mwork/inquiry-smtp-deploy/dist/case-studies/index.html[22m
[2m10:22:11[22m [36m[1m[vite][22m[39m [90m[2m(client)[22m[39m [32mpage reload [39m[2mwork/inquiry-smtp-deploy/dist/comparisons/index.html[22m
[2m10:22:11[22m [36m[1m[vite][22m[39m [90m[2m(client)[22m[39m [32mpage reload [39m[2mwork/inquiry-smtp-deploy/dist/certifications/index.html[22m
[2m10:22:11[22m [36m[1m[vite][22m[39m [90m[2m(client)[22m[39m [32mpage reload [39m[2mwork/inquiry-smtp-deploy/dist/blog/adult-underpad-arrival-inspection/index.html[22m
[2m10:22:11[22m [36m[1m[vite][22m[39m [90m[2m(client)[22m[39m [32mpage reload [39m[2mwork/inquiry-smtp-deploy/dist/blog/absorption-speed-vs-capacity-pet-pads/index.html[22m
[2m10:22:11[22m [36m[1m[vite][22m[39m [90m[2m(client)[22m[39m [32mpage reload [39m[2mwork/inquiry-smtp-deploy/dist/blog/adhesive-puppy-pad-backing-options/index.html[22m
[2m10:22:11[22m [36m[1m[vite][22m[39m [90m[2m(client)[22m[39m [32mpage reload [39m[2mwork/inquiry-smtp-deploy/dist/blog/activated-charcoal-pet-pads-buyer-guide/index.html[22m
[2m10:22:11[22m [36m[1m[vite][22m[39m [90m[2m(client)[22m[39m [32mpage reload [39m[2mwork/inquiry-smtp-deploy/dist/blog/adult-underpad-absorbency-specification/index.html[22m
[2m10:22:11[22m [36m[1m[vite][22m[39m [90m[2m(client)[22m[39m [32mpage reload [39m[2mwork/inquiry-smtp-deploy/dist/blog/adult-underpad-size-weight-pack-count/index.html[22m
[2m10:22:11[22m [36m[1m[vite][22m[39m [90m[2m(client)[22m[39m [32mpage reload [39m[2mwork/inquiry-smtp-deploy/dist/blog/adult-disposable-underpad-materials/index.html[22m
[2m10:22:11[22m [36m[1m[vite][22m[39m [90m[2m(client)[22m[39m [32mpage reload [39m[2mwork/inquiry-smtp-deploy/dist/blog/adult-underpad-backing-film-selection/index.html[22m
[2m10:22:11[22m [36m[1m[vite][22m[39m [90m[2m(client)[22m[39m [32mpage reload [39m[2mwork/inquiry-smtp-deploy/dist/blog/adult-underpad-pack-count-tender-planning/index.html[22m
[2m10:22:11[22m [36m[1m[vite][22m[39m [90m[2m(client)[22m[39m [32mpage reload [39m[2mwork/inquiry-smtp-deploy/dist/blog/adult-underpad-quality-inspection/index.html[22m
[2m10:22:11[22m [36m[1m[vite][22m[39m [90m[2m(client)[22m[39m [32mpage reload [39m[2mwork/inquiry-smtp-deploy/dist/blog/annual-pet-product-sourcing-plan/index.html[22m
[2m10:22:11[22m [36m[1m[vite][22m[39m [90m[2m(client)[22m[39m [32mpage reload [39m[2mwork/inquiry-smtp-deploy/dist/blog/automation-pet-pad-manufacturing/index.html[22m
[2m10:22:11[22m [36m[1m[vite][22m[39m [90m[2m(client)[22m[39m [32mpage reload [39m[2mwork/inquiry-smtp-deploy/dist/blog/china-vs-vietnam-pet-product-sourcing/index.html[22m
[2m10:22:11[22m [36m[1m[vite][22m[39m [90m[2m(client)[22m[39m [32mpage reload [39m[2mwork/inquiry-smtp-deploy/dist/blog/choose-pet-product-supplier-long-term/index.html[22m
[2m10:22:11[22m [36m[1m[vite][22m[39m [90m[2m(client)[22m[39m [32mpage reload [39m[2mwork/inquiry-smtp-deploy/dist/blog/adult-underpad-surface-comfort-specification/index.html[22m
[2m10:22:11[22m [36m[1m[vite][22m[39m [90m[2m(client)[22m[39m [32mpage reload [39m[2mwork/inquiry-smtp-deploy/dist/blog/choose-reliable-pet-pad-manufacturer/index.html[22m
[2m10:22:11[22m [36m[1m[vite][22m[39m [90m[2m(client)[22m[39m [32mpage reload [39m[2mwork/inquiry-smtp-deploy/dist/blog/custom-absorbency-targets-oem-pet-pads/index.html[22m
[2m10:22:11[22m [36m[1m[vite][22m[39m [90m[2m(client)[22m[39m [32mpage reload [39m[2mwork/inquiry-smtp-deploy/dist/blog/compostable-dog-poop-bags-due-diligence/index.html[22m
[2m10:22:11[22m [36m[1m[vite][22m[39m [90m[2m(client)[22m[39m [32mpage reload [39m[2mwork/inquiry-smtp-deploy/dist/blog/dog-poop-bag-roll-count-verification/index.html[22m
[2m10:22:11[22m [36m[1m[vite][22m[39m [90m[2m(client)[22m[39m [32mpage reload [39m[2mwork/inquiry-smtp-deploy/dist/blog/dog-waste-bag-perforation-control/index.html[22m
[2m10:22:11[22m [36m[1m[vite][22m[39m [90m[2m(client)[22m[39m [32mpage reload [39m[2mwork/inquiry-smtp-deploy/dist/blog/dog-poop-bag-dispenser-compatibility/index.html[22m
[2m10:22:11[22m [36m[1m[vite][22m[39m [90m[2m(client)[22m[39m [32mpage reload [39m[2mwork/inquiry-smtp-deploy/dist/blog/common-puppy-pad-quality-defects/index.html[22m
[2m10:22:11[22m [36m[1m[vite][22m[39m [90m[2m(client)[22m[39m [32mpage reload [39m[2mwork/inquiry-smtp-deploy/dist/blog/custom-packaging-private-label-pet-pads/index.html[22m
[2m10:22:11[22m [36m[1m[vite][22m[39m [90m[2m(client)[22m[39m [32mpage reload [39m[2mwork/inquiry-smtp-deploy/dist/blog/dog-poop-bag-packaging-options/index.html[22m
[2m10:22:11[22m [36m[1m[vite][22m[39m [90m[2m(client)[22m[39m [32mpage reload [39m[2mwork/inquiry-smtp-deploy/dist/blog/dog-waste-bag-roll-core-sizes/index.html[22m
[2m10:22:11[22m [36m[1m[vite][22m[39m [90m[2m(client)[22m[39m [32mpage reload [39m[2mwork/inquiry-smtp-deploy/dist/blog/dog-waste-bag-scent-selection/index.html[22m
[2m10:22:11[22m [36m[1m[vite][22m[39m [90m[2m(client)[22m[39m [32mpage reload [39m[2mwork/inquiry-smtp-deploy/dist/blog/dog-waste-bag-print-registration/index.html[22m
[2m10:22:11[22m [36m[1m[vite][22m[39m [90m[2m(client)[22m[39m [32mpage reload [39m[2mwork/inquiry-smtp-deploy/dist/blog/demand-forecast-oem-pet-pad-supply/index.html[22m
[2m10:22:11[22m [36m[1m[vite][22m[39m [90m[2m(client)[22m[39m [32mpage reload [39m[2mwork/inquiry-smtp-deploy/dist/blog/ecommerce-private-label-pet-products/index.html[22m
[2m10:22:11[22m [36m[1m[vite][22m[39m [90m[2m(client)[22m[39m [32mpage reload [39m[2mwork/inquiry-smtp-deploy/dist/blog/evaluate-pet-pad-production-capacity/index.html[22m
[2m10:22:11[22m [36m[1m[vite][22m[39m [90m[2m(client)[22m[39m [32mpage reload [39m[2mwork/inquiry-smtp-deploy/dist/blog/evaluate-pet-pad-factory-before-order/index.html[22m
[2m10:22:11[22m [36m[1m[vite][22m[39m [90m[2m(client)[22m[39m [32mpage reload [39m[2mwork/inquiry-smtp-deploy/dist/blog/dog-waste-bag-thickness-tear-resistance/index.html[22m
[2m10:22:11[22m [36m[1m[vite][22m[39m [90m[2m(client)[22m[39m [32mpage reload [39m[2mwork/inquiry-smtp-deploy/dist/blog/evaluate-pet-product-samples/index.html[22m
[2m10:22:11[22m [36m[1m[vite][22m[39m [90m[2m(client)[22m[39m [32mpage reload [39m[2mwork/inquiry-smtp-deploy/dist/blog/factory-business-continuity-review/index.html[22m
[2m10:22:11[22m [36m[1m[vite][22m[39m [90m[2m(client)[22m[39m [32mpage reload [39m[2mwork/inquiry-smtp-deploy/dist/blog/factory-maintenance-audit-pet-products/index.html[22m
[2m10:22:11[22m [36m[1m[vite][22m[39m [90m[2m(client)[22m[39m [32mpage reload [39m[2mwork/inquiry-smtp-deploy/dist/blog/factory-traceability-audit/index.html[22m
[2m10:22:11[22m [36m[1m[vite][22m[39m [90m[2m(client)[22m[39m [32mpage reload [39m[2mwork/inquiry-smtp-deploy/dist/blog/fluff-pulp-absorbent-paper-supply/index.html[22m
[2m10:22:11[22m [36m[1m[vite][22m[39m [90m[2m(client)[22m[39m [32mpage reload [39m[2mwork/inquiry-smtp-deploy/dist/blog/factory-subcontracting-control/index.html[22m
[2m10:22:11[22m [36m[1m[vite][22m[39m [90m[2m(client)[22m[39m [32mpage reload [39m[2mwork/inquiry-smtp-deploy/dist/blog/five-layer-puppy-pad-construction/index.html[22m
[2m10:22:11[22m [36m[1m[vite][22m[39m [90m[2m(client)[22m[39m [32mpage reload [39m[2mwork/inquiry-smtp-deploy/dist/blog/future-oem-pet-product-manufacturing/index.html[22m
[2m10:22:11[22m [36m[1m[vite][22m[39m [90m[2m(client)[22m[39m [32mpage reload [39m[2mwork/inquiry-smtp-deploy/dist/blog/fob-vs-cif-pet-pad-shipments/index.html[22m
[2m10:22:11[22m [36m[1m[vite][22m[39m [90m[2m(client)[22m[39m [32mpage reload [39m[2mwork/inquiry-smtp-deploy/dist/blog/hdpe-vs-ldpe-dog-waste-bags/index.html[22m
[2m10:22:11[22m [36m[1m[vite][22m[39m [90m[2m(client)[22m[39m [32mpage reload [39m[2mwork/inquiry-smtp-deploy/dist/blog/hospital-underpad-procurement-guide/index.html[22m
[2m10:22:11[22m [36m[1m[vite][22m[39m [90m[2m(client)[22m[39m [32mpage reload [39m[2mwork/inquiry-smtp-deploy/dist/blog/how-dog-waste-bags-are-manufactured/index.html[22m
[2m10:22:11[22m [36m[1m[vite][22m[39m [90m[2m(client)[22m[39m [32mpage reload [39m[2mwork/inquiry-smtp-deploy/dist/blog/hot-melt-adhesive-absorbent-products/index.html[22m
[2m10:22:11[22m [36m[1m[vite][22m[39m [90m[2m(client)[22m[39m [32mpage reload [39m[2mwork/inquiry-smtp-deploy/dist/blog/leak-proof-dog-poop-bag-specification/index.html[22m
[2m10:22:11[22m [36m[1m[vite][22m[39m [90m[2m(client)[22m[39m [32mpage reload [39m[2mwork/inquiry-smtp-deploy/dist/blog/how-puppy-pads-are-manufactured/index.html[22m
[2m10:22:11[22m [36m[1m[vite][22m[39m [90m[2m(client)[22m[39m [32mpage reload [39m[2mwork/inquiry-smtp-deploy/dist/blog/imported-pet-product-lead-time/index.html[22m
[2m10:22:11[22m [36m[1m[vite][22m[39m [90m[2m(client)[22m[39m [32mpage reload [39m[2mwork/inquiry-smtp-deploy/dist/blog/global-pet-care-market-oem-buyers/index.html[22m
[2m10:22:11[22m [36m[1m[vite][22m[39m [90m[2m(client)[22m[39m [32mpage reload [39m[2mwork/inquiry-smtp-deploy/dist/blog/multi-sku-pet-pad-range-launch/index.html[22m
[2m10:22:11[22m [36m[1m[vite][22m[39m [90m[2m(client)[22m[39m [32mpage reload [39m[2mwork/inquiry-smtp-deploy/dist/blog/institutional-underpad-supplier-program/index.html[22m
[2m10:22:11[22m [36m[1m[vite][22m[39m [90m[2m(client)[22m[39m [32mpage reload [39m[2mwork/inquiry-smtp-deploy/dist/blog/multi-language-pet-product-packaging/index.html[22m
[2m10:22:11[22m [36m[1m[vite][22m[39m [90m[2m(client)[22m[39m [32mpage reload [39m[2mwork/inquiry-smtp-deploy/dist/blog/nursing-home-underpad-supplier-evaluation/index.html[22m
[2m10:22:11[22m [36m[1m[vite][22m[39m [90m[2m(client)[22m[39m [32mpage reload [39m[2mwork/inquiry-smtp-deploy/dist/blog/incoterms-pet-product-importers/index.html[22m
[2m10:22:11[22m [36m[1m[vite][22m[39m [90m[2m(client)[22m[39m [32mpage reload [39m[2mwork/inquiry-smtp-deploy/dist/blog/leak-proof-pe-backing-puppy-pads/index.html[22m
[2m10:22:11[22m [36m[1m[vite][22m[39m [90m[2m(client)[22m[39m [32mpage reload [39m[2mwork/inquiry-smtp-deploy/dist/blog/nonwoven-basis-weight-pet-pads/index.html[22m
[2m10:22:11[22m [36m[1m[vite][22m[39m [90m[2m(client)[22m[39m [32mpage reload [39m[2mwork/inquiry-smtp-deploy/dist/blog/oem-capacity-allocation-review/index.html[22m
[2m10:22:11[22m [36m[1m[vite][22m[39m [90m[2m(client)[22m[39m [32mpage reload [39m[2mwork/inquiry-smtp-deploy/dist/blog/oem-multi-sku-launch-plan/index.html[22m
[2m10:22:11[22m [36m[1m[vite][22m[39m [90m[2m(client)[22m[39m [32mpage reload [39m[2mwork/inquiry-smtp-deploy/dist/blog/oem-dog-waste-bag-manufacturing/index.html[22m
[2m10:22:11[22m [36m[1m[vite][22m[39m [90m[2m(client)[22m[39m [32mpage reload [39m[2mwork/inquiry-smtp-deploy/dist/blog/oem-adult-underpads-development/index.html[22m
[2m10:22:11[22m [36m[1m[vite][22m[39m [90m[2m(client)[22m[39m [32mpage reload [39m[2mwork/inquiry-smtp-deploy/dist/blog/oem-corrective-action-review/index.html[22m
[2m10:22:11[22m [36m[1m[vite][22m[39m [90m[2m(client)[22m[39m [32mpage reload [39m[2mwork/inquiry-smtp-deploy/dist/blog/oem-pet-pad-contract-manufacturing/index.html[22m
[2m10:22:11[22m [36m[1m[vite][22m[39m [90m[2m(client)[22m[39m [32mpage reload [39m[2mwork/inquiry-smtp-deploy/dist/blog/nda-product-information-oem-sourcing/index.html[22m
[2m10:22:11[22m [36m[1m[vite][22m[39m [90m[2m(client)[22m[39m [32mpage reload [39m[2mwork/inquiry-smtp-deploy/dist/blog/oem-pet-pad-pricing-factors/index.html[22m
[2m10:22:11[22m [36m[1m[vite][22m[39m [90m[2m(client)[22m[39m [32mpage reload [39m[2mwork/inquiry-smtp-deploy/dist/blog/oem-pet-pad-production-timeline/index.html[22m
[2m10:22:11[22m [36m[1m[vite][22m[39m [90m[2m(client)[22m[39m [32mpage reload [39m[2mwork/inquiry-smtp-deploy/dist/blog/oem-pet-pad-product-brief/index.html[22m
[2m10:22:11[22m [36m[1m[vite][22m[39m [90m[2m(client)[22m[39m [32mpage reload [39m[2mwork/inquiry-smtp-deploy/dist/blog/oem-pet-pad-change-control/index.html[22m
[2m10:22:11[22m [36m[1m[vite][22m[39m [90m[2m(client)[22m[39m [32mpage reload [39m[2mwork/inquiry-smtp-deploy/dist/blog/oem-pet-pad-sample-approval-workflow/index.html[22m
[2m10:22:11[22m [36m[1m[vite][22m[39m [90m[2m(client)[22m[39m [32mpage reload [39m[2mwork/inquiry-smtp-deploy/dist/blog/oem-pet-pad-moq-sampling-lead-time/index.html[22m
[2m10:22:11[22m [36m[1m[vite][22m[39m [90m[2m(client)[22m[39m [32mpage reload [39m[2mwork/inquiry-smtp-deploy/dist/blog/oem-pet-pad-supplier-qualification-checklist/index.html[22m
[2m10:22:11[22m [36m[1m[vite][22m[39m [90m[2m(client)[22m[39m [32mpage reload [39m[2mwork/inquiry-smtp-deploy/dist/blog/oem-pet-product-negotiation-tips/index.html[22m
[2m10:22:11[22m [36m[1m[vite][22m[39m [90m[2m(client)[22m[39m [32mpage reload [39m[2mwork/inquiry-smtp-deploy/dist/blog/oem-pilot-order-planning/index.html[22m
[2m10:22:11[22m [36m[1m[vite][22m[39m [90m[2m(client)[22m[39m [32mpage reload [39m[2mwork/inquiry-smtp-deploy/dist/blog/oem-product-change-control/index.html[22m
[2m10:22:11[22m [36m[1m[vite][22m[39m [90m[2m(client)[22m[39m [32mpage reload [39m[2mwork/inquiry-smtp-deploy/dist/blog/oem-project-handoff-to-factory/index.html[22m
[2m10:22:11[22m [36m[1m[vite][22m[39m [90m[2m(client)[22m[39m [32mpage reload [39m[2mwork/inquiry-smtp-deploy/dist/blog/oem-vs-odm-pet-pads-buyers-guide/index.html[22m
[2m10:22:11[22m [36m[1m[vite][22m[39m [90m[2m(client)[22m[39m [32mpage reload [39m[2mwork/inquiry-smtp-deploy/dist/blog/pe-film-backing-adult-underpads/index.html[22m
[2m10:22:11[22m [36m[1m[vite][22m[39m [90m[2m(client)[22m[39m [32mpage reload [39m[2mwork/inquiry-smtp-deploy/dist/blog/pet-care-supply-chain-resilience/index.html[22m
[2m10:22:11[22m [36m[1m[vite][22m[39m [90m[2m(client)[22m[39m [32mpage reload [39m[2mwork/inquiry-smtp-deploy/dist/blog/pe-film-trends-pet-pads-underpads/index.html[22m
[2m10:22:11[22m [36m[1m[vite][22m[39m [90m[2m(client)[22m[39m [32mpage reload [39m[2mwork/inquiry-smtp-deploy/dist/blog/pet-pad-defect-classification/index.html[22m
[2m10:22:11[22m [36m[1m[vite][22m[39m [90m[2m(client)[22m[39m [32mpage reload [39m[2mwork/inquiry-smtp-deploy/dist/blog/pe-film-pinhole-risk-pet-pads/index.html[22m
[2m10:22:11[22m [36m[1m[vite][22m[39m [90m[2m(client)[22m[39m [32mpage reload [39m[2mwork/inquiry-smtp-deploy/dist/blog/pet-pad-container-loading-guide/index.html[22m
[2m10:22:11[22m [36m[1m[vite][22m[39m [90m[2m(client)[22m[39m [32mpage reload [39m[2mwork/inquiry-smtp-deploy/dist/blog/pet-pad-carton-compression-risk/index.html[22m
[2m10:22:11[22m [36m[1m[vite][22m[39m [90m[2m(client)[22m[39m [32mpage reload [39m[2mwork/inquiry-smtp-deploy/dist/blog/pet-pad-edge-seal-quality/index.html[22m
[2m10:22:11[22m [36m[1m[vite][22m[39m [90m[2m(client)[22m[39m [32mpage reload [39m[2mwork/inquiry-smtp-deploy/dist/blog/pet-pad-embossing-pattern-selection/index.html[22m
[2m10:22:11[22m [36m[1m[vite][22m[39m [90m[2m(client)[22m[39m [32mpage reload [39m[2mwork/inquiry-smtp-deploy/dist/blog/pet-pad-factory-audit-remote-and-onsite/index.html[22m
[2m10:22:11[22m [36m[1m[vite][22m[39m [90m[2m(client)[22m[39m [32mpage reload [39m[2mwork/inquiry-smtp-deploy/dist/blog/pet-pad-folding-pack-efficiency/index.html[22m
[2m10:22:11[22m [36m[1m[vite][22m[39m [90m[2m(client)[22m[39m [32mpage reload [39m[2mwork/inquiry-smtp-deploy/dist/blog/pet-pad-edge-sealing-quality/index.html[22m
[2m10:22:11[22m [36m[1m[vite][22m[39m [90m[2m(client)[22m[39m [32mpage reload [39m[2mwork/inquiry-smtp-deploy/dist/blog/pet-pad-embossing-patterns/index.html[22m
[2m10:22:11[22m [36m[1m[vite][22m[39m [90m[2m(client)[22m[39m [32mpage reload [39m[2mwork/inquiry-smtp-deploy/dist/blog/pet-pad-performance-test-methods/index.html[22m
[2m10:22:11[22m [36m[1m[vite][22m[39m [90m[2m(client)[22m[39m [32mpage reload [39m[2mwork/inquiry-smtp-deploy/dist/blog/pet-pad-landed-cost-model-importers/index.html[22m
[2m10:22:11[22m [36m[1m[vite][22m[39m [90m[2m(client)[22m[39m [32mpage reload [39m[2mwork/inquiry-smtp-deploy/dist/blog/pet-pad-pilot-order-planning/index.html[22m
[2m10:22:11[22m [36m[1m[vite][22m[39m [90m[2m(client)[22m[39m [32mpage reload [39m[2mwork/inquiry-smtp-deploy/dist/blog/pet-pad-retained-sample-program/index.html[22m
[2m10:22:11[22m [36m[1m[vite][22m[39m [90m[2m(client)[22m[39m [32mpage reload [39m[2mwork/inquiry-smtp-deploy/dist/blog/pet-pad-factory-quality-control-system/index.html[22m
[2m10:22:11[22m [36m[1m[vite][22m[39m [90m[2m(client)[22m[39m [32mpage reload [39m[2mwork/inquiry-smtp-deploy/dist/blog/pet-pad-repeat-order-consistency/index.html[22m
[2m10:22:11[22m [36m[1m[vite][22m[39m [90m[2m(client)[22m[39m [32mpage reload [39m[2mwork/inquiry-smtp-deploy/dist/blog/pet-pad-packaging-compliance-artwork-checklist/index.html[22m
[2m10:22:11[22m [36m[1m[vite][22m[39m [90m[2m(client)[22m[39m [32mpage reload [39m[2mwork/inquiry-smtp-deploy/dist/blog/pet-pad-technical-specification-sheet/index.html[22m
[2m10:22:11[22m [36m[1m[vite][22m[39m [90m[2m(client)[22m[39m [32mpage reload [39m[2mwork/inquiry-smtp-deploy/dist/blog/pet-pad-quality-control-inspection-plan/index.html[22m
[2m10:22:11[22m [36m[1m[vite][22m[39m [90m[2m(client)[22m[39m [32mpage reload [39m[2mwork/inquiry-smtp-deploy/dist/blog/pet-product-container-moisture-control/index.html[22m
[2m10:22:11[22m [36m[1m[vite][22m[39m [90m[2m(client)[22m[39m [32mpage reload [39m[2mwork/inquiry-smtp-deploy/dist/blog/pet-product-golden-sample-control/index.html[22m
[2m10:22:11[22m [36m[1m[vite][22m[39m [90m[2m(client)[22m[39m [32mpage reload [39m[2mwork/inquiry-smtp-deploy/dist/blog/pet-pad-quality-control-buyers-checklist/index.html[22m
[2m10:22:11[22m [36m[1m[vite][22m[39m [90m[2m(client)[22m[39m [32mpage reload [39m[2mwork/inquiry-smtp-deploy/dist/blog/pet-product-dieline-approval/index.html[22m
[2m10:22:11[22m [36m[1m[vite][22m[39m [90m[2m(client)[22m[39m [32mpage reload [39m[2mwork/inquiry-smtp-deploy/dist/blog/pet-product-export-documents/index.html[22m
[2m10:22:11[22m [36m[1m[vite][22m[39m [90m[2m(client)[22m[39m [32mpage reload [39m[2mwork/inquiry-smtp-deploy/dist/blog/pet-product-factory-tour-checklist/index.html[22m
[2m10:22:11[22m [36m[1m[vite][22m[39m [90m[2m(client)[22m[39m [32mpage reload [39m[2mwork/inquiry-smtp-deploy/dist/blog/pet-product-packaging-trends/index.html[22m
[2m10:22:11[22m [36m[1m[vite][22m[39m [90m[2m(client)[22m[39m [32mpage reload [39m[2mwork/inquiry-smtp-deploy/dist/blog/pet-product-lcl-vs-fcl-decision/index.html[22m
[2m10:22:11[22m [36m[1m[vite][22m[39m [90m[2m(client)[22m[39m [32mpage reload [39m[2mwork/inquiry-smtp-deploy/dist/blog/pet-product-quotation-normalization/index.html[22m
[2m10:22:11[22m [36m[1m[vite][22m[39m [90m[2m(client)[22m[39m [32mpage reload [39m[2mwork/inquiry-smtp-deploy/dist/blog/pet-product-packaging-cost-engineering/index.html[22m
[2m10:22:11[22m [36m[1m[vite][22m[39m [90m[2m(client)[22m[39m [32mpage reload [39m[2mwork/inquiry-smtp-deploy/dist/blog/pet-product-sourcing-priorities-2027/index.html[22m
[2m10:22:11[22m [36m[1m[vite][22m[39m [90m[2m(client)[22m[39m [32mpage reload [39m[2mwork/inquiry-smtp-deploy/dist/blog/pet-product-payment-milestone-plan/index.html[22m
[2m10:22:11[22m [36m[1m[vite][22m[39m [90m[2m(client)[22m[39m [32mpage reload [39m[2mwork/inquiry-smtp-deploy/dist/blog/pet-product-reorder-point-planning/index.html[22m
[2m10:22:11[22m [36m[1m[vite][22m[39m [90m[2m(client)[22m[39m [32mpage reload [39m[2mwork/inquiry-smtp-deploy/dist/blog/pet-product-supplier-scorecard/index.html[22m
[2m10:22:11[22m [36m[1m[vite][22m[39m [90m[2m(client)[22m[39m [32mpage reload [39m[2mwork/inquiry-smtp-deploy/dist/blog/pet-product-supplier-red-flags/index.html[22m
[2m10:22:11[22m [36m[1m[vite][22m[39m [90m[2m(client)[22m[39m [32mpage reload [39m[2mwork/inquiry-smtp-deploy/dist/blog/pet-product-warehouse-export-management/index.html[22m
[2m10:22:11[22m [36m[1m[vite][22m[39m [90m[2m(client)[22m[39m [32mpage reload [39m[2mwork/inquiry-smtp-deploy/dist/blog/printed-backing-film-pet-pads/index.html[22m
[2m10:22:11[22m [36m[1m[vite][22m[39m [90m[2m(client)[22m[39m [32mpage reload [39m[2mwork/inquiry-smtp-deploy/dist/blog/pet-product-shipping-document-checklist/index.html[22m
[2m10:22:11[22m [36m[1m[vite][22m[39m [90m[2m(client)[22m[39m [32mpage reload [39m[2mwork/inquiry-smtp-deploy/dist/blog/private-label-claim-approval-workflow/index.html[22m
[2m10:22:11[22m [36m[1m[vite][22m[39m [90m[2m(client)[22m[39m [32mpage reload [39m[2mwork/inquiry-smtp-deploy/dist/blog/pre-shipment-inspection-pet-care-products/index.html[22m
[2m10:22:11[22m [36m[1m[vite][22m[39m [90m[2m(client)[22m[39m [32mpage reload [39m[2mwork/inquiry-smtp-deploy/dist/blog/private-label-adult-underpad-packaging/index.html[22m
[2m10:22:11[22m [36m[1m[vite][22m[39m [90m[2m(client)[22m[39m [32mpage reload [39m[2mwork/inquiry-smtp-deploy/dist/blog/private-label-barcode-master-data/index.html[22m
[2m10:22:11[22m [36m[1m[vite][22m[39m [90m[2m(client)[22m[39m [32mpage reload [39m[2mwork/inquiry-smtp-deploy/dist/blog/private-label-dog-poop-bags-launch/index.html[22m
[2m10:22:11[22m [36m[1m[vite][22m[39m [90m[2m(client)[22m[39m [32mpage reload [39m[2mwork/inquiry-smtp-deploy/dist/blog/private-label-pet-product-moq-guide/index.html[22m
[2m10:22:11[22m [36m[1m[vite][22m[39m [90m[2m(client)[22m[39m [32mpage reload [39m[2mwork/inquiry-smtp-deploy/dist/blog/private-label-pet-pad-artwork-approval/index.html[22m
[2m10:22:11[22m [36m[1m[vite][22m[39m [90m[2m(client)[22m[39m [32mpage reload [39m[2mwork/inquiry-smtp-deploy/dist/blog/private-label-pet-product-trends/index.html[22m
[2m10:22:11[22m [36m[1m[vite][22m[39m [90m[2m(client)[22m[39m [32mpage reload [39m[2mwork/inquiry-smtp-deploy/dist/blog/private-label-line-extension-planning/index.html[22m
[2m10:22:11[22m [36m[1m[vite][22m[39m [90m[2m(client)[22m[39m [32mpage reload [39m[2mwork/inquiry-smtp-deploy/dist/blog/private-label-pet-training-pads-buyers-guide/index.html[22m
[2m10:22:11[22m [36m[1m[vite][22m[39m [90m[2m(client)[22m[39m [32mpage reload [39m[2mwork/inquiry-smtp-deploy/dist/blog/private-label-pet-pad-launch-timeline/index.html[22m
[2m10:22:11[22m [36m[1m[vite][22m[39m [90m[2m(client)[22m[39m [32mpage reload [39m[2mwork/inquiry-smtp-deploy/dist/blog/puppy-pad-surface-intake-design/index.html[22m
[2m10:22:11[22m [36m[1m[vite][22m[39m [90m[2m(client)[22m[39m [32mpage reload [39m[2mwork/inquiry-smtp-deploy/dist/blog/raw-material-volatility-pet-products/index.html[22m
[2m10:22:11[22m [36m[1m[vite][22m[39m [90m[2m(client)[22m[39m [32mpage reload [39m[2mwork/inquiry-smtp-deploy/dist/blog/private-label-retailer-onboarding/index.html[22m
[2m10:22:11[22m [36m[1m[vite][22m[39m [90m[2m(client)[22m[39m [32mpage reload [39m[2mwork/inquiry-smtp-deploy/dist/blog/reduce-pet-pad-procurement-costs/index.html[22m
[2m10:22:11[22m [36m[1m[vite][22m[39m [90m[2m(client)[22m[39m [32mpage reload [39m[2mwork/inquiry-smtp-deploy/dist/blog/puppy-pad-rewet-testing/index.html[22m
[2m10:22:11[22m [36m[1m[vite][22m[39m [90m[2m(client)[22m[39m [32mpage reload [39m[2mwork/inquiry-smtp-deploy/dist/blog/production-line-maintenance-oem-reliability/index.html[22m
[2m10:22:11[22m [36m[1m[vite][22m[39m [90m[2m(client)[22m[39m [32mpage reload [39m[2mwork/inquiry-smtp-deploy/dist/blog/questions-oem-buyers-ask-pet-pad-factory/index.html[22m
[2m10:22:11[22m [36m[1m[vite][22m[39m [90m[2m(client)[22m[39m [32mpage reload [39m[2mwork/inquiry-smtp-deploy/dist/blog/review-eco-claims-pet-products/index.html[22m
[2m10:22:11[22m [36m[1m[vite][22m[39m [90m[2m(client)[22m[39m [32mpage reload [39m[2mwork/inquiry-smtp-deploy/dist/blog/reduce-pet-product-purchasing-cost/index.html[22m
[2m10:22:11[22m [36m[1m[vite][22m[39m [90m[2m(client)[22m[39m [32mpage reload [39m[2mwork/inquiry-smtp-deploy/dist/blog/retail-pet-pad-size-range/index.html[22m
[2m10:22:11[22m [36m[1m[vite][22m[39m [90m[2m(client)[22m[39m [32mpage reload [39m[2mwork/inquiry-smtp-deploy/dist/blog/resilient-pet-product-supply-chain/index.html[22m
[2m10:22:11[22m [36m[1m[vite][22m[39m [90m[2m(client)[22m[39m [32mpage reload [39m[2mwork/inquiry-smtp-deploy/dist/blog/retail-trends-pet-pad-ranges/index.html[22m
[2m10:22:11[22m [36m[1m[vite][22m[39m [90m[2m(client)[22m[39m [32mpage reload [39m[2mwork/inquiry-smtp-deploy/dist/blog/sap-in-puppy-pads/index.html[22m
[2m10:22:11[22m [36m[1m[vite][22m[39m [90m[2m(client)[22m[39m [32mpage reload [39m[2mwork/inquiry-smtp-deploy/dist/blog/sap-gel-blocking-pet-pads/index.html[22m
[2m10:22:11[22m [36m[1m[vite][22m[39m [90m[2m(client)[22m[39m [32mpage reload [39m[2mwork/inquiry-smtp-deploy/dist/blog/review-pet-product-factory-certificates/index.html[22m
[2m10:22:11[22m [36m[1m[vite][22m[39m [90m[2m(client)[22m[39m [32mpage reload [39m[2mwork/inquiry-smtp-deploy/dist/blog/sap-dosing-consistency-audit/index.html[22m
[2m10:22:11[22m [36m[1m[vite][22m[39m [90m[2m(client)[22m[39m [32mpage reload [39m[2mwork/inquiry-smtp-deploy/dist/blog/sustainability-absorbent-pet-products/index.html[22m
[2m10:22:11[22m [36m[1m[vite][22m[39m [90m[2m(client)[22m[39m [32mpage reload [39m[2mwork/inquiry-smtp-deploy/dist/blog/underpad-skin-contact-surface/index.html[22m
[2m10:22:11[22m [36m[1m[vite][22m[39m [90m[2m(client)[22m[39m [32mpage reload [39m[2mwork/inquiry-smtp-deploy/dist/blog/travel-pet-pad-sourcing-guide/index.html[22m
[2m10:22:11[22m [36m[1m[vite][22m[39m [90m[2m(client)[22m[39m [32mpage reload [39m[2mwork/inquiry-smtp-deploy/dist/blog/virgin-pulp-vs-recycled-pulp-pet-pads/index.html[22m
[2m10:22:11[22m [36m[1m[vite][22m[39m [90m[2m(client)[22m[39m [32mpage reload [39m[2mwork/inquiry-smtp-deploy/dist/blog/what-determines-puppy-pad-absorbency/index.html[22m
[2m10:22:11[22m [36m[1m[vite][22m[39m [90m[2m(client)[22m[39m [32mpage reload [39m[2mwork/inquiry-smtp-deploy/dist/blog/sap-supply-pricing-absorbent-products/index.html[22m
[2m10:22:11[22m [36m[1m[vite][22m[39m [90m[2m(client)[22m[39m [32mpage reload [39m[2mwork/inquiry-smtp-deploy/dist/authors/jczcare-editorial-team/index.html[22m
[2m10:22:11[22m [36m[1m[vite][22m[39m [90m[2m(client)[22m[39m [32mpage reload [39m[2mwork/inquiry-smtp-deploy/dist/blog/scented-vs-unscented-puppy-pads/index.html[22m
[2m10:22:11[22m [36m[1m[vite][22m[39m [90m[2m(client)[22m[39m [32mpage reload [39m[2mwork/inquiry-smtp-deploy/dist/blog/wholesale-dog-waste-bags-cost-moq/index.html[22m
[2m10:22:11[22m [36m[1m[vite][22m[39m [90m[2m(client)[22m[39m [32mpage reload [39m[2mwork/inquiry-smtp-deploy/dist/buyer-guides/adult-underpad-procurement-guide/index.html[22m
[2m10:22:11[22m [36m[1m[vite][22m[39m [90m[2m(client)[22m[39m [32mpage reload [39m[2mwork/inquiry-smtp-deploy/dist/buyer-guides/container-loading-buyer-guide/index.html[22m
[2m10:22:11[22m [36m[1m[vite][22m[39m [90m[2m(client)[22m[39m [32mpage reload [39m[2mwork/inquiry-smtp-deploy/dist/buyer-guides/amazon-private-label-guide/index.html[22m
[2m10:22:11[22m [36m[1m[vite][22m[39m [90m[2m(client)[22m[39m [32mpage reload [39m[2mwork/inquiry-smtp-deploy/dist/buyer-guides/fob-cif-pet-products-guide/index.html[22m
[2m10:22:11[22m [36m[1m[vite][22m[39m [90m[2m(client)[22m[39m [32mpage reload [39m[2mwork/inquiry-smtp-deploy/dist/buyer-guides/first-order-to-repeat-order-guide/index.html[22m
[2m10:22:11[22m [36m[1m[vite][22m[39m [90m[2m(client)[22m[39m [32mpage reload [39m[2mwork/inquiry-smtp-deploy/dist/buyer-guides/multi-supplier-strategy-guide/index.html[22m
[2m10:22:11[22m [36m[1m[vite][22m[39m [90m[2m(client)[22m[39m [32mpage reload [39m[2mwork/inquiry-smtp-deploy/dist/buyer-guides/choose-oem-pet-pad-manufacturer/index.html[22m
[2m10:22:11[22m [36m[1m[vite][22m[39m [90m[2m(client)[22m[39m [32mpage reload [39m[2mwork/inquiry-smtp-deploy/dist/buyer-guides/dog-poop-bag-procurement-guide/index.html[22m
[2m10:22:11[22m [36m[1m[vite][22m[39m [90m[2m(client)[22m[39m [32mpage reload [39m[2mwork/inquiry-smtp-deploy/dist/buyer-guides/oem-pet-product-sourcing-process/index.html[22m
[2m10:22:11[22m [36m[1m[vite][22m[39m [90m[2m(client)[22m[39m [32mpage reload [39m[2mwork/inquiry-smtp-deploy/dist/buyer-guides/landed-cost-pet-products-guide/index.html[22m
[2m10:22:11[22m [36m[1m[vite][22m[39m [90m[2m(client)[22m[39m [32mpage reload [39m[2mwork/inquiry-smtp-deploy/dist/buyer-guides/nonwoven-material-buyer-guide/index.html[22m
[2m10:22:11[22m [36m[1m[vite][22m[39m [90m[2m(client)[22m[39m [32mpage reload [39m[2mwork/inquiry-smtp-deploy/dist/buyer-guides/fluff-pulp-buyer-guide/index.html[22m
[2m10:22:11[22m [36m[1m[vite][22m[39m [90m[2m(client)[22m[39m [32mpage reload [39m[2mwork/inquiry-smtp-deploy/dist/buyer-guides/odm-pet-product-development-guide/index.html[22m
[2m10:22:11[22m [36m[1m[vite][22m[39m [90m[2m(client)[22m[39m [32mpage reload [39m[2mwork/inquiry-smtp-deploy/dist/buyer-guides/oem-lead-time-guide/index.html[22m
[2m10:22:11[22m [36m[1m[vite][22m[39m [90m[2m(client)[22m[39m [32mpage reload [39m[2mwork/inquiry-smtp-deploy/dist/buyer-guides/pet-pad-sample-scorecard/index.html[22m
[2m10:22:11[22m [36m[1m[vite][22m[39m [90m[2m(client)[22m[39m [32mpage reload [39m[2mwork/inquiry-smtp-deploy/dist/buyer-guides/oem-vs-odm-buyer-decision/index.html[22m
[2m10:22:11[22m [36m[1m[vite][22m[39m [90m[2m(client)[22m[39m [32mpage reload [39m[2mwork/inquiry-smtp-deploy/dist/buyer-guides/pe-film-buyer-guide/index.html[22m
[2m10:22:11[22m [36m[1m[vite][22m[39m [90m[2m(client)[22m[39m [32mpage reload [39m[2mwork/inquiry-smtp-deploy/dist/buyer-guides/oem-sampling-guide/index.html[22m
[2m10:22:11[22m [36m[1m[vite][22m[39m [90m[2m(client)[22m[39m [32mpage reload [39m[2mwork/inquiry-smtp-deploy/dist/buyer-guides/pet-pad-factory-audit-checklist/index.html[22m
[2m10:22:11[22m [36m[1m[vite][22m[39m [90m[2m(client)[22m[39m [32mpage reload [39m[2mwork/inquiry-smtp-deploy/dist/buyer-guides/pet-pad-specification-guide/index.html[22m
[2m10:22:11[22m [36m[1m[vite][22m[39m [90m[2m(client)[22m[39m [32mpage reload [39m[2mwork/inquiry-smtp-deploy/dist/buyer-guides/pet-pad-moq-negotiation/index.html[22m
[2m10:22:11[22m [36m[1m[vite][22m[39m [90m[2m(client)[22m[39m [32mpage reload [39m[2mwork/inquiry-smtp-deploy/dist/buyer-guides/pet-product-forecast-guide/index.html[22m
[2m10:22:11[22m [36m[1m[vite][22m[39m [90m[2m(client)[22m[39m [32mpage reload [39m[2mwork/inquiry-smtp-deploy/dist/buyer-guides/pet-product-carton-guide/index.html[22m
[2m10:22:11[22m [36m[1m[vite][22m[39m [90m[2m(client)[22m[39m [32mpage reload [39m[2mwork/inquiry-smtp-deploy/dist/buyer-guides/pet-product-cost-reduction-guide/index.html[22m
[2m10:22:11[22m [36m[1m[vite][22m[39m [90m[2m(client)[22m[39m [32mpage reload [39m[2mwork/inquiry-smtp-deploy/dist/buyer-guides/pet-product-barcode-guide/index.html[22m
[2m10:22:11[22m [36m[1m[vite][22m[39m [90m[2m(client)[22m[39m [32mpage reload [39m[2mwork/inquiry-smtp-deploy/dist/buyer-guides/pet-product-packaging-guide/index.html[22m
[2m10:22:11[22m [36m[1m[vite][22m[39m [90m[2m(client)[22m[39m [32mpage reload [39m[2mwork/inquiry-smtp-deploy/dist/buyer-guides/pet-product-import-document-guide/index.html[22m
[2m10:22:11[22m [36m[1m[vite][22m[39m [90m[2m(client)[22m[39m [32mpage reload [39m[2mwork/inquiry-smtp-deploy/dist/buyer-guides/pet-product-quality-plan/index.html[22m
[2m10:22:11[22m [36m[1m[vite][22m[39m [90m[2m(client)[22m[39m [32mpage reload [39m[2mwork/inquiry-smtp-deploy/dist/buyer-guides/pet-product-supplier-evaluation/index.html[22m
[2m10:22:11[22m [36m[1m[vite][22m[39m [90m[2m(client)[22m[39m [32mpage reload [39m[2mwork/inquiry-smtp-deploy/dist/buyer-guides/pre-shipment-inspection-guide/index.html[22m
[2m10:22:11[22m [36m[1m[vite][22m[39m [90m[2m(client)[22m[39m [32mpage reload [39m[2mwork/inquiry-smtp-deploy/dist/buyer-guides/pet-product-incoterms-guide/index.html[22m
[2m10:22:11[22m [36m[1m[vite][22m[39m [90m[2m(client)[22m[39m [32mpage reload [39m[2mwork/inquiry-smtp-deploy/dist/buyer-guides/private-label-pet-products-launch/index.html[22m
[2m10:22:11[22m [36m[1m[vite][22m[39m [90m[2m(client)[22m[39m [32mpage reload [39m[2mwork/inquiry-smtp-deploy/dist/buyer-guides/private-label-artwork-approval/index.html[22m
[2m10:22:11[22m [36m[1m[vite][22m[39m [90m[2m(client)[22m[39m [32mpage reload [39m[2mwork/inquiry-smtp-deploy/dist/buyer-guides/pet-product-moq-guide/index.html[22m
[2m10:22:11[22m [36m[1m[vite][22m[39m [90m[2m(client)[22m[39m [32mpage reload [39m[2mwork/inquiry-smtp-deploy/dist/buyer-guides/remote-factory-audit-guide/index.html[22m
[2m10:22:11[22m [36m[1m[vite][22m[39m [90m[2m(client)[22m[39m [32mpage reload [39m[2mwork/inquiry-smtp-deploy/dist/buyer-guides/sap-buyer-specification-guide/index.html[22m
[2m10:22:11[22m [36m[1m[vite][22m[39m [90m[2m(client)[22m[39m [32mpage reload [39m[2mwork/inquiry-smtp-deploy/dist/buyer-guides/retail-chain-pet-product-guide/index.html[22m
[2m10:22:11[22m [36m[1m[vite][22m[39m [90m[2m(client)[22m[39m [32mpage reload [39m[2mwork/inquiry-smtp-deploy/dist/buyer-guides/production-schedule-buyer-guide/index.html[22m
[2m10:22:11[22m [36m[1m[vite][22m[39m [90m[2m(client)[22m[39m [32mpage reload [39m[2mwork/inquiry-smtp-deploy/dist/buyer-guides/supplier-corrective-action-guide/index.html[22m
[2m10:22:11[22m [36m[1m[vite][22m[39m [90m[2m(client)[22m[39m [32mpage reload [39m[2mwork/inquiry-smtp-deploy/dist/buyer-guides/supplier-payment-terms-guide/index.html[22m
[2m10:22:11[22m [36m[1m[vite][22m[39m [90m[2m(client)[22m[39m [32mpage reload [39m[2mwork/inquiry-smtp-deploy/dist/sitemap.html[22m
[2m10:22:11[22m [36m[1m[vite][22m[39m [90m[2m(client)[22m[39m [32mpage reload [39m[2mwork/inquiry-smtp-deploy/dist/case-studies/container-optimization/index.html[22m
[2m10:22:11[22m [36m[1m[vite][22m[39m [90m[2m(client)[22m[39m [32mpage reload [39m[2mwork/inquiry-smtp-deploy/dist/case-studies/adult-underpad-rewet-case/index.html[22m
[2m10:22:11[22m [36m[1m[vite][22m[39m [90m[2m(client)[22m[39m [32mpage reload [39m[2mwork/inquiry-smtp-deploy/dist/case-studies/oem-manufacturing-process/index.html[22m
[2m10:22:11[22m [36m[1m[vite][22m[39m [90m[2m(client)[22m[39m [32mpage reload [39m[2mwork/inquiry-smtp-deploy/dist/case-studies/european-private-label-pad-launch/index.html[22m
[2m10:22:11[22m [36m[1m[vite][22m[39m [90m[2m(client)[22m[39m [32mpage reload [39m[2mwork/inquiry-smtp-deploy/dist/case-studies/multi-sku-launch-recovery-case/index.html[22m
[2m10:22:11[22m [36m[1m[vite][22m[39m [90m[2m(client)[22m[39m [32mpage reload [39m[2mwork/inquiry-smtp-deploy/dist/case-studies/european-private-label-launch/index.html[22m
[2m10:22:11[22m [36m[1m[vite][22m[39m [90m[2m(client)[22m[39m [32mpage reload [39m[2mwork/inquiry-smtp-deploy/dist/case-studies/pe-film-pinhole-case/index.html[22m
[2m10:22:11[22m [36m[1m[vite][22m[39m [90m[2m(client)[22m[39m [32mpage reload [39m[2mwork/inquiry-smtp-deploy/dist/case-studies/pet-pad-leakage-improvement-case/index.html[22m
[2m10:22:11[22m [36m[1m[vite][22m[39m [90m[2m(client)[22m[39m [32mpage reload [39m[2mwork/inquiry-smtp-deploy/dist/case-studies/pet-pad-container-utilization-case/index.html[22m
[2m10:22:11[22m [36m[1m[vite][22m[39m [90m[2m(client)[22m[39m [32mpage reload [39m[2mwork/inquiry-smtp-deploy/dist/case-studies/factory-audit-success/index.html[22m
[2m10:22:11[22m [36m[1m[vite][22m[39m [90m[2m(client)[22m[39m [32mpage reload [39m[2mwork/inquiry-smtp-deploy/dist/case-studies/quality-improvement/index.html[22m
[2m10:22:11[22m [36m[1m[vite][22m[39m [90m[2m(client)[22m[39m [32mpage reload [39m[2mwork/inquiry-smtp-deploy/dist/case-studies/poop-bag-roll-count-case/index.html[22m
[2m10:22:11[22m [36m[1m[vite][22m[39m [90m[2m(client)[22m[39m [32mpage reload [39m[2mwork/inquiry-smtp-deploy/dist/case-studies/pet-product-landed-cost-case/index.html[22m
[2m10:22:11[22m [36m[1m[vite][22m[39m [90m[2m(client)[22m[39m [32mpage reload [39m[2mwork/inquiry-smtp-deploy/dist/case-studies/retailer-barcode-case/index.html[22m
[2m10:22:11[22m [36m[1m[vite][22m[39m [90m[2m(client)[22m[39m [32mpage reload [39m[2mwork/inquiry-smtp-deploy/dist/case-studies/supplier-audit-remediation-case/index.html[22m
[2m10:22:11[22m [36m[1m[vite][22m[39m [90m[2m(client)[22m[39m [32mpage reload [39m[2mwork/inquiry-smtp-deploy/dist/case-studies/private-label-packaging-recovery-case/index.html[22m
[2m10:22:11[22m [36m[1m[vite][22m[39m [90m[2m(client)[22m[39m [32mpage reload [39m[2mwork/inquiry-smtp-deploy/dist/case-studies/sap-dosing-variation-case/index.html[22m
[2m10:22:11[22m [36m[1m[vite][22m[39m [90m[2m(client)[22m[39m [32mpage reload [39m[2mwork/inquiry-smtp-deploy/dist/case-studies/warehouse-mixed-carton-case/index.html[22m
[2m10:22:11[22m [36m[1m[vite][22m[39m [90m[2m(client)[22m[39m [32mpage reload [39m[2mwork/inquiry-smtp-deploy/dist/case-studies/landed-cost-reduction-framework/index.html[22m
[2m10:22:11[22m [36m[1m[vite][22m[39m [90m[2m(client)[22m[39m [32mpage reload [39m[2mwork/inquiry-smtp-deploy/dist/case-studies/us-distributor-underpad-program/index.html[22m
[2m10:22:11[22m [36m[1m[vite][22m[39m [90m[2m(client)[22m[39m [32mpage reload [39m[2mwork/inquiry-smtp-deploy/dist/contact/index.html[22m
[2m10:22:11[22m [36m[1m[vite][22m[39m [90m[2m(client)[22m[39m [32mpage reload [39m[2mwork/inquiry-smtp-deploy/dist/customization/index.html[22m
[2m10:22:11[22m [36m[1m[vite][22m[39m [90m[2m(client)[22m[39m [32mpage reload [39m[2mwork/inquiry-smtp-deploy/dist/downloads/index.html[22m
[2m10:22:11[22m [36m[1m[vite][22m[39m [90m[2m(client)[22m[39m [32mpage reload [39m[2mwork/inquiry-smtp-deploy/dist/faq/index.html[22m
[2m10:22:11[22m [36m[1m[vite][22m[39m [90m[2m(client)[22m[39m [32mpage reload [39m[2mwork/inquiry-smtp-deploy/dist/factory/index.html[22m
[2m10:22:11[22m [36m[1m[vite][22m[39m [90m[2m(client)[22m[39m [32mpage reload [39m[2mwork/inquiry-smtp-deploy/dist/materials/index.html[22m
[2m10:22:11[22m [36m[1m[vite][22m[39m [90m[2m(client)[22m[39m [32mpage reload [39m[2mwork/inquiry-smtp-deploy/dist/innovation/index.html[22m
[2m10:22:11[22m [36m[1m[vite][22m[39m [90m[2m(client)[22m[39m [32mpage reload [39m[2mwork/inquiry-smtp-deploy/dist/media/index.html[22m
[2m10:22:11[22m [36m[1m[vite][22m[39m [90m[2m(client)[22m[39m [32mpage reload [39m[2mwork/inquiry-smtp-deploy/dist/news/index.html[22m
[2m10:22:11[22m [36m[1m[vite][22m[39m [90m[2m(client)[22m[39m [32mpage reload [39m[2mwork/inquiry-smtp-deploy/dist/oem-process/index.html[22m
[2m10:22:11[22m [36m[1m[vite][22m[39m [90m[2m(client)[22m[39m [32mpage reload [39m[2mwork/inquiry-smtp-deploy/dist/pet-pad-factory/index.html[22m
[2m10:22:11[22m [36m[1m[vite][22m[39m [90m[2m(client)[22m[39m [32mpage reload [39m[2mwork/inquiry-smtp-deploy/dist/oem-pet-pee-pads/index.html[22m
[2m10:22:11[22m [36m[1m[vite][22m[39m [90m[2m(client)[22m[39m [32mpage reload [39m[2mwork/inquiry-smtp-deploy/dist/pet-pee-pad-manufacturer/index.html[22m
[2m10:22:11[22m [36m[1m[vite][22m[39m [90m[2m(client)[22m[39m [32mpage reload [39m[2mwork/inquiry-smtp-deploy/dist/comparisons/adult-underpads-vs-pet-pads/index.html[22m
[2m10:22:11[22m [36m[1m[vite][22m[39m [90m[2m(client)[22m[39m [32mpage reload [39m[2mwork/inquiry-smtp-deploy/dist/comparisons/annual-contract-vs-spot-buying/index.html[22m
[2m10:22:11[22m [36m[1m[vite][22m[39m [90m[2m(client)[22m[39m [32mpage reload [39m[2mwork/inquiry-smtp-deploy/dist/comparisons/bag-vs-box-pet-pad-packaging/index.html[22m
[2m10:22:11[22m [36m[1m[vite][22m[39m [90m[2m(client)[22m[39m [32mpage reload [39m[2mwork/inquiry-smtp-deploy/dist/comparisons/china-vs-vietnam-manufacturers/index.html[22m
[2m10:22:12[22m [36m[1m[vite][22m[39m [90m[2m(client)[22m[39m [32mpage reload [39m[2mwork/inquiry-smtp-deploy/dist/comparisons/fcl-vs-lcl-pet-products/index.html[22m
[2m10:22:12[22m [36m[1m[vite][22m[39m [90m[2m(client)[22m[39m [32mpage reload [39m[2mwork/inquiry-smtp-deploy/dist/comparisons/air-freight-vs-ocean-freight-samples/index.html[22m
[2m10:22:12[22m [36m[1m[vite][22m[39m [90m[2m(client)[22m[39m [32mpage reload [39m[2mwork/inquiry-smtp-deploy/dist/comparisons/aql-inspection-vs-100-percent-check/index.html[22m
[2m10:22:12[22m [36m[1m[vite][22m[39m [90m[2m(client)[22m[39m [32mpage reload [39m[2mwork/inquiry-smtp-deploy/dist/comparisons/fixed-forecast-vs-rolling-forecast/index.html[22m
[2m10:22:12[22m [36m[1m[vite][22m[39m [90m[2m(client)[22m[39m [32mpage reload [39m[2mwork/inquiry-smtp-deploy/dist/comparisons/domestic-vs-imported-pet-products/index.html[22m
[2m10:22:12[22m [36m[1m[vite][22m[39m [90m[2m(client)[22m[39m [32mpage reload [39m[2mwork/inquiry-smtp-deploy/dist/comparisons/hdpe-vs-biodegradable-bags/index.html[22m
[2m10:22:12[22m [36m[1m[vite][22m[39m [90m[2m(client)[22m[39m [32mpage reload [39m[2mwork/inquiry-smtp-deploy/dist/comparisons/oem-platform-vs-custom-development/index.html[22m
[2m10:22:12[22m [36m[1m[vite][22m[39m [90m[2m(client)[22m[39m [32mpage reload [39m[2mwork/inquiry-smtp-deploy/dist/comparisons/exclusive-formula-vs-open-platform/index.html[22m
[2m10:22:12[22m [36m[1m[vite][22m[39m [90m[2m(client)[22m[39m [32mpage reload [39m[2mwork/inquiry-smtp-deploy/dist/comparisons/one-sku-vs-multi-sku-launch/index.html[22m
[2m10:22:12[22m [36m[1m[vite][22m[39m [90m[2m(client)[22m[39m [32mpage reload [39m[2mwork/inquiry-smtp-deploy/dist/comparisons/direct-factory-vs-trading-company/index.html[22m
[2m10:22:12[22m [36m[1m[vite][22m[39m [90m[2m(client)[22m[39m [32mpage reload [39m[2mwork/inquiry-smtp-deploy/dist/comparisons/pilot-order-vs-full-launch/index.html[22m
[2m10:22:12[22m [36m[1m[vite][22m[39m [90m[2m(client)[22m[39m [32mpage reload [39m[2mwork/inquiry-smtp-deploy/dist/comparisons/oem-vs-odm/index.html[22m
[2m10:22:12[22m [36m[1m[vite][22m[39m [90m[2m(client)[22m[39m [32mpage reload [39m[2mwork/inquiry-smtp-deploy/dist/comparisons/retail-pack-vs-bulk-pack/index.html[22m
[2m10:22:12[22m [36m[1m[vite][22m[39m [90m[2m(client)[22m[39m [32mpage reload [39m[2mwork/inquiry-smtp-deploy/dist/comparisons/high-sap-vs-balanced-core/index.html[22m
[2m10:22:12[22m [36m[1m[vite][22m[39m [90m[2m(client)[22m[39m [32mpage reload [39m[2mwork/inquiry-smtp-deploy/dist/comparisons/manufacturer-standard-vs-buyer-spec/index.html[22m
[2m10:22:12[22m [36m[1m[vite][22m[39m [90m[2m(client)[22m[39m [32mpage reload [39m[2mwork/inquiry-smtp-deploy/dist/comparisons/pre-shipment-vs-arrival-inspection/index.html[22m
[2m10:22:12[22m [36m[1m[vite][22m[39m [90m[2m(client)[22m[39m [32mpage reload [39m[2mwork/inquiry-smtp-deploy/dist/comparisons/sap-vs-fluff-pulp/index.html[22m
[2m10:22:12[22m [36m[1m[vite][22m[39m [90m[2m(client)[22m[39m [32mpage reload [39m[2mwork/inquiry-smtp-deploy/dist/comparisons/private-label-vs-wholesale/index.html[22m
[2m10:22:12[22m [36m[1m[vite][22m[39m [90m[2m(client)[22m[39m [32mpage reload [39m[2mwork/inquiry-smtp-deploy/dist/comparisons/printed-bag-vs-neutral-packaging/index.html[22m
[2m10:22:12[22m [36m[1m[vite][22m[39m [90m[2m(client)[22m[39m [32mpage reload [39m[2mwork/inquiry-smtp-deploy/dist/comparisons/single-supplier-vs-dual-sourcing/index.html[22m
[2m10:22:12[22m [36m[1m[vite][22m[39m [90m[2m(client)[22m[39m [32mpage reload [39m[2mwork/inquiry-smtp-deploy/dist/comparisons/thin-vs-thick-pe-backing/index.html[22m
[2m10:22:12[22m [36m[1m[vite][22m[39m [90m[2m(client)[22m[39m [32mpage reload [39m[2mwork/inquiry-smtp-deploy/dist/comparisons/standard-vs-custom-pet-pad-size/index.html[22m
[2m10:22:12[22m [36m[1m[vite][22m[39m [90m[2m(client)[22m[39m [32mpage reload [39m[2mwork/inquiry-smtp-deploy/dist/comparisons/virgin-vs-recycled-pulp/index.html[22m
[2m10:22:12[22m [36m[1m[vite][22m[39m [90m[2m(client)[22m[39m [32mpage reload [39m[2mwork/inquiry-smtp-deploy/dist/comparisons/spunbond-vs-other-nonwoven/index.html[22m
[2m10:22:12[22m [36m[1m[vite][22m[39m [90m[2m(client)[22m[39m [32mpage reload [39m[2mwork/inquiry-smtp-deploy/dist/comparisons/visual-inspection-vs-performance-testing/index.html[22m
[2m10:22:12[22m [36m[1m[vite][22m[39m [90m[2m(client)[22m[39m [32mpage reload [39m[2mwork/inquiry-smtp-deploy/dist/comparisons/virgin-vs-recycled-packaging/index.html[22m
[2m10:22:12[22m [36m[1m[vite][22m[39m [90m[2m(client)[22m[39m [32mpage reload [39m[2mwork/inquiry-smtp-deploy/dist/private-label-pet-pads/index.html[22m
[2m10:22:12[22m [36m[1m[vite][22m[39m [90m[2m(client)[22m[39m [32mpage reload [39m[2mwork/inquiry-smtp-deploy/dist/projects/index.html[22m
[2m10:22:12[22m [36m[1m[vite][22m[39m [90m[2m(client)[22m[39m [32mpage reload [39m[2mwork/inquiry-smtp-deploy/dist/profile/index.html[22m
[2m10:22:12[22m [36m[1m[vite][22m[39m [90m[2m(client)[22m[39m [32mpage reload [39m[2mwork/inquiry-smtp-deploy/dist/request-product-plan/index.html[22m
[2m10:22:12[22m [36m[1m[vite][22m[39m [90m[2m(client)[22m[39m [32mpage reload [39m[2mwork/inquiry-smtp-deploy/dist/quality-control/index.html[22m
[2m10:22:12[22m [36m[1m[vite][22m[39m [90m[2m(client)[22m[39m [32mpage reload [39m[2mwork/inquiry-smtp-deploy/dist/quality/index.html[22m
[2m10:22:12[22m [36m[1m[vite][22m[39m [90m[2m(client)[22m[39m [32mpage reload [39m[2mwork/inquiry-smtp-deploy/dist/resources/index.html[22m
[2m10:22:12[22m [36m[1m[vite][22m[39m [90m[2m(client)[22m[39m [32mpage reload [39m[2mwork/inquiry-smtp-deploy/dist/reports/index.html[22m
[2m10:22:12[22m [36m[1m[vite][22m[39m [90m[2m(client)[22m[39m [32mpage reload [39m[2mwork/inquiry-smtp-deploy/dist/sign-in/index.html[22m
[2m10:22:12[22m [36m[1m[vite][22m[39m [90m[2m(client)[22m[39m [32mpage reload [39m[2mwork/inquiry-smtp-deploy/dist/blog/category/customization/index.html[22m
[2m10:22:12[22m [36m[1m[vite][22m[39m [90m[2m(client)[22m[39m [32mpage reload [39m[2mwork/inquiry-smtp-deploy/dist/blog/category/adult-underpads/index.html[22m
[2m10:22:12[22m [36m[1m[vite][22m[39m [90m[2m(client)[22m[39m [32mpage reload [39m[2mwork/inquiry-smtp-deploy/dist/blog/category/factory-audit/index.html[22m
[2m10:22:12[22m [36m[1m[vite][22m[39m [90m[2m(client)[22m[39m [32mpage reload [39m[2mwork/inquiry-smtp-deploy/dist/blog/category/import-guide/index.html[22m
[2m10:22:12[22m [36m[1m[vite][22m[39m [90m[2m(client)[22m[39m [32mpage reload [39m[2mwork/inquiry-smtp-deploy/dist/blog/category/materials/index.html[22m
[2m10:22:12[22m [36m[1m[vite][22m[39m [90m[2m(client)[22m[39m [32mpage reload [39m[2mwork/inquiry-smtp-deploy/dist/blog/category/pe-film/index.html[22m
[2m10:22:12[22m [36m[1m[vite][22m[39m [90m[2m(client)[22m[39m [32mpage reload [39m[2mwork/inquiry-smtp-deploy/dist/blog/category/packaging/index.html[22m
[2m10:22:12[22m [36m[1m[vite][22m[39m [90m[2m(client)[22m[39m [32mpage reload [39m[2mwork/inquiry-smtp-deploy/dist/blog/category/dog-poop-bags/index.html[22m
[2m10:22:12[22m [36m[1m[vite][22m[39m [90m[2m(client)[22m[39m [32mpage reload [39m[2mwork/inquiry-smtp-deploy/dist/blog/category/oem-manufacturing/index.html[22m
[2m10:22:12[22m [36m[1m[vite][22m[39m [90m[2m(client)[22m[39m [32mpage reload [39m[2mwork/inquiry-smtp-deploy/dist/blog/category/private-label/index.html[22m
[2m10:22:12[22m [36m[1m[vite][22m[39m [90m[2m(client)[22m[39m [32mpage reload [39m[2mwork/inquiry-smtp-deploy/dist/blog/category/industry-insights/index.html[22m
[2m10:22:12[22m [36m[1m[vite][22m[39m [90m[2m(client)[22m[39m [32mpage reload [39m[2mwork/inquiry-smtp-deploy/dist/blog/category/sap-technology/index.html[22m
[2m10:22:12[22m [36m[1m[vite][22m[39m [90m[2m(client)[22m[39m [32mpage reload [39m[2mwork/inquiry-smtp-deploy/dist/blog/category/shipping/index.html[22m
[2m10:22:12[22m [36m[1m[vite][22m[39m [90m[2m(client)[22m[39m [32mpage reload [39m[2mwork/inquiry-smtp-deploy/dist/blog/category/quality-control/index.html[22m
[2m10:22:12[22m [36m[1m[vite][22m[39m [90m[2m(client)[22m[39m [32mpage reload [39m[2mwork/inquiry-smtp-deploy/dist/blog/category/pet-training-pads/index.html[22m
[2m10:22:12[22m [36m[1m[vite][22m[39m [90m[2m(client)[22m[39m [32mpage reload [39m[2mwork/inquiry-smtp-deploy/dist/faq/customization-faq/index.html[22m
[2m10:22:12[22m [36m[1m[vite][22m[39m [90m[2m(client)[22m[39m [32mpage reload [39m[2mwork/inquiry-smtp-deploy/dist/faq/dog-poop-bag-faq/index.html[22m
[2m10:22:12[22m [36m[1m[vite][22m[39m [90m[2m(client)[22m[39m [32mpage reload [39m[2mwork/inquiry-smtp-deploy/dist/faq/import-procurement-faq/index.html[22m
[2m10:22:12[22m [36m[1m[vite][22m[39m [90m[2m(client)[22m[39m [32mpage reload [39m[2mwork/inquiry-smtp-deploy/dist/faq/pe-film-faq/index.html[22m
[2m10:22:12[22m [36m[1m[vite][22m[39m [90m[2m(client)[22m[39m [32mpage reload [39m[2mwork/inquiry-smtp-deploy/dist/faq/oem-manufacturing-faq/index.html[22m
[2m10:22:12[22m [36m[1m[vite][22m[39m [90m[2m(client)[22m[39m [32mpage reload [39m[2mwork/inquiry-smtp-deploy/dist/faq/factory-audit-faq/index.html[22m
[2m10:22:12[22m [36m[1m[vite][22m[39m [90m[2m(client)[22m[39m [32mpage reload [39m[2mwork/inquiry-smtp-deploy/dist/faq/packaging-faq/index.html[22m
[2m10:22:12[22m [36m[1m[vite][22m[39m [90m[2m(client)[22m[39m [32mpage reload [39m[2mwork/inquiry-smtp-deploy/dist/faq/pet-training-pad-faq/index.html[22m
[2m10:22:12[22m [36m[1m[vite][22m[39m [90m[2m(client)[22m[39m [32mpage reload [39m[2mwork/inquiry-smtp-deploy/dist/faq/materials-faq/index.html[22m
[2m10:22:12[22m [36m[1m[vite][22m[39m [90m[2m(client)[22m[39m [32mpage reload [39m[2mwork/inquiry-smtp-deploy/dist/faq/shipping-faq/index.html[22m
[2m10:22:12[22m [36m[1m[vite][22m[39m [90m[2m(client)[22m[39m [32mpage reload [39m[2mwork/inquiry-smtp-deploy/dist/faq/adult-underpad-faq/index.html[22m
[2m10:22:12[22m [36m[1m[vite][22m[39m [90m[2m(client)[22m[39m [32mpage reload [39m[2mwork/inquiry-smtp-deploy/dist/faq/quality-control-faq/index.html[22m
[2m10:22:12[22m [36m[1m[vite][22m[39m [90m[2m(client)[22m[39m [32mpage reload [39m[2mwork/inquiry-smtp-deploy/dist/factory/certificates/index.html[22m
[2m10:22:12[22m [36m[1m[vite][22m[39m [90m[2m(client)[22m[39m [32mpage reload [39m[2mwork/inquiry-smtp-deploy/dist/factory/factory-continuous-improvement/index.html[22m
[2m10:22:12[22m [36m[1m[vite][22m[39m [90m[2m(client)[22m[39m [32mpage reload [39m[2mwork/inquiry-smtp-deploy/dist/faq/sap-technology-faq/index.html[22m
[2m10:22:12[22m [36m[1m[vite][22m[39m [90m[2m(client)[22m[39m [32mpage reload [39m[2mwork/inquiry-smtp-deploy/dist/faq/private-label-faq/index.html[22m
[2m10:22:12[22m [36m[1m[vite][22m[39m [90m[2m(client)[22m[39m [32mpage reload [39m[2mwork/inquiry-smtp-deploy/dist/factory/factory-line-changeover/index.html[22m
[2m10:22:12[22m [36m[1m[vite][22m[39m [90m[2m(client)[22m[39m [32mpage reload [39m[2mwork/inquiry-smtp-deploy/dist/factory/factory-in-process-inspection/index.html[22m
[2m10:22:12[22m [36m[1m[vite][22m[39m [90m[2m(client)[22m[39m [32mpage reload [39m[2mwork/inquiry-smtp-deploy/dist/factory/factory-export-document-control/index.html[22m
[2m10:22:12[22m [36m[1m[vite][22m[39m [90m[2m(client)[22m[39m [32mpage reload [39m[2mwork/inquiry-smtp-deploy/dist/factory/factory-customer-sample-room/index.html[22m
[2m10:22:12[22m [36m[1m[vite][22m[39m [90m[2m(client)[22m[39m [32mpage reload [39m[2mwork/inquiry-smtp-deploy/dist/factory/factory-preventive-maintenance/index.html[22m
[2m10:22:12[22m [36m[1m[vite][22m[39m [90m[2m(client)[22m[39m [32mpage reload [39m[2mwork/inquiry-smtp-deploy/dist/factory/container-loading/index.html[22m
[2m10:22:12[22m [36m[1m[vite][22m[39m [90m[2m(client)[22m[39m [32mpage reload [39m[2mwork/inquiry-smtp-deploy/dist/factory/production-line/index.html[22m
[2m10:22:12[22m [36m[1m[vite][22m[39m [90m[2m(client)[22m[39m [32mpage reload [39m[2mwork/inquiry-smtp-deploy/dist/factory/factory-pack-count-control/index.html[22m
[2m10:22:12[22m [36m[1m[vite][22m[39m [90m[2m(client)[22m[39m [32mpage reload [39m[2mwork/inquiry-smtp-deploy/dist/factory/factory-material-receiving/index.html[22m
[2m10:22:12[22m [36m[1m[vite][22m[39m [90m[2m(client)[22m[39m [32mpage reload [39m[2mwork/inquiry-smtp-deploy/dist/factory/factory-traceability-system/index.html[22m
[2m10:22:12[22m [36m[1m[vite][22m[39m [90m[2m(client)[22m[39m [32mpage reload [39m[2mwork/inquiry-smtp-deploy/dist/factory/quality-control/index.html[22m
[2m10:22:12[22m [36m[1m[vite][22m[39m [90m[2m(client)[22m[39m [32mpage reload [39m[2mwork/inquiry-smtp-deploy/dist/factory/warehouse/index.html[22m
[2m10:22:12[22m [36m[1m[vite][22m[39m [90m[2m(client)[22m[39m [32mpage reload [39m[2mwork/inquiry-smtp-deploy/dist/factory/packaging/index.html[22m
[2m10:22:12[22m [36m[1m[vite][22m[39m [90m[2m(client)[22m[39m [32mpage reload [39m[2mwork/inquiry-smtp-deploy/dist/factory/testing-laboratory/index.html[22m
[2m10:22:12[22m [36m[1m[vite][22m[39m [90m[2m(client)[22m[39m [32mpage reload [39m[2mwork/inquiry-smtp-deploy/dist/factory/factory-nonconforming-product/index.html[22m
[2m10:22:12[22m [36m[1m[vite][22m[39m [90m[2m(client)[22m[39m [32mpage reload [39m[2mwork/inquiry-smtp-deploy/dist/factory/pe-film/index.html[22m
[2m10:22:12[22m [36m[1m[vite][22m[39m [90m[2m(client)[22m[39m [32mpage reload [39m[2mwork/inquiry-smtp-deploy/dist/factory/sap/index.html[22m
[2m10:22:12[22m [36m[1m[vite][22m[39m [90m[2m(client)[22m[39m [32mpage reload [39m[2mwork/inquiry-smtp-deploy/dist/factory/raw-materials/index.html[22m
[2m10:22:12[22m [36m[1m[vite][22m[39m [90m[2m(client)[22m[39m [32mpage reload [39m[2mwork/inquiry-smtp-deploy/dist/materials/absorbent-paper-core/index.html[22m
[2m10:22:12[22m [36m[1m[vite][22m[39m [90m[2m(client)[22m[39m [32mpage reload [39m[2mwork/inquiry-smtp-deploy/dist/materials/adhesive-backing-strips/index.html[22m
[2m10:22:12[22m [36m[1m[vite][22m[39m [90m[2m(client)[22m[39m [32mpage reload [39m[2mwork/inquiry-smtp-deploy/dist/materials/charcoal-odor-control-layer/index.html[22m
[2m10:22:12[22m [36m[1m[vite][22m[39m [90m[2m(client)[22m[39m [32mpage reload [39m[2mwork/inquiry-smtp-deploy/dist/materials/acquisition-distribution-layer/index.html[22m
[2m10:22:12[22m [36m[1m[vite][22m[39m [90m[2m(client)[22m[39m [32mpage reload [39m[2mwork/inquiry-smtp-deploy/dist/materials/color-masterbatch-film/index.html[22m
[2m10:22:12[22m [36m[1m[vite][22m[39m [90m[2m(client)[22m[39m [32mpage reload [39m[2mwork/inquiry-smtp-deploy/dist/materials/corrugated-export-cartons/index.html[22m
[2m10:22:12[22m [36m[1m[vite][22m[39m [90m[2m(client)[22m[39m [32mpage reload [39m[2mwork/inquiry-smtp-deploy/dist/materials/fluff-pulp-absorbent-core/index.html[22m
[2m10:22:12[22m [36m[1m[vite][22m[39m [90m[2m(client)[22m[39m [32mpage reload [39m[2mwork/inquiry-smtp-deploy/dist/materials/pe-backing-film/index.html[22m
[2m10:22:12[22m [36m[1m[vite][22m[39m [90m[2m(client)[22m[39m [32mpage reload [39m[2mwork/inquiry-smtp-deploy/dist/materials/super-absorbent-polymer/index.html[22m
[2m10:22:12[22m [36m[1m[vite][22m[39m [90m[2m(client)[22m[39m [32mpage reload [39m[2mwork/inquiry-smtp-deploy/dist/materials/paper-and-plastic-roll-cores/index.html[22m
[2m10:22:12[22m [36m[1m[vite][22m[39m [90m[2m(client)[22m[39m [32mpage reload [39m[2mwork/inquiry-smtp-deploy/dist/materials/printed-pe-film/index.html[22m
[2m10:22:12[22m [36m[1m[vite][22m[39m [90m[2m(client)[22m[39m [32mpage reload [39m[2mwork/inquiry-smtp-deploy/dist/materials/hot-melt-adhesive/index.html[22m
[2m10:22:12[22m [36m[1m[vite][22m[39m [90m[2m(client)[22m[39m [32mpage reload [39m[2mwork/inquiry-smtp-deploy/dist/materials/nonwoven-topsheet/index.html[22m
[2m10:22:12[22m [36m[1m[vite][22m[39m [90m[2m(client)[22m[39m [32mpage reload [39m[2mwork/inquiry-smtp-deploy/dist/materials/embossing-technology/index.html[22m
[2m10:22:12[22m [36m[1m[vite][22m[39m [90m[2m(client)[22m[39m [32mpage reload [39m[2mwork/inquiry-smtp-deploy/dist/materials/tissue-distribution-layer/index.html[22m
[2m10:22:12[22m [36m[1m[vite][22m[39m [90m[2m(client)[22m[39m [32mpage reload [39m[2mwork/inquiry-smtp-deploy/dist/pages/affiliates/index.html[22m
[2m10:22:12[22m [36m[1m[vite][22m[39m [90m[2m(client)[22m[39m [32mpage reload [39m[2mwork/inquiry-smtp-deploy/dist/pages/give-back/index.html[22m
[2m10:22:12[22m [36m[1m[vite][22m[39m [90m[2m(client)[22m[39m [32mpage reload [39m[2mwork/inquiry-smtp-deploy/dist/pages/gift-cards/index.html[22m
[2m10:22:12[22m [36m[1m[vite][22m[39m [90m[2m(client)[22m[39m [32mpage reload [39m[2mwork/inquiry-smtp-deploy/dist/pages/help/index.html[22m
[2m10:22:12[22m [36m[1m[vite][22m[39m [90m[2m(client)[22m[39m [32mpage reload [39m[2mwork/inquiry-smtp-deploy/dist/pages/investor-relations/index.html[22m
[2m10:22:12[22m [36m[1m[vite][22m[39m [90m[2m(client)[22m[39m [32mpage reload [39m[2mwork/inquiry-smtp-deploy/dist/pages/about/index.html[22m
[2m10:22:12[22m [36m[1m[vite][22m[39m [90m[2m(client)[22m[39m [32mpage reload [39m[2mwork/inquiry-smtp-deploy/dist/pages/learn/index.html[22m
[2m10:22:12[22m [36m[1m[vite][22m[39m [90m[2m(client)[22m[39m [32mpage reload [39m[2mwork/inquiry-smtp-deploy/dist/pages/news/index.html[22m
[2m10:22:12[22m [36m[1m[vite][22m[39m [90m[2m(client)[22m[39m [32mpage reload [39m[2mwork/inquiry-smtp-deploy/dist/products/adhesive-pet-pads/index.html[22m
[2m10:22:12[22m [36m[1m[vite][22m[39m [90m[2m(client)[22m[39m [32mpage reload [39m[2mwork/inquiry-smtp-deploy/dist/products/disposable-pet-pads/index.html[22m
[2m10:22:12[22m [36m[1m[vite][22m[39m [90m[2m(client)[22m[39m [32mpage reload [39m[2mwork/inquiry-smtp-deploy/dist/products/adult-underpads/index.html[22m
[2m10:22:12[22m [36m[1m[vite][22m[39m [90m[2m(client)[22m[39m [32mpage reload [39m[2mwork/inquiry-smtp-deploy/dist/products/custom-pet-waste-bags/index.html[22m
[2m10:22:12[22m [36m[1m[vite][22m[39m [90m[2m(client)[22m[39m [32mpage reload [39m[2mwork/inquiry-smtp-deploy/dist/products/pet-absorbent-paper-sheets/index.html[22m
[2m10:22:12[22m [36m[1m[vite][22m[39m [90m[2m(client)[22m[39m [32mpage reload [39m[2mwork/inquiry-smtp-deploy/dist/region/austria/index.html[22m
[2m10:22:12[22m [36m[1m[vite][22m[39m [90m[2m(client)[22m[39m [32mpage reload [39m[2mwork/inquiry-smtp-deploy/dist/products/charcoal-pet-pads/index.html[22m
[2m10:22:12[22m [36m[1m[vite][22m[39m [90m[2m(client)[22m[39m [32mpage reload [39m[2mwork/inquiry-smtp-deploy/dist/region/belgium/index.html[22m
[2m10:22:12[22m [36m[1m[vite][22m[39m [90m[2m(client)[22m[39m [32mpage reload [39m[2mwork/inquiry-smtp-deploy/dist/products/pet-care-pad-glove-wipes/index.html[22m
[2m10:22:12[22m [36m[1m[vite][22m[39m [90m[2m(client)[22m[39m [32mpage reload [39m[2mwork/inquiry-smtp-deploy/dist/region/denmark/index.html[22m
[2m10:22:12[22m [36m[1m[vite][22m[39m [90m[2m(client)[22m[39m [32mpage reload [39m[2mwork/inquiry-smtp-deploy/dist/region/canada/index.html[22m
[2m10:22:12[22m [36m[1m[vite][22m[39m [90m[2m(client)[22m[39m [32mpage reload [39m[2mwork/inquiry-smtp-deploy/dist/region/finland/index.html[22m
[2m10:22:12[22m [36m[1m[vite][22m[39m [90m[2m(client)[22m[39m [32mpage reload [39m[2mwork/inquiry-smtp-deploy/dist/region/france/index.html[22m
[2m10:22:12[22m [36m[1m[vite][22m[39m [90m[2m(client)[22m[39m [32mpage reload [39m[2mwork/inquiry-smtp-deploy/dist/region/germany/index.html[22m
[2m10:22:12[22m [36m[1m[vite][22m[39m [90m[2m(client)[22m[39m [32mpage reload [39m[2mwork/inquiry-smtp-deploy/dist/region/norway/index.html[22m
[2m10:22:12[22m [36m[1m[vite][22m[39m [90m[2m(client)[22m[39m [32mpage reload [39m[2mwork/inquiry-smtp-deploy/dist/region/ireland/index.html[22m
[2m10:22:12[22m [36m[1m[vite][22m[39m [90m[2m(client)[22m[39m [32mpage reload [39m[2mwork/inquiry-smtp-deploy/dist/region/poland/index.html[22m
[2m10:22:12[22m [36m[1m[vite][22m[39m [90m[2m(client)[22m[39m [32mpage reload [39m[2mwork/inquiry-smtp-deploy/dist/region/italy/index.html[22m
[2m10:22:12[22m [36m[1m[vite][22m[39m [90m[2m(client)[22m[39m [32mpage reload [39m[2mwork/inquiry-smtp-deploy/dist/region/netherlands/index.html[22m
[2m10:22:12[22m [36m[1m[vite][22m[39m [90m[2m(client)[22m[39m [32mpage reload [39m[2mwork/inquiry-smtp-deploy/dist/region/sweden/index.html[22m
[2m10:22:12[22m [36m[1m[vite][22m[39m [90m[2m(client)[22m[39m [32mpage reload [39m[2mwork/inquiry-smtp-deploy/dist/region/spain/index.html[22m
[2m10:22:12[22m [36m[1m[vite][22m[39m [90m[2m(client)[22m[39m [32mpage reload [39m[2mwork/inquiry-smtp-deploy/dist/region/portugal/index.html[22m
[2m10:22:12[22m [36m[1m[vite][22m[39m [90m[2m(client)[22m[39m [32mpage reload [39m[2mwork/inquiry-smtp-deploy/dist/region/united-kingdom/index.html[22m
[2m10:22:12[22m [36m[1m[vite][22m[39m [90m[2m(client)[22m[39m [32mpage reload [39m[2mwork/inquiry-smtp-deploy/dist/resources/container-loading-planner/index.html[22m
[2m10:22:12[22m [36m[1m[vite][22m[39m [90m[2m(client)[22m[39m [32mpage reload [39m[2mwork/inquiry-smtp-deploy/dist/region/united-states/index.html[22m
[2m10:22:12[22m [36m[1m[vite][22m[39m [90m[2m(client)[22m[39m [32mpage reload [39m[2mwork/inquiry-smtp-deploy/dist/region/switzerland/index.html[22m
[2m10:22:12[22m [36m[1m[vite][22m[39m [90m[2m(client)[22m[39m [32mpage reload [39m[2mwork/inquiry-smtp-deploy/dist/resources/dog-poop-bag-specification-template/index.html[22m
[2m10:22:12[22m [36m[1m[vite][22m[39m [90m[2m(client)[22m[39m [32mpage reload [39m[2mwork/inquiry-smtp-deploy/dist/resources/adult-underpad-specification-template/index.html[22m
[2m10:22:12[22m [36m[1m[vite][22m[39m [90m[2m(client)[22m[39m [32mpage reload [39m[2mwork/inquiry-smtp-deploy/dist/resources/landed-cost-calculator-guide/index.html[22m
[2m10:22:12[22m [36m[1m[vite][22m[39m [90m[2m(client)[22m[39m [32mpage reload [39m[2mwork/inquiry-smtp-deploy/dist/resources/oem-project-brief-template/index.html[22m
[2m10:22:12[22m [36m[1m[vite][22m[39m [90m[2m(client)[22m[39m [32mpage reload [39m[2mwork/inquiry-smtp-deploy/dist/resources/packaging-artwork-checklist/index.html[22m
[2m10:22:12[22m [36m[1m[vite][22m[39m [90m[2m(client)[22m[39m [32mpage reload [39m[2mwork/inquiry-smtp-deploy/dist/resources/pre-shipment-inspection-checklist/index.html[22m
[2m10:22:12[22m [36m[1m[vite][22m[39m [90m[2m(client)[22m[39m [32mpage reload [39m[2mwork/inquiry-smtp-deploy/dist/resources/sample-evaluation-scorecard/index.html[22m
[2m10:22:12[22m [36m[1m[vite][22m[39m [90m[2m(client)[22m[39m [32mpage reload [39m[2mwork/inquiry-smtp-deploy/dist/reports/absorbent-materials-supply-report/index.html[22m
[2m10:22:12[22m [36m[1m[vite][22m[39m [90m[2m(client)[22m[39m [32mpage reload [39m[2mwork/inquiry-smtp-deploy/dist/resources/pet-pad-specification-template/index.html[22m
[2m10:22:12[22m [36m[1m[vite][22m[39m [90m[2m(client)[22m[39m [32mpage reload [39m[2mwork/inquiry-smtp-deploy/dist/reports/pet-care-sustainability-claims-report/index.html[22m
[2m10:22:12[22m [36m[1m[vite][22m[39m [90m[2m(client)[22m[39m [32mpage reload [39m[2mwork/inquiry-smtp-deploy/dist/resources/supplier-audit-checklist-download/index.html[22m
[2m10:22:12[22m [36m[1m[vite][22m[39m [90m[2m(client)[22m[39m [32mpage reload [39m[2mwork/inquiry-smtp-deploy/dist/reports/oem-manufacturing-risk-report/index.html[22m
[2m10:22:12[22m [36m[1m[vite][22m[39m [90m[2m(client)[22m[39m [32mpage reload [39m[2mwork/inquiry-smtp-deploy/dist/reports/global-pet-pad-market-procurement-report/index.html[22m
[2m10:22:12[22m [36m[1m[vite][22m[39m [90m[2m(client)[22m[39m [32mpage reload [39m[2mwork/inquiry-smtp-deploy/dist/reports/pet-product-logistics-resilience-report/index.html[22m
[2m10:22:12[22m [36m[1m[vite][22m[39m [90m[2m(client)[22m[39m [32mpage reload [39m[2mwork/inquiry-smtp-deploy/dist/reports/pet-product-packaging-trends-report/index.html[22m
[2m10:22:12[22m [36m[1m[vite][22m[39m [90m[2m(client)[22m[39m [32mpage reload [39m[2mwork/inquiry-smtp-deploy/dist/reports/pet-product-procurement-outlook-report/index.html[22m
[2m10:22:12[22m [36m[1m[vite][22m[39m [90m[2m(client)[22m[39m [32mpage reload [39m[2mwork/inquiry-smtp-deploy/dist/reports/private-label-pet-products-trends-report/index.html[22m
[2m10:22:12[22m [36m[1m[vite][22m[39m [90m[2m(client)[22m[39m [32mpage reload [39m[2mwork/inquiry-smtp-deploy/dist/reports/pet-product-quality-benchmark-report/index.html[22m
[2m10:22:12[22m [36m[1m[vite][22m[39m [90m[2m(client)[22m[39m [32mpage reload [39m[2mwork/inquiry-smtp-deploy/dist/reports/pet-product-retail-readiness-report/index.html[22m
[2m10:22:12[22m [36m[1m[vite][22m[39m [90m[2m(client)[22m[39m [32mpage reload [39m[2mwork/inquiry-smtp-deploy/dist/pages/news/absorbent-core-development-notes/index.html[22m
[2m10:22:12[22m [36m[1m[vite][22m[39m [90m[2m(client)[22m[39m [32mpage reload [39m[2mwork/inquiry-smtp-deploy/dist/pages/news/factory-visual-content-for-b2b-brands/index.html[22m
[2m10:22:12[22m [36m[1m[vite][22m[39m [90m[2m(client)[22m[39m [32mpage reload [39m[2mwork/inquiry-smtp-deploy/dist/pages/news/private-label-pet-pad-ideas/index.html[22m
[2m10:32:57[22m [36m[1m[vite][22m[39m [90m[2m(client)[22m[39m [32mhmr update [39m[2m/src/ProductExperience.jsx[22m
[2m10:32:57[22m [36m[1m[vite][22m[39m [90m[2m(client)[22m[39m [32mhmr update [39m[2m/src/styles.css[22m
[2m10:33:33[22m [36m[1m[vite][22m[39m [90m[2m(client)[22m[39m [32mpage reload [39m[2mwork/inquiry-smtp-deploy/dist/about/index.html[22m
[2m10:33:33[22m [36m[1m[vite][22m[39m [90m[2m(client)[22m[39m [32mpage reload [39m[2mwork/inquiry-smtp-deploy/dist/about-factory/index.html[22m
[2m10:33:33[22m [36m[1m[vite][22m[39m [90m[2m(client)[22m[39m [32mpage reload [39m[2mwork/inquiry-smtp-deploy/dist/academy/index.html[22m
[2m10:33:33[22m [36m[1m[vite][22m[39m [90m[2m(client)[22m[39m [32mpage reload [39m[2mwork/inquiry-smtp-deploy/dist/advantages/index.html[22m
[2m10:33:33[22m [36m[1m[vite][22m[39m [90m[2m(client)[22m[39m [32mpage reload [39m[2mwork/inquiry-smtp-deploy/dist/authors/jczcare-editorial-team/index.html[22m
[2m10:33:33[22m [36m[1m[vite][22m[39m [90m[2m(client)[22m[39m [32mpage reload [39m[2mwork/inquiry-smtp-deploy/dist/blog/absorption-speed-vs-capacity-pet-pads/index.html[22m
[2m10:33:33[22m [36m[1m[vite][22m[39m [90m[2m(client)[22m[39m [32mpage reload [39m[2mwork/inquiry-smtp-deploy/dist/blog/activated-charcoal-pet-pads-buyer-guide/index.html[22m
[2m10:33:33[22m [36m[1m[vite][22m[39m [90m[2m(client)[22m[39m [32mpage reload [39m[2mwork/inquiry-smtp-deploy/dist/blog/adhesive-puppy-pad-backing-options/index.html[22m
[2m10:33:33[22m [36m[1m[vite][22m[39m [90m[2m(client)[22m[39m [32mpage reload [39m[2mwork/inquiry-smtp-deploy/dist/blog/adult-disposable-underpad-materials/index.html[22m
[2m10:33:33[22m [36m[1m[vite][22m[39m [90m[2m(client)[22m[39m [32mpage reload [39m[2mwork/inquiry-smtp-deploy/dist/blog/adult-underpad-absorbency-specification/index.html[22m
[2m10:33:33[22m [36m[1m[vite][22m[39m [90m[2m(client)[22m[39m [32mpage reload [39m[2mwork/inquiry-smtp-deploy/dist/blog/adult-underpad-arrival-inspection/index.html[22m
[2m10:33:33[22m [36m[1m[vite][22m[39m [90m[2m(client)[22m[39m [32mpage reload [39m[2mwork/inquiry-smtp-deploy/dist/blog/adult-underpad-backing-film-selection/index.html[22m
[2m10:33:33[22m [36m[1m[vite][22m[39m [90m[2m(client)[22m[39m [32mpage reload [39m[2mwork/inquiry-smtp-deploy/dist/blog/adult-underpad-quality-inspection/index.html[22m
[2m10:33:33[22m [36m[1m[vite][22m[39m [90m[2m(client)[22m[39m [32mpage reload [39m[2mwork/inquiry-smtp-deploy/dist/blog/adult-underpad-surface-comfort-specification/index.html[22m
[2m10:33:33[22m [36m[1m[vite][22m[39m [90m[2m(client)[22m[39m [32mpage reload [39m[2mwork/inquiry-smtp-deploy/dist/blog/adult-underpad-size-weight-pack-count/index.html[22m
[2m10:33:33[22m [36m[1m[vite][22m[39m [90m[2m(client)[22m[39m [32mpage reload [39m[2mwork/inquiry-smtp-deploy/dist/blog/adult-underpad-pack-count-tender-planning/index.html[22m
[2m10:33:33[22m [36m[1m[vite][22m[39m [90m[2m(client)[22m[39m [32mpage reload [39m[2mwork/inquiry-smtp-deploy/dist/blog/annual-pet-product-sourcing-plan/index.html[22m
[2m10:33:33[22m [36m[1m[vite][22m[39m [90m[2m(client)[22m[39m [32mpage reload [39m[2mwork/inquiry-smtp-deploy/dist/blog/category/customization/index.html[22m
[2m10:33:33[22m [36m[1m[vite][22m[39m [90m[2m(client)[22m[39m [32mpage reload [39m[2mwork/inquiry-smtp-deploy/dist/blog/category/adult-underpads/index.html[22m
[2m10:33:33[22m [36m[1m[vite][22m[39m [90m[2m(client)[22m[39m [32mpage reload [39m[2mwork/inquiry-smtp-deploy/dist/blog/category/factory-audit/index.html[22m
[2m10:33:33[22m [36m[1m[vite][22m[39m [90m[2m(client)[22m[39m [32mpage reload [39m[2mwork/inquiry-smtp-deploy/dist/blog/category/materials/index.html[22m
[2m10:33:33[22m [36m[1m[vite][22m[39m [90m[2m(client)[22m[39m [32mpage reload [39m[2mwork/inquiry-smtp-deploy/dist/blog/category/import-guide/index.html[22m
[2m10:33:33[22m [36m[1m[vite][22m[39m [90m[2m(client)[22m[39m [32mpage reload [39m[2mwork/inquiry-smtp-deploy/dist/blog/category/packaging/index.html[22m
[2m10:33:33[22m [36m[1m[vite][22m[39m [90m[2m(client)[22m[39m [32mpage reload [39m[2mwork/inquiry-smtp-deploy/dist/blog/category/pe-film/index.html[22m
[2m10:33:33[22m [36m[1m[vite][22m[39m [90m[2m(client)[22m[39m [32mpage reload [39m[2mwork/inquiry-smtp-deploy/dist/blog/category/oem-manufacturing/index.html[22m
[2m10:33:33[22m [36m[1m[vite][22m[39m [90m[2m(client)[22m[39m [32mpage reload [39m[2mwork/inquiry-smtp-deploy/dist/blog/category/dog-poop-bags/index.html[22m
[2m10:33:33[22m [36m[1m[vite][22m[39m [90m[2m(client)[22m[39m [32mpage reload [39m[2mwork/inquiry-smtp-deploy/dist/blog/category/industry-insights/index.html[22m
[2m10:33:33[22m [36m[1m[vite][22m[39m [90m[2m(client)[22m[39m [32mpage reload [39m[2mwork/inquiry-smtp-deploy/dist/blog/category/private-label/index.html[22m
[2m10:33:33[22m [36m[1m[vite][22m[39m [90m[2m(client)[22m[39m [32mpage reload [39m[2mwork/inquiry-smtp-deploy/dist/blog/category/pet-training-pads/index.html[22m
[2m10:33:33[22m [36m[1m[vite][22m[39m [90m[2m(client)[22m[39m [32mpage reload [39m[2mwork/inquiry-smtp-deploy/dist/blog/category/quality-control/index.html[22m
[2m10:33:33[22m [36m[1m[vite][22m[39m [90m[2m(client)[22m[39m [32mpage reload [39m[2mwork/inquiry-smtp-deploy/dist/blog/category/sap-technology/index.html[22m
[2m10:33:33[22m [36m[1m[vite][22m[39m [90m[2m(client)[22m[39m [32mpage reload [39m[2mwork/inquiry-smtp-deploy/dist/blog/category/shipping/index.html[22m
[2m10:33:33[22m [36m[1m[vite][22m[39m [90m[2m(client)[22m[39m [32mpage reload [39m[2mwork/inquiry-smtp-deploy/dist/blog/automation-pet-pad-manufacturing/index.html[22m
[2m10:33:33[22m [36m[1m[vite][22m[39m [90m[2m(client)[22m[39m [32mpage reload [39m[2mwork/inquiry-smtp-deploy/dist/blog/china-vs-vietnam-pet-product-sourcing/index.html[22m
[2m10:33:33[22m [36m[1m[vite][22m[39m [90m[2m(client)[22m[39m [32mpage reload [39m[2mwork/inquiry-smtp-deploy/dist/blog/choose-reliable-pet-pad-manufacturer/index.html[22m
[2m10:33:33[22m [36m[1m[vite][22m[39m [90m[2m(client)[22m[39m [32mpage reload [39m[2mwork/inquiry-smtp-deploy/dist/blog/choose-pet-product-supplier-long-term/index.html[22m
[2m10:33:33[22m [36m[1m[vite][22m[39m [90m[2m(client)[22m[39m [32mpage reload [39m[2mwork/inquiry-smtp-deploy/dist/blog/custom-absorbency-targets-oem-pet-pads/index.html[22m
[2m10:33:33[22m [36m[1m[vite][22m[39m [90m[2m(client)[22m[39m [32mpage reload [39m[2mwork/inquiry-smtp-deploy/dist/blog/common-puppy-pad-quality-defects/index.html[22m
[2m10:33:33[22m [36m[1m[vite][22m[39m [90m[2m(client)[22m[39m [32mpage reload [39m[2mwork/inquiry-smtp-deploy/dist/blog/compostable-dog-poop-bags-due-diligence/index.html[22m
[2m10:33:33[22m [36m[1m[vite][22m[39m [90m[2m(client)[22m[39m [32mpage reload [39m[2mwork/inquiry-smtp-deploy/dist/blog/dog-poop-bag-roll-count-verification/index.html[22m
[2m10:33:33[22m [36m[1m[vite][22m[39m [90m[2m(client)[22m[39m [32mpage reload [39m[2mwork/inquiry-smtp-deploy/dist/blog/custom-packaging-private-label-pet-pads/index.html[22m
[2m10:33:33[22m [36m[1m[vite][22m[39m [90m[2m(client)[22m[39m [32mpage reload [39m[2mwork/inquiry-smtp-deploy/dist/blog/dog-waste-bag-perforation-control/index.html[22m
[2m10:33:33[22m [36m[1m[vite][22m[39m [90m[2m(client)[22m[39m [32mpage reload [39m[2mwork/inquiry-smtp-deploy/dist/blog/dog-poop-bag-dispenser-compatibility/index.html[22m
[2m10:33:33[22m [36m[1m[vite][22m[39m [90m[2m(client)[22m[39m [32mpage reload [39m[2mwork/inquiry-smtp-deploy/dist/blog/demand-forecast-oem-pet-pad-supply/index.html[22m
[2m10:33:33[22m [36m[1m[vite][22m[39m [90m[2m(client)[22m[39m [32mpage reload [39m[2mwork/inquiry-smtp-deploy/dist/blog/dog-poop-bag-packaging-options/index.html[22m
[2m10:33:33[22m [36m[1m[vite][22m[39m [90m[2m(client)[22m[39m [32mpage reload [39m[2mwork/inquiry-smtp-deploy/dist/blog/dog-waste-bag-print-registration/index.html[22m
[2m10:33:33[22m [36m[1m[vite][22m[39m [90m[2m(client)[22m[39m [32mpage reload [39m[2mwork/inquiry-smtp-deploy/dist/blog/dog-waste-bag-roll-core-sizes/index.html[22m
[2m10:33:33[22m [36m[1m[vite][22m[39m [90m[2m(client)[22m[39m [32mpage reload [39m[2mwork/inquiry-smtp-deploy/dist/blog/dog-waste-bag-scent-selection/index.html[22m
[2m10:33:33[22m [36m[1m[vite][22m[39m [90m[2m(client)[22m[39m [32mpage reload [39m[2mwork/inquiry-smtp-deploy/dist/blog/dog-waste-bag-thickness-tear-resistance/index.html[22m
[2m10:33:33[22m [36m[1m[vite][22m[39m [90m[2m(client)[22m[39m [32mpage reload [39m[2mwork/inquiry-smtp-deploy/dist/blog/ecommerce-private-label-pet-products/index.html[22m
[2m10:33:33[22m [36m[1m[vite][22m[39m [90m[2m(client)[22m[39m [32mpage reload [39m[2mwork/inquiry-smtp-deploy/dist/blog/evaluate-pet-pad-factory-before-order/index.html[22m
[2m10:33:33[22m [36m[1m[vite][22m[39m [90m[2m(client)[22m[39m [32mpage reload [39m[2mwork/inquiry-smtp-deploy/dist/blog/evaluate-pet-pad-production-capacity/index.html[22m
[2m10:33:33[22m [36m[1m[vite][22m[39m [90m[2m(client)[22m[39m [32mpage reload [39m[2mwork/inquiry-smtp-deploy/dist/blog/evaluate-pet-product-samples/index.html[22m
[2m10:33:33[22m [36m[1m[vite][22m[39m [90m[2m(client)[22m[39m [32mpage reload [39m[2mwork/inquiry-smtp-deploy/dist/blog/factory-business-continuity-review/index.html[22m
[2m10:33:33[22m [36m[1m[vite][22m[39m [90m[2m(client)[22m[39m [32mpage reload [39m[2mwork/inquiry-smtp-deploy/dist/blog/factory-maintenance-audit-pet-products/index.html[22m
[2m10:33:33[22m [36m[1m[vite][22m[39m [90m[2m(client)[22m[39m [32mpage reload [39m[2mwork/inquiry-smtp-deploy/dist/blog/factory-subcontracting-control/index.html[22m
[2m10:33:33[22m [36m[1m[vite][22m[39m [90m[2m(client)[22m[39m [32mpage reload [39m[2mwork/inquiry-smtp-deploy/dist/blog/factory-traceability-audit/index.html[22m
[2m10:33:33[22m [36m[1m[vite][22m[39m [90m[2m(client)[22m[39m [32mpage reload [39m[2mwork/inquiry-smtp-deploy/dist/blog/five-layer-puppy-pad-construction/index.html[22m
[2m10:33:33[22m [36m[1m[vite][22m[39m [90m[2m(client)[22m[39m [32mpage reload [39m[2mwork/inquiry-smtp-deploy/dist/blog/fluff-pulp-absorbent-paper-supply/index.html[22m
[2m10:33:33[22m [36m[1m[vite][22m[39m [90m[2m(client)[22m[39m [32mpage reload [39m[2mwork/inquiry-smtp-deploy/dist/blog/fob-vs-cif-pet-pad-shipments/index.html[22m
[2m10:33:33[22m [36m[1m[vite][22m[39m [90m[2m(client)[22m[39m [32mpage reload [39m[2mwork/inquiry-smtp-deploy/dist/blog/future-oem-pet-product-manufacturing/index.html[22m
[2m10:33:33[22m [36m[1m[vite][22m[39m [90m[2m(client)[22m[39m [32mpage reload [39m[2mwork/inquiry-smtp-deploy/dist/blog/global-pet-care-market-oem-buyers/index.html[22m
[2m10:33:33[22m [36m[1m[vite][22m[39m [90m[2m(client)[22m[39m [32mpage reload [39m[2mwork/inquiry-smtp-deploy/dist/blog/hdpe-vs-ldpe-dog-waste-bags/index.html[22m
[2m10:33:33[22m [36m[1m[vite][22m[39m [90m[2m(client)[22m[39m [32mpage reload [39m[2mwork/inquiry-smtp-deploy/dist/blog/hospital-underpad-procurement-guide/index.html[22m
[2m10:33:33[22m [36m[1m[vite][22m[39m [90m[2m(client)[22m[39m [32mpage reload [39m[2mwork/inquiry-smtp-deploy/dist/blog/hot-melt-adhesive-absorbent-products/index.html[22m
[2m10:33:33[22m [36m[1m[vite][22m[39m [90m[2m(client)[22m[39m [32mpage reload [39m[2mwork/inquiry-smtp-deploy/dist/blog/how-dog-waste-bags-are-manufactured/index.html[22m
[2m10:33:33[22m [36m[1m[vite][22m[39m [90m[2m(client)[22m[39m [32mpage reload [39m[2mwork/inquiry-smtp-deploy/dist/blog/how-puppy-pads-are-manufactured/index.html[22m
[2m10:33:33[22m [36m[1m[vite][22m[39m [90m[2m(client)[22m[39m [32mpage reload [39m[2mwork/inquiry-smtp-deploy/dist/blog/imported-pet-product-lead-time/index.html[22m
[2m10:33:33[22m [36m[1m[vite][22m[39m [90m[2m(client)[22m[39m [32mpage reload [39m[2mwork/inquiry-smtp-deploy/dist/blog/incoterms-pet-product-importers/index.html[22m
[2m10:33:33[22m [36m[1m[vite][22m[39m [90m[2m(client)[22m[39m [32mpage reload [39m[2mwork/inquiry-smtp-deploy/dist/blog/institutional-underpad-supplier-program/index.html[22m
[2m10:33:33[22m [36m[1m[vite][22m[39m [90m[2m(client)[22m[39m [32mpage reload [39m[2mwork/inquiry-smtp-deploy/dist/blog/leak-proof-dog-poop-bag-specification/index.html[22m
[2m10:33:33[22m [36m[1m[vite][22m[39m [90m[2m(client)[22m[39m [32mpage reload [39m[2mwork/inquiry-smtp-deploy/dist/blog/leak-proof-pe-backing-puppy-pads/index.html[22m
[2m10:33:33[22m [36m[1m[vite][22m[39m [90m[2m(client)[22m[39m [32mpage reload [39m[2mwork/inquiry-smtp-deploy/dist/blog/multi-language-pet-product-packaging/index.html[22m
[2m10:33:33[22m [36m[1m[vite][22m[39m [90m[2m(client)[22m[39m [32mpage reload [39m[2mwork/inquiry-smtp-deploy/dist/blog/multi-sku-pet-pad-range-launch/index.html[22m
[2m10:33:33[22m [36m[1m[vite][22m[39m [90m[2m(client)[22m[39m [32mpage reload [39m[2mwork/inquiry-smtp-deploy/dist/blog/nda-product-information-oem-sourcing/index.html[22m
[2m10:33:33[22m [36m[1m[vite][22m[39m [90m[2m(client)[22m[39m [32mpage reload [39m[2mwork/inquiry-smtp-deploy/dist/blog/nonwoven-basis-weight-pet-pads/index.html[22m
[2m10:33:33[22m [36m[1m[vite][22m[39m [90m[2m(client)[22m[39m [32mpage reload [39m[2mwork/inquiry-smtp-deploy/dist/blog/nursing-home-underpad-supplier-evaluation/index.html[22m
[2m10:33:33[22m [36m[1m[vite][22m[39m [90m[2m(client)[22m[39m [32mpage reload [39m[2mwork/inquiry-smtp-deploy/dist/blog/oem-adult-underpads-development/index.html[22m
[2m10:33:33[22m [36m[1m[vite][22m[39m [90m[2m(client)[22m[39m [32mpage reload [39m[2mwork/inquiry-smtp-deploy/dist/blog/oem-capacity-allocation-review/index.html[22m
[2m10:33:33[22m [36m[1m[vite][22m[39m [90m[2m(client)[22m[39m [32mpage reload [39m[2mwork/inquiry-smtp-deploy/dist/blog/oem-corrective-action-review/index.html[22m
[2m10:33:33[22m [36m[1m[vite][22m[39m [90m[2m(client)[22m[39m [32mpage reload [39m[2mwork/inquiry-smtp-deploy/dist/blog/oem-dog-waste-bag-manufacturing/index.html[22m
[2m10:33:33[22m [36m[1m[vite][22m[39m [90m[2m(client)[22m[39m [32mpage reload [39m[2mwork/inquiry-smtp-deploy/dist/blog/oem-multi-sku-launch-plan/index.html[22m
[2m10:33:33[22m [36m[1m[vite][22m[39m [90m[2m(client)[22m[39m [32mpage reload [39m[2mwork/inquiry-smtp-deploy/dist/blog/oem-pet-pad-change-control/index.html[22m
[2m10:33:33[22m [36m[1m[vite][22m[39m [90m[2m(client)[22m[39m [32mpage reload [39m[2mwork/inquiry-smtp-deploy/dist/blog/oem-pet-pad-contract-manufacturing/index.html[22m
[2m10:33:33[22m [36m[1m[vite][22m[39m [90m[2m(client)[22m[39m [32mpage reload [39m[2mwork/inquiry-smtp-deploy/dist/blog/oem-pet-pad-moq-sampling-lead-time/index.html[22m
[2m10:33:33[22m [36m[1m[vite][22m[39m [90m[2m(client)[22m[39m [32mpage reload [39m[2mwork/inquiry-smtp-deploy/dist/blog/oem-pet-pad-pricing-factors/index.html[22m
[2m10:33:33[22m [36m[1m[vite][22m[39m [90m[2m(client)[22m[39m [32mpage reload [39m[2mwork/inquiry-smtp-deploy/dist/blog/oem-pet-pad-product-brief/index.html[22m
[2m10:33:33[22m [36m[1m[vite][22m[39m [90m[2m(client)[22m[39m [32mpage reload [39m[2mwork/inquiry-smtp-deploy/dist/blog/oem-pet-pad-production-timeline/index.html[22m
[2m10:33:33[22m [36m[1m[vite][22m[39m [90m[2m(client)[22m[39m [32mpage reload [39m[2mwork/inquiry-smtp-deploy/dist/blog/oem-pet-pad-sample-approval-workflow/index.html[22m
[2m10:33:33[22m [36m[1m[vite][22m[39m [90m[2m(client)[22m[39m [32mpage reload [39m[2mwork/inquiry-smtp-deploy/dist/blog/oem-pet-pad-supplier-qualification-checklist/index.html[22m
[2m10:33:33[22m [36m[1m[vite][22m[39m [90m[2m(client)[22m[39m [32mpage reload [39m[2mwork/inquiry-smtp-deploy/dist/blog/oem-pet-product-negotiation-tips/index.html[22m
[2m10:33:33[22m [36m[1m[vite][22m[39m [90m[2m(client)[22m[39m [32mpage reload [39m[2mwork/inquiry-smtp-deploy/dist/blog/oem-pilot-order-planning/index.html[22m
[2m10:33:33[22m [36m[1m[vite][22m[39m [90m[2m(client)[22m[39m [32mpage reload [39m[2mwork/inquiry-smtp-deploy/dist/blog/oem-product-change-control/index.html[22m
[2m10:33:33[22m [36m[1m[vite][22m[39m [90m[2m(client)[22m[39m [32mpage reload [39m[2mwork/inquiry-smtp-deploy/dist/blog/oem-project-handoff-to-factory/index.html[22m
[2m10:33:33[22m [36m[1m[vite][22m[39m [90m[2m(client)[22m[39m [32mpage reload [39m[2mwork/inquiry-smtp-deploy/dist/blog/oem-vs-odm-pet-pads-buyers-guide/index.html[22m
[2m10:33:33[22m [36m[1m[vite][22m[39m [90m[2m(client)[22m[39m [32mpage reload [39m[2mwork/inquiry-smtp-deploy/dist/blog/pe-film-backing-adult-underpads/index.html[22m
[2m10:33:33[22m [36m[1m[vite][22m[39m [90m[2m(client)[22m[39m [32mpage reload [39m[2mwork/inquiry-smtp-deploy/dist/blog/pe-film-pinhole-risk-pet-pads/index.html[22m
[2m10:33:33[22m [36m[1m[vite][22m[39m [90m[2m(client)[22m[39m [32mpage reload [39m[2mwork/inquiry-smtp-deploy/dist/blog/pe-film-trends-pet-pads-underpads/index.html[22m
[2m10:33:33[22m [36m[1m[vite][22m[39m [90m[2m(client)[22m[39m [32mpage reload [39m[2mwork/inquiry-smtp-deploy/dist/blog/pet-care-supply-chain-resilience/index.html[22m
[2m10:33:33[22m [36m[1m[vite][22m[39m [90m[2m(client)[22m[39m [32mpage reload [39m[2mwork/inquiry-smtp-deploy/dist/blog/pet-pad-carton-compression-risk/index.html[22m
[2m10:33:33[22m [36m[1m[vite][22m[39m [90m[2m(client)[22m[39m [32mpage reload [39m[2mwork/inquiry-smtp-deploy/dist/blog/pet-pad-container-loading-guide/index.html[22m
[2m10:33:33[22m [36m[1m[vite][22m[39m [90m[2m(client)[22m[39m [32mpage reload [39m[2mwork/inquiry-smtp-deploy/dist/blog/pet-pad-defect-classification/index.html[22m
[2m10:33:33[22m [36m[1m[vite][22m[39m [90m[2m(client)[22m[39m [32mpage reload [39m[2mwork/inquiry-smtp-deploy/dist/blog/pet-pad-edge-seal-quality/index.html[22m
[2m10:33:33[22m [36m[1m[vite][22m[39m [90m[2m(client)[22m[39m [32mpage reload [39m[2mwork/inquiry-smtp-deploy/dist/blog/pet-pad-edge-sealing-quality/index.html[22m
[2m10:33:33[22m [36m[1m[vite][22m[39m [90m[2m(client)[22m[39m [32mpage reload [39m[2mwork/inquiry-smtp-deploy/dist/blog/pet-pad-embossing-pattern-selection/index.html[22m
[2m10:33:33[22m [36m[1m[vite][22m[39m [90m[2m(client)[22m[39m [32mpage reload [39m[2mwork/inquiry-smtp-deploy/dist/blog/pet-pad-embossing-patterns/index.html[22m
[2m10:33:33[22m [36m[1m[vite][22m[39m [90m[2m(client)[22m[39m [32mpage reload [39m[2mwork/inquiry-smtp-deploy/dist/blog/pet-pad-factory-audit-remote-and-onsite/index.html[22m
[2m10:33:33[22m [36m[1m[vite][22m[39m [90m[2m(client)[22m[39m [32mpage reload [39m[2mwork/inquiry-smtp-deploy/dist/blog/pet-pad-factory-quality-control-system/index.html[22m
[2m10:33:33[22m [36m[1m[vite][22m[39m [90m[2m(client)[22m[39m [32mpage reload [39m[2mwork/inquiry-smtp-deploy/dist/blog/pet-pad-folding-pack-efficiency/index.html[22m
[2m10:33:33[22m [36m[1m[vite][22m[39m [90m[2m(client)[22m[39m [32mpage reload [39m[2mwork/inquiry-smtp-deploy/dist/blog/pet-pad-landed-cost-model-importers/index.html[22m
[2m10:33:33[22m [36m[1m[vite][22m[39m [90m[2m(client)[22m[39m [32mpage reload [39m[2mwork/inquiry-smtp-deploy/dist/blog/pet-pad-packaging-compliance-artwork-checklist/index.html[22m
[2m10:33:33[22m [36m[1m[vite][22m[39m [90m[2m(client)[22m[39m [32mpage reload [39m[2mwork/inquiry-smtp-deploy/dist/blog/index.html[22m
[2m10:33:33[22m [36m[1m[vite][22m[39m [90m[2m(client)[22m[39m [32mpage reload [39m[2mwork/inquiry-smtp-deploy/dist/blog/pet-pad-performance-test-methods/index.html[22m
[2m10:33:33[22m [36m[1m[vite][22m[39m [90m[2m(client)[22m[39m [32mpage reload [39m[2mwork/inquiry-smtp-deploy/dist/blog/pet-pad-pilot-order-planning/index.html[22m
[2m10:33:33[22m [36m[1m[vite][22m[39m [90m[2m(client)[22m[39m [32mpage reload [39m[2mwork/inquiry-smtp-deploy/dist/blog/pet-pad-quality-control-buyers-checklist/index.html[22m
[2m10:33:33[22m [36m[1m[vite][22m[39m [90m[2m(client)[22m[39m [32mpage reload [39m[2mwork/inquiry-smtp-deploy/dist/blog/pet-pad-quality-control-inspection-plan/index.html[22m
[2m10:33:33[22m [36m[1m[vite][22m[39m [90m[2m(client)[22m[39m [32mpage reload [39m[2mwork/inquiry-smtp-deploy/dist/blog/pet-pad-repeat-order-consistency/index.html[22m
[2m10:33:33[22m [36m[1m[vite][22m[39m [90m[2m(client)[22m[39m [32mpage reload [39m[2mwork/inquiry-smtp-deploy/dist/blog/pet-pad-retained-sample-program/index.html[22m
[2m10:33:33[22m [36m[1m[vite][22m[39m [90m[2m(client)[22m[39m [32mpage reload [39m[2mwork/inquiry-smtp-deploy/dist/blog/pet-pad-technical-specification-sheet/index.html[22m
[2m10:33:33[22m [36m[1m[vite][22m[39m [90m[2m(client)[22m[39m [32mpage reload [39m[2mwork/inquiry-smtp-deploy/dist/blog/pet-product-dieline-approval/index.html[22m
[2m10:33:33[22m [36m[1m[vite][22m[39m [90m[2m(client)[22m[39m [32mpage reload [39m[2mwork/inquiry-smtp-deploy/dist/blog/pet-product-container-moisture-control/index.html[22m
[2m10:33:33[22m [36m[1m[vite][22m[39m [90m[2m(client)[22m[39m [32mpage reload [39m[2mwork/inquiry-smtp-deploy/dist/blog/pet-product-factory-tour-checklist/index.html[22m
[2m10:33:33[22m [36m[1m[vite][22m[39m [90m[2m(client)[22m[39m [32mpage reload [39m[2mwork/inquiry-smtp-deploy/dist/blog/pet-product-golden-sample-control/index.html[22m
[2m10:33:33[22m [36m[1m[vite][22m[39m [90m[2m(client)[22m[39m [32mpage reload [39m[2mwork/inquiry-smtp-deploy/dist/blog/pet-product-export-documents/index.html[22m
[2m10:33:33[22m [36m[1m[vite][22m[39m [90m[2m(client)[22m[39m [32mpage reload [39m[2mwork/inquiry-smtp-deploy/dist/blog/pet-product-lcl-vs-fcl-decision/index.html[22m
[2m10:33:33[22m [36m[1m[vite][22m[39m [90m[2m(client)[22m[39m [32mpage reload [39m[2mwork/inquiry-smtp-deploy/dist/blog/pet-product-packaging-cost-engineering/index.html[22m
[2m10:33:33[22m [36m[1m[vite][22m[39m [90m[2m(client)[22m[39m [32mpage reload [39m[2mwork/inquiry-smtp-deploy/dist/blog/pet-product-packaging-trends/index.html[22m
[2m10:33:33[22m [36m[1m[vite][22m[39m [90m[2m(client)[22m[39m [32mpage reload [39m[2mwork/inquiry-smtp-deploy/dist/blog/pet-product-payment-milestone-plan/index.html[22m
[2m10:33:33[22m [36m[1m[vite][22m[39m [90m[2m(client)[22m[39m [32mpage reload [39m[2mwork/inquiry-smtp-deploy/dist/blog/pet-product-sourcing-priorities-2027/index.html[22m
[2m10:33:33[22m [36m[1m[vite][22m[39m [90m[2m(client)[22m[39m [32mpage reload [39m[2mwork/inquiry-smtp-deploy/dist/blog/pet-product-quotation-normalization/index.html[22m
[2m10:33:33[22m [36m[1m[vite][22m[39m [90m[2m(client)[22m[39m [32mpage reload [39m[2mwork/inquiry-smtp-deploy/dist/blog/pet-product-supplier-red-flags/index.html[22m
[2m10:33:33[22m [36m[1m[vite][22m[39m [90m[2m(client)[22m[39m [32mpage reload [39m[2mwork/inquiry-smtp-deploy/dist/blog/pet-product-reorder-point-planning/index.html[22m
[2m10:33:33[22m [36m[1m[vite][22m[39m [90m[2m(client)[22m[39m [32mpage reload [39m[2mwork/inquiry-smtp-deploy/dist/blog/pet-product-shipping-document-checklist/index.html[22m
[2m10:33:33[22m [36m[1m[vite][22m[39m [90m[2m(client)[22m[39m [32mpage reload [39m[2mwork/inquiry-smtp-deploy/dist/blog/pet-product-supplier-scorecard/index.html[22m
[2m10:33:33[22m [36m[1m[vite][22m[39m [90m[2m(client)[22m[39m [32mpage reload [39m[2mwork/inquiry-smtp-deploy/dist/blog/pre-shipment-inspection-pet-care-products/index.html[22m
[2m10:33:33[22m [36m[1m[vite][22m[39m [90m[2m(client)[22m[39m [32mpage reload [39m[2mwork/inquiry-smtp-deploy/dist/blog/pet-product-warehouse-export-management/index.html[22m
[2m10:33:33[22m [36m[1m[vite][22m[39m [90m[2m(client)[22m[39m [32mpage reload [39m[2mwork/inquiry-smtp-deploy/dist/blog/printed-backing-film-pet-pads/index.html[22m
[2m10:33:33[22m [36m[1m[vite][22m[39m [90m[2m(client)[22m[39m [32mpage reload [39m[2mwork/inquiry-smtp-deploy/dist/blog/private-label-claim-approval-workflow/index.html[22m
[2m10:33:33[22m [36m[1m[vite][22m[39m [90m[2m(client)[22m[39m [32mpage reload [39m[2mwork/inquiry-smtp-deploy/dist/blog/private-label-adult-underpad-packaging/index.html[22m
[2m10:33:33[22m [36m[1m[vite][22m[39m [90m[2m(client)[22m[39m [32mpage reload [39m[2mwork/inquiry-smtp-deploy/dist/blog/private-label-barcode-master-data/index.html[22m
[2m10:33:33[22m [36m[1m[vite][22m[39m [90m[2m(client)[22m[39m [32mpage reload [39m[2mwork/inquiry-smtp-deploy/dist/blog/private-label-dog-poop-bags-launch/index.html[22m
[2m10:33:33[22m [36m[1m[vite][22m[39m [90m[2m(client)[22m[39m [32mpage reload [39m[2mwork/inquiry-smtp-deploy/dist/blog/private-label-line-extension-planning/index.html[22m
[2m10:33:33[22m [36m[1m[vite][22m[39m [90m[2m(client)[22m[39m [32mpage reload [39m[2mwork/inquiry-smtp-deploy/dist/blog/private-label-pet-product-moq-guide/index.html[22m
[2m10:33:33[22m [36m[1m[vite][22m[39m [90m[2m(client)[22m[39m [32mpage reload [39m[2mwork/inquiry-smtp-deploy/dist/blog/private-label-pet-pad-launch-timeline/index.html[22m
[2m10:33:33[22m [36m[1m[vite][22m[39m [90m[2m(client)[22m[39m [32mpage reload [39m[2mwork/inquiry-smtp-deploy/dist/blog/private-label-pet-product-trends/index.html[22m
[2m10:33:33[22m [36m[1m[vite][22m[39m [90m[2m(client)[22m[39m [32mpage reload [39m[2mwork/inquiry-smtp-deploy/dist/blog/private-label-pet-training-pads-buyers-guide/index.html[22m
[2m10:33:33[22m [36m[1m[vite][22m[39m [90m[2m(client)[22m[39m [32mpage reload [39m[2mwork/inquiry-smtp-deploy/dist/blog/private-label-pet-pad-artwork-approval/index.html[22m
[2m10:33:33[22m [36m[1m[vite][22m[39m [90m[2m(client)[22m[39m [32mpage reload [39m[2mwork/inquiry-smtp-deploy/dist/blog/production-line-maintenance-oem-reliability/index.html[22m
[2m10:33:33[22m [36m[1m[vite][22m[39m [90m[2m(client)[22m[39m [32mpage reload [39m[2mwork/inquiry-smtp-deploy/dist/blog/puppy-pad-surface-intake-design/index.html[22m
[2m10:33:33[22m [36m[1m[vite][22m[39m [90m[2m(client)[22m[39m [32mpage reload [39m[2mwork/inquiry-smtp-deploy/dist/blog/private-label-retailer-onboarding/index.html[22m
[2m10:33:33[22m [36m[1m[vite][22m[39m [90m[2m(client)[22m[39m [32mpage reload [39m[2mwork/inquiry-smtp-deploy/dist/blog/reduce-pet-pad-procurement-costs/index.html[22m
[2m10:33:33[22m [36m[1m[vite][22m[39m [90m[2m(client)[22m[39m [32mpage reload [39m[2mwork/inquiry-smtp-deploy/dist/blog/raw-material-volatility-pet-products/index.html[22m
[2m10:33:33[22m [36m[1m[vite][22m[39m [90m[2m(client)[22m[39m [32mpage reload [39m[2mwork/inquiry-smtp-deploy/dist/blog/puppy-pad-rewet-testing/index.html[22m
[2m10:33:33[22m [36m[1m[vite][22m[39m [90m[2m(client)[22m[39m [32mpage reload [39m[2mwork/inquiry-smtp-deploy/dist/blog/questions-oem-buyers-ask-pet-pad-factory/index.html[22m
[2m10:33:33[22m [36m[1m[vite][22m[39m [90m[2m(client)[22m[39m [32mpage reload [39m[2mwork/inquiry-smtp-deploy/dist/blog/reduce-pet-product-purchasing-cost/index.html[22m
[2m10:33:33[22m [36m[1m[vite][22m[39m [90m[2m(client)[22m[39m [32mpage reload [39m[2mwork/inquiry-smtp-deploy/dist/blog/resilient-pet-product-supply-chain/index.html[22m
[2m10:33:33[22m [36m[1m[vite][22m[39m [90m[2m(client)[22m[39m [32mpage reload [39m[2mwork/inquiry-smtp-deploy/dist/blog/retail-trends-pet-pad-ranges/index.html[22m
[2m10:33:33[22m [36m[1m[vite][22m[39m [90m[2m(client)[22m[39m [32mpage reload [39m[2mwork/inquiry-smtp-deploy/dist/blog/review-eco-claims-pet-products/index.html[22m
[2m10:33:33[22m [36m[1m[vite][22m[39m [90m[2m(client)[22m[39m [32mpage reload [39m[2mwork/inquiry-smtp-deploy/dist/blog/retail-pet-pad-size-range/index.html[22m
[2m10:33:33[22m [36m[1m[vite][22m[39m [90m[2m(client)[22m[39m [32mpage reload [39m[2mwork/inquiry-smtp-deploy/dist/blog/sap-gel-blocking-pet-pads/index.html[22m
[2m10:33:33[22m [36m[1m[vite][22m[39m [90m[2m(client)[22m[39m [32mpage reload [39m[2mwork/inquiry-smtp-deploy/dist/blog/sustainability-absorbent-pet-products/index.html[22m
[2m10:33:33[22m [36m[1m[vite][22m[39m [90m[2m(client)[22m[39m [32mpage reload [39m[2mwork/inquiry-smtp-deploy/dist/blog/sap-in-puppy-pads/index.html[22m
[2m10:33:33[22m [36m[1m[vite][22m[39m [90m[2m(client)[22m[39m [32mpage reload [39m[2mwork/inquiry-smtp-deploy/dist/blog/review-pet-product-factory-certificates/index.html[22m
[2m10:33:33[22m [36m[1m[vite][22m[39m [90m[2m(client)[22m[39m [32mpage reload [39m[2mwork/inquiry-smtp-deploy/dist/blog/travel-pet-pad-sourcing-guide/index.html[22m
[2m10:33:33[22m [36m[1m[vite][22m[39m [90m[2m(client)[22m[39m [32mpage reload [39m[2mwork/inquiry-smtp-deploy/dist/blog/sap-dosing-consistency-audit/index.html[22m
[2m10:33:33[22m [36m[1m[vite][22m[39m [90m[2m(client)[22m[39m [32mpage reload [39m[2mwork/inquiry-smtp-deploy/dist/blog/underpad-skin-contact-surface/index.html[22m
[2m10:33:33[22m [36m[1m[vite][22m[39m [90m[2m(client)[22m[39m [32mpage reload [39m[2mwork/inquiry-smtp-deploy/dist/blog/virgin-pulp-vs-recycled-pulp-pet-pads/index.html[22m
[2m10:33:33[22m [36m[1m[vite][22m[39m [90m[2m(client)[22m[39m [32mpage reload [39m[2mwork/inquiry-smtp-deploy/dist/blog/scented-vs-unscented-puppy-pads/index.html[22m
[2m10:33:33[22m [36m[1m[vite][22m[39m [90m[2m(client)[22m[39m [32mpage reload [39m[2mwork/inquiry-smtp-deploy/dist/blog/what-determines-puppy-pad-absorbency/index.html[22m
[2m10:33:33[22m [36m[1m[vite][22m[39m [90m[2m(client)[22m[39m [32mpage reload [39m[2mwork/inquiry-smtp-deploy/dist/blog/sap-supply-pricing-absorbent-products/index.html[22m
[2m10:33:33[22m [36m[1m[vite][22m[39m [90m[2m(client)[22m[39m [32mpage reload [39m[2mwork/inquiry-smtp-deploy/dist/blog/wholesale-dog-waste-bags-cost-moq/index.html[22m
[2m10:33:33[22m [36m[1m[vite][22m[39m [90m[2m(client)[22m[39m [32mpage reload [39m[2mwork/inquiry-smtp-deploy/dist/buyer-guides/adult-underpad-procurement-guide/index.html[22m
[2m10:33:33[22m [36m[1m[vite][22m[39m [90m[2m(client)[22m[39m [32mpage reload [39m[2mwork/inquiry-smtp-deploy/dist/buyer-guides/index.html[22m
[2m10:33:33[22m [36m[1m[vite][22m[39m [90m[2m(client)[22m[39m [32mpage reload [39m[2mwork/inquiry-smtp-deploy/dist/buyer-guides/choose-oem-pet-pad-manufacturer/index.html[22m
[2m10:33:33[22m [36m[1m[vite][22m[39m [90m[2m(client)[22m[39m [32mpage reload [39m[2mwork/inquiry-smtp-deploy/dist/buyer-guides/container-loading-buyer-guide/index.html[22m
[2m10:33:33[22m [36m[1m[vite][22m[39m [90m[2m(client)[22m[39m [32mpage reload [39m[2mwork/inquiry-smtp-deploy/dist/buyer-guides/amazon-private-label-guide/index.html[22m
[2m10:33:33[22m [36m[1m[vite][22m[39m [90m[2m(client)[22m[39m [32mpage reload [39m[2mwork/inquiry-smtp-deploy/dist/buyer-guides/fob-cif-pet-products-guide/index.html[22m
[2m10:33:33[22m [36m[1m[vite][22m[39m [90m[2m(client)[22m[39m [32mpage reload [39m[2mwork/inquiry-smtp-deploy/dist/buyer-guides/first-order-to-repeat-order-guide/index.html[22m
[2m10:33:33[22m [36m[1m[vite][22m[39m [90m[2m(client)[22m[39m [32mpage reload [39m[2mwork/inquiry-smtp-deploy/dist/buyer-guides/fluff-pulp-buyer-guide/index.html[22m
[2m10:33:33[22m [36m[1m[vite][22m[39m [90m[2m(client)[22m[39m [32mpage reload [39m[2mwork/inquiry-smtp-deploy/dist/buyer-guides/dog-poop-bag-procurement-guide/index.html[22m
[2m10:33:33[22m [36m[1m[vite][22m[39m [90m[2m(client)[22m[39m [32mpage reload [39m[2mwork/inquiry-smtp-deploy/dist/buyer-guides/multi-supplier-strategy-guide/index.html[22m
[2m10:33:33[22m [36m[1m[vite][22m[39m [90m[2m(client)[22m[39m [32mpage reload [39m[2mwork/inquiry-smtp-deploy/dist/buyer-guides/oem-pet-product-sourcing-process/index.html[22m
[2m10:33:33[22m [36m[1m[vite][22m[39m [90m[2m(client)[22m[39m [32mpage reload [39m[2mwork/inquiry-smtp-deploy/dist/buyer-guides/landed-cost-pet-products-guide/index.html[22m
[2m10:33:33[22m [36m[1m[vite][22m[39m [90m[2m(client)[22m[39m [32mpage reload [39m[2mwork/inquiry-smtp-deploy/dist/buyer-guides/nonwoven-material-buyer-guide/index.html[22m
[2m10:33:33[22m [36m[1m[vite][22m[39m [90m[2m(client)[22m[39m [32mpage reload [39m[2mwork/inquiry-smtp-deploy/dist/buyer-guides/odm-pet-product-development-guide/index.html[22m
[2m10:33:33[22m [36m[1m[vite][22m[39m [90m[2m(client)[22m[39m [32mpage reload [39m[2mwork/inquiry-smtp-deploy/dist/buyer-guides/pe-film-buyer-guide/index.html[22m
[2m10:33:33[22m [36m[1m[vite][22m[39m [90m[2m(client)[22m[39m [32mpage reload [39m[2mwork/inquiry-smtp-deploy/dist/buyer-guides/oem-lead-time-guide/index.html[22m
[2m10:33:33[22m [36m[1m[vite][22m[39m [90m[2m(client)[22m[39m [32mpage reload [39m[2mwork/inquiry-smtp-deploy/dist/buyer-guides/oem-sampling-guide/index.html[22m
[2m10:33:33[22m [36m[1m[vite][22m[39m [90m[2m(client)[22m[39m [32mpage reload [39m[2mwork/inquiry-smtp-deploy/dist/buyer-guides/pet-pad-sample-scorecard/index.html[22m
[2m10:33:33[22m [36m[1m[vite][22m[39m [90m[2m(client)[22m[39m [32mpage reload [39m[2mwork/inquiry-smtp-deploy/dist/buyer-guides/oem-vs-odm-buyer-decision/index.html[22m
[2m10:33:33[22m [36m[1m[vite][22m[39m [90m[2m(client)[22m[39m [32mpage reload [39m[2mwork/inquiry-smtp-deploy/dist/buyer-guides/pet-pad-factory-audit-checklist/index.html[22m
[2m10:33:33[22m [36m[1m[vite][22m[39m [90m[2m(client)[22m[39m [32mpage reload [39m[2mwork/inquiry-smtp-deploy/dist/buyer-guides/pet-pad-specification-guide/index.html[22m
[2m10:33:33[22m [36m[1m[vite][22m[39m [90m[2m(client)[22m[39m [32mpage reload [39m[2mwork/inquiry-smtp-deploy/dist/buyer-guides/pet-product-cost-reduction-guide/index.html[22m
[2m10:33:33[22m [36m[1m[vite][22m[39m [90m[2m(client)[22m[39m [32mpage reload [39m[2mwork/inquiry-smtp-deploy/dist/buyer-guides/pet-pad-moq-negotiation/index.html[22m
[2m10:33:33[22m [36m[1m[vite][22m[39m [90m[2m(client)[22m[39m [32mpage reload [39m[2mwork/inquiry-smtp-deploy/dist/buyer-guides/pet-product-carton-guide/index.html[22m
[2m10:33:33[22m [36m[1m[vite][22m[39m [90m[2m(client)[22m[39m [32mpage reload [39m[2mwork/inquiry-smtp-deploy/dist/buyer-guides/pet-product-forecast-guide/index.html[22m
[2m10:33:33[22m [36m[1m[vite][22m[39m [90m[2m(client)[22m[39m [32mpage reload [39m[2mwork/inquiry-smtp-deploy/dist/buyer-guides/pet-product-barcode-guide/index.html[22m
[2m10:33:33[22m [36m[1m[vite][22m[39m [90m[2m(client)[22m[39m [32mpage reload [39m[2mwork/inquiry-smtp-deploy/dist/buyer-guides/pet-product-moq-guide/index.html[22m
[2m10:33:33[22m [36m[1m[vite][22m[39m [90m[2m(client)[22m[39m [32mpage reload [39m[2mwork/inquiry-smtp-deploy/dist/buyer-guides/pet-product-packaging-guide/index.html[22m
[2m10:33:33[22m [36m[1m[vite][22m[39m [90m[2m(client)[22m[39m [32mpage reload [39m[2mwork/inquiry-smtp-deploy/dist/buyer-guides/pet-product-import-document-guide/index.html[22m
[2m10:33:33[22m [36m[1m[vite][22m[39m [90m[2m(client)[22m[39m [32mpage reload [39m[2mwork/inquiry-smtp-deploy/dist/buyer-guides/pet-product-incoterms-guide/index.html[22m
[2m10:33:33[22m [36m[1m[vite][22m[39m [90m[2m(client)[22m[39m [32mpage reload [39m[2mwork/inquiry-smtp-deploy/dist/buyer-guides/pet-product-quality-plan/index.html[22m
[2m10:33:33[22m [36m[1m[vite][22m[39m [90m[2m(client)[22m[39m [32mpage reload [39m[2mwork/inquiry-smtp-deploy/dist/buyer-guides/pet-product-supplier-evaluation/index.html[22m
[2m10:33:33[22m [36m[1m[vite][22m[39m [90m[2m(client)[22m[39m [32mpage reload [39m[2mwork/inquiry-smtp-deploy/dist/buyer-guides/pre-shipment-inspection-guide/index.html[22m
[2m10:33:33[22m [36m[1m[vite][22m[39m [90m[2m(client)[22m[39m [32mpage reload [39m[2mwork/inquiry-smtp-deploy/dist/buyer-guides/private-label-pet-products-launch/index.html[22m
[2m10:33:33[22m [36m[1m[vite][22m[39m [90m[2m(client)[22m[39m [32mpage reload [39m[2mwork/inquiry-smtp-deploy/dist/buyer-guides/private-label-artwork-approval/index.html[22m
[2m10:33:33[22m [36m[1m[vite][22m[39m [90m[2m(client)[22m[39m [32mpage reload [39m[2mwork/inquiry-smtp-deploy/dist/buyer-guides/remote-factory-audit-guide/index.html[22m
[2m10:33:33[22m [36m[1m[vite][22m[39m [90m[2m(client)[22m[39m [32mpage reload [39m[2mwork/inquiry-smtp-deploy/dist/buyer-guides/production-schedule-buyer-guide/index.html[22m
[2m10:33:33[22m [36m[1m[vite][22m[39m [90m[2m(client)[22m[39m [32mpage reload [39m[2mwork/inquiry-smtp-deploy/dist/buyer-guides/sap-buyer-specification-guide/index.html[22m
[2m10:33:33[22m [36m[1m[vite][22m[39m [90m[2m(client)[22m[39m [32mpage reload [39m[2mwork/inquiry-smtp-deploy/dist/buyer-guides/retail-chain-pet-product-guide/index.html[22m
[2m10:33:33[22m [36m[1m[vite][22m[39m [90m[2m(client)[22m[39m [32mpage reload [39m[2mwork/inquiry-smtp-deploy/dist/buyer-guides/supplier-corrective-action-guide/index.html[22m
[2m10:33:33[22m [36m[1m[vite][22m[39m [90m[2m(client)[22m[39m [32mpage reload [39m[2mwork/inquiry-smtp-deploy/dist/buyer-guides/supplier-payment-terms-guide/index.html[22m
[2m10:33:33[22m [36m[1m[vite][22m[39m [90m[2m(client)[22m[39m [32mpage reload [39m[2mwork/inquiry-smtp-deploy/dist/case-studies/adult-underpad-rewet-case/index.html[22m
[2m10:33:33[22m [36m[1m[vite][22m[39m [90m[2m(client)[22m[39m [32mpage reload [39m[2mwork/inquiry-smtp-deploy/dist/case-studies/index.html[22m
[2m10:33:33[22m [36m[1m[vite][22m[39m [90m[2m(client)[22m[39m [32mpage reload [39m[2mwork/inquiry-smtp-deploy/dist/case-studies/container-optimization/index.html[22m
[2m10:33:33[22m [36m[1m[vite][22m[39m [90m[2m(client)[22m[39m [32mpage reload [39m[2mwork/inquiry-smtp-deploy/dist/case-studies/oem-manufacturing-process/index.html[22m
[2m10:33:33[22m [36m[1m[vite][22m[39m [90m[2m(client)[22m[39m [32mpage reload [39m[2mwork/inquiry-smtp-deploy/dist/case-studies/european-private-label-launch/index.html[22m
[2m10:33:33[22m [36m[1m[vite][22m[39m [90m[2m(client)[22m[39m [32mpage reload [39m[2mwork/inquiry-smtp-deploy/dist/case-studies/european-private-label-pad-launch/index.html[22m
[2m10:33:33[22m [36m[1m[vite][22m[39m [90m[2m(client)[22m[39m [32mpage reload [39m[2mwork/inquiry-smtp-deploy/dist/case-studies/multi-sku-launch-recovery-case/index.html[22m
[2m10:33:33[22m [36m[1m[vite][22m[39m [90m[2m(client)[22m[39m [32mpage reload [39m[2mwork/inquiry-smtp-deploy/dist/case-studies/landed-cost-reduction-framework/index.html[22m
[2m10:33:33[22m [36m[1m[vite][22m[39m [90m[2m(client)[22m[39m [32mpage reload [39m[2mwork/inquiry-smtp-deploy/dist/case-studies/pe-film-pinhole-case/index.html[22m
[2m10:33:33[22m [36m[1m[vite][22m[39m [90m[2m(client)[22m[39m [32mpage reload [39m[2mwork/inquiry-smtp-deploy/dist/case-studies/pet-pad-container-utilization-case/index.html[22m
[2m10:33:33[22m [36m[1m[vite][22m[39m [90m[2m(client)[22m[39m [32mpage reload [39m[2mwork/inquiry-smtp-deploy/dist/case-studies/pet-pad-leakage-improvement-case/index.html[22m
[2m10:33:33[22m [36m[1m[vite][22m[39m [90m[2m(client)[22m[39m [32mpage reload [39m[2mwork/inquiry-smtp-deploy/dist/case-studies/factory-audit-success/index.html[22m
[2m10:33:33[22m [36m[1m[vite][22m[39m [90m[2m(client)[22m[39m [32mpage reload [39m[2mwork/inquiry-smtp-deploy/dist/case-studies/quality-improvement/index.html[22m
[2m10:33:33[22m [36m[1m[vite][22m[39m [90m[2m(client)[22m[39m [32mpage reload [39m[2mwork/inquiry-smtp-deploy/dist/case-studies/poop-bag-roll-count-case/index.html[22m
[2m10:33:33[22m [36m[1m[vite][22m[39m [90m[2m(client)[22m[39m [32mpage reload [39m[2mwork/inquiry-smtp-deploy/dist/case-studies/pet-product-landed-cost-case/index.html[22m
[2m10:33:33[22m [36m[1m[vite][22m[39m [90m[2m(client)[22m[39m [32mpage reload [39m[2mwork/inquiry-smtp-deploy/dist/case-studies/retailer-barcode-case/index.html[22m
[2m10:33:33[22m [36m[1m[vite][22m[39m [90m[2m(client)[22m[39m [32mpage reload [39m[2mwork/inquiry-smtp-deploy/dist/case-studies/supplier-audit-remediation-case/index.html[22m
[2m10:33:33[22m [36m[1m[vite][22m[39m [90m[2m(client)[22m[39m [32mpage reload [39m[2mwork/inquiry-smtp-deploy/dist/case-studies/private-label-packaging-recovery-case/index.html[22m
[2m10:33:33[22m [36m[1m[vite][22m[39m [90m[2m(client)[22m[39m [32mpage reload [39m[2mwork/inquiry-smtp-deploy/dist/case-studies/sap-dosing-variation-case/index.html[22m
[2m10:33:33[22m [36m[1m[vite][22m[39m [90m[2m(client)[22m[39m [32mpage reload [39m[2mwork/inquiry-smtp-deploy/dist/case-studies/warehouse-mixed-carton-case/index.html[22m
[2m10:33:33[22m [36m[1m[vite][22m[39m [90m[2m(client)[22m[39m [32mpage reload [39m[2mwork/inquiry-smtp-deploy/dist/case-studies/us-distributor-underpad-program/index.html[22m
[2m10:33:33[22m [36m[1m[vite][22m[39m [90m[2m(client)[22m[39m [32mpage reload [39m[2mwork/inquiry-smtp-deploy/dist/index.html[22m
[2m10:33:33[22m [36m[1m[vite][22m[39m [90m[2m(client)[22m[39m [32mpage reload [39m[2mwork/inquiry-smtp-deploy/dist/comparisons/index.html[22m
[2m10:33:33[22m [36m[1m[vite][22m[39m [90m[2m(client)[22m[39m [32mpage reload [39m[2mwork/inquiry-smtp-deploy/dist/comparisons/adult-underpads-vs-pet-pads/index.html[22m
[2m10:33:33[22m [36m[1m[vite][22m[39m [90m[2m(client)[22m[39m [32mpage reload [39m[2mwork/inquiry-smtp-deploy/dist/comparisons/annual-contract-vs-spot-buying/index.html[22m
[2m10:33:33[22m [36m[1m[vite][22m[39m [90m[2m(client)[22m[39m [32mpage reload [39m[2mwork/inquiry-smtp-deploy/dist/comparisons/bag-vs-box-pet-pad-packaging/index.html[22m
[2m10:33:33[22m [36m[1m[vite][22m[39m [90m[2m(client)[22m[39m [32mpage reload [39m[2mwork/inquiry-smtp-deploy/dist/comparisons/china-vs-vietnam-manufacturers/index.html[22m
[2m10:33:33[22m [36m[1m[vite][22m[39m [90m[2m(client)[22m[39m [32mpage reload [39m[2mwork/inquiry-smtp-deploy/dist/comparisons/aql-inspection-vs-100-percent-check/index.html[22m
[2m10:33:33[22m [36m[1m[vite][22m[39m [90m[2m(client)[22m[39m [32mpage reload [39m[2mwork/inquiry-smtp-deploy/dist/comparisons/air-freight-vs-ocean-freight-samples/index.html[22m
[2m10:33:33[22m [36m[1m[vite][22m[39m [90m[2m(client)[22m[39m [32mpage reload [39m[2mwork/inquiry-smtp-deploy/dist/comparisons/fcl-vs-lcl-pet-products/index.html[22m
[2m10:33:33[22m [36m[1m[vite][22m[39m [90m[2m(client)[22m[39m [32mpage reload [39m[2mwork/inquiry-smtp-deploy/dist/comparisons/fixed-forecast-vs-rolling-forecast/index.html[22m
[2m10:33:33[22m [36m[1m[vite][22m[39m [90m[2m(client)[22m[39m [32mpage reload [39m[2mwork/inquiry-smtp-deploy/dist/comparisons/domestic-vs-imported-pet-products/index.html[22m
[2m10:33:33[22m [36m[1m[vite][22m[39m [90m[2m(client)[22m[39m [32mpage reload [39m[2mwork/inquiry-smtp-deploy/dist/comparisons/hdpe-vs-biodegradable-bags/index.html[22m
[2m10:33:33[22m [36m[1m[vite][22m[39m [90m[2m(client)[22m[39m [32mpage reload [39m[2mwork/inquiry-smtp-deploy/dist/comparisons/direct-factory-vs-trading-company/index.html[22m
[2m10:33:33[22m [36m[1m[vite][22m[39m [90m[2m(client)[22m[39m [32mpage reload [39m[2mwork/inquiry-smtp-deploy/dist/comparisons/exclusive-formula-vs-open-platform/index.html[22m
[2m10:33:33[22m [36m[1m[vite][22m[39m [90m[2m(client)[22m[39m [32mpage reload [39m[2mwork/inquiry-smtp-deploy/dist/comparisons/oem-platform-vs-custom-development/index.html[22m
[2m10:33:33[22m [36m[1m[vite][22m[39m [90m[2m(client)[22m[39m [32mpage reload [39m[2mwork/inquiry-smtp-deploy/dist/comparisons/one-sku-vs-multi-sku-launch/index.html[22m
[2m10:33:33[22m [36m[1m[vite][22m[39m [90m[2m(client)[22m[39m [32mpage reload [39m[2mwork/inquiry-smtp-deploy/dist/comparisons/high-sap-vs-balanced-core/index.html[22m
[2m10:33:33[22m [36m[1m[vite][22m[39m [90m[2m(client)[22m[39m [32mpage reload [39m[2mwork/inquiry-smtp-deploy/dist/comparisons/oem-vs-odm/index.html[22m
[2m10:33:33[22m [36m[1m[vite][22m[39m [90m[2m(client)[22m[39m [32mpage reload [39m[2mwork/inquiry-smtp-deploy/dist/comparisons/pilot-order-vs-full-launch/index.html[22m
[2m10:33:33[22m [36m[1m[vite][22m[39m [90m[2m(client)[22m[39m [32mpage reload [39m[2mwork/inquiry-smtp-deploy/dist/comparisons/manufacturer-standard-vs-buyer-spec/index.html[22m
[2m10:33:33[22m [36m[1m[vite][22m[39m [90m[2m(client)[22m[39m [32mpage reload [39m[2mwork/inquiry-smtp-deploy/dist/comparisons/retail-pack-vs-bulk-pack/index.html[22m
[2m10:33:33[22m [36m[1m[vite][22m[39m [90m[2m(client)[22m[39m [32mpage reload [39m[2mwork/inquiry-smtp-deploy/dist/comparisons/pre-shipment-vs-arrival-inspection/index.html[22m
[2m10:33:33[22m [36m[1m[vite][22m[39m [90m[2m(client)[22m[39m [32mpage reload [39m[2mwork/inquiry-smtp-deploy/dist/comparisons/private-label-vs-wholesale/index.html[22m
[2m10:33:33[22m [36m[1m[vite][22m[39m [90m[2m(client)[22m[39m [32mpage reload [39m[2mwork/inquiry-smtp-deploy/dist/comparisons/sap-vs-fluff-pulp/index.html[22m
[2m10:33:33[22m [36m[1m[vite][22m[39m [90m[2m(client)[22m[39m [32mpage reload [39m[2mwork/inquiry-smtp-deploy/dist/comparisons/single-supplier-vs-dual-sourcing/index.html[22m
[2m10:33:33[22m [36m[1m[vite][22m[39m [90m[2m(client)[22m[39m [32mpage reload [39m[2mwork/inquiry-smtp-deploy/dist/comparisons/printed-bag-vs-neutral-packaging/index.html[22m
[2m10:33:33[22m [36m[1m[vite][22m[39m [90m[2m(client)[22m[39m [32mpage reload [39m[2mwork/inquiry-smtp-deploy/dist/comparisons/thin-vs-thick-pe-backing/index.html[22m
[2m10:33:33[22m [36m[1m[vite][22m[39m [90m[2m(client)[22m[39m [32mpage reload [39m[2mwork/inquiry-smtp-deploy/dist/comparisons/standard-vs-custom-pet-pad-size/index.html[22m
[2m10:33:33[22m [36m[1m[vite][22m[39m [90m[2m(client)[22m[39m [32mpage reload [39m[2mwork/inquiry-smtp-deploy/dist/comparisons/spunbond-vs-other-nonwoven/index.html[22m
[2m10:33:33[22m [36m[1m[vite][22m[39m [90m[2m(client)[22m[39m [32mpage reload [39m[2mwork/inquiry-smtp-deploy/dist/comparisons/virgin-vs-recycled-pulp/index.html[22m
[2m10:33:33[22m [36m[1m[vite][22m[39m [90m[2m(client)[22m[39m [32mpage reload [39m[2mwork/inquiry-smtp-deploy/dist/comparisons/virgin-vs-recycled-packaging/index.html[22m
[2m10:33:33[22m [36m[1m[vite][22m[39m [90m[2m(client)[22m[39m [32mpage reload [39m[2mwork/inquiry-smtp-deploy/dist/comparisons/visual-inspection-vs-performance-testing/index.html[22m
[2m10:33:33[22m [36m[1m[vite][22m[39m [90m[2m(client)[22m[39m [32mpage reload [39m[2mwork/inquiry-smtp-deploy/dist/certifications/index.html[22m
[2m10:33:33[22m [36m[1m[vite][22m[39m [90m[2m(client)[22m[39m [32mpage reload [39m[2mwork/inquiry-smtp-deploy/dist/contact/index.html[22m
[2m10:33:33[22m [36m[1m[vite][22m[39m [90m[2m(client)[22m[39m [32mpage reload [39m[2mwork/inquiry-smtp-deploy/dist/customization/index.html[22m
[2m10:33:33[22m [36m[1m[vite][22m[39m [90m[2m(client)[22m[39m [32mpage reload [39m[2mwork/inquiry-smtp-deploy/dist/downloads/index.html[22m
[2m10:33:33[22m [36m[1m[vite][22m[39m [90m[2m(client)[22m[39m [32mpage reload [39m[2mwork/inquiry-smtp-deploy/dist/factory/index.html[22m
[2m10:33:33[22m [36m[1m[vite][22m[39m [90m[2m(client)[22m[39m [32mpage reload [39m[2mwork/inquiry-smtp-deploy/dist/factory/factory-continuous-improvement/index.html[22m
[2m10:33:33[22m [36m[1m[vite][22m[39m [90m[2m(client)[22m[39m [32mpage reload [39m[2mwork/inquiry-smtp-deploy/dist/factory/certificates/index.html[22m
[2m10:33:33[22m [36m[1m[vite][22m[39m [90m[2m(client)[22m[39m [32mpage reload [39m[2mwork/inquiry-smtp-deploy/dist/factory/factory-line-changeover/index.html[22m
[2m10:33:33[22m [36m[1m[vite][22m[39m [90m[2m(client)[22m[39m [32mpage reload [39m[2mwork/inquiry-smtp-deploy/dist/factory/factory-export-document-control/index.html[22m
[2m10:33:33[22m [36m[1m[vite][22m[39m [90m[2m(client)[22m[39m [32mpage reload [39m[2mwork/inquiry-smtp-deploy/dist/factory/factory-in-process-inspection/index.html[22m
[2m10:33:33[22m [36m[1m[vite][22m[39m [90m[2m(client)[22m[39m [32mpage reload [39m[2mwork/inquiry-smtp-deploy/dist/factory/factory-customer-sample-room/index.html[22m
[2m10:33:33[22m [36m[1m[vite][22m[39m [90m[2m(client)[22m[39m [32mpage reload [39m[2mwork/inquiry-smtp-deploy/dist/factory/factory-preventive-maintenance/index.html[22m
[2m10:33:33[22m [36m[1m[vite][22m[39m [90m[2m(client)[22m[39m [32mpage reload [39m[2mwork/inquiry-smtp-deploy/dist/factory/factory-material-receiving/index.html[22m
[2m10:33:33[22m [36m[1m[vite][22m[39m [90m[2m(client)[22m[39m [32mpage reload [39m[2mwork/inquiry-smtp-deploy/dist/factory/container-loading/index.html[22m
[2m10:33:33[22m [36m[1m[vite][22m[39m [90m[2m(client)[22m[39m [32mpage reload [39m[2mwork/inquiry-smtp-deploy/dist/factory/production-line/index.html[22m
[2m10:33:33[22m [36m[1m[vite][22m[39m [90m[2m(client)[22m[39m [32mpage reload [39m[2mwork/inquiry-smtp-deploy/dist/factory/factory-pack-count-control/index.html[22m
[2m10:33:33[22m [36m[1m[vite][22m[39m [90m[2m(client)[22m[39m [32mpage reload [39m[2mwork/inquiry-smtp-deploy/dist/factory/quality-control/index.html[22m
[2m10:33:33[22m [36m[1m[vite][22m[39m [90m[2m(client)[22m[39m [32mpage reload [39m[2mwork/inquiry-smtp-deploy/dist/factory/packaging/index.html[22m
[2m10:33:33[22m [36m[1m[vite][22m[39m [90m[2m(client)[22m[39m [32mpage reload [39m[2mwork/inquiry-smtp-deploy/dist/factory/factory-traceability-system/index.html[22m
[2m10:33:33[22m [36m[1m[vite][22m[39m [90m[2m(client)[22m[39m [32mpage reload [39m[2mwork/inquiry-smtp-deploy/dist/factory/factory-nonconforming-product/index.html[22m
[2m10:33:33[22m [36m[1m[vite][22m[39m [90m[2m(client)[22m[39m [32mpage reload [39m[2mwork/inquiry-smtp-deploy/dist/factory/warehouse/index.html[22m
[2m10:33:33[22m [36m[1m[vite][22m[39m [90m[2m(client)[22m[39m [32mpage reload [39m[2mwork/inquiry-smtp-deploy/dist/factory/testing-laboratory/index.html[22m
[2m10:33:33[22m [36m[1m[vite][22m[39m [90m[2m(client)[22m[39m [32mpage reload [39m[2mwork/inquiry-smtp-deploy/dist/factory/sap/index.html[22m
[2m10:33:33[22m [36m[1m[vite][22m[39m [90m[2m(client)[22m[39m [32mpage reload [39m[2mwork/inquiry-smtp-deploy/dist/factory/pe-film/index.html[22m
[2m10:33:33[22m [36m[1m[vite][22m[39m [90m[2m(client)[22m[39m [32mpage reload [39m[2mwork/inquiry-smtp-deploy/dist/factory/raw-materials/index.html[22m
[2m10:33:33[22m [36m[1m[vite][22m[39m [90m[2m(client)[22m[39m [32mpage reload [39m[2mwork/inquiry-smtp-deploy/dist/faq/index.html[22m
[2m10:33:33[22m [36m[1m[vite][22m[39m [90m[2m(client)[22m[39m [32mpage reload [39m[2mwork/inquiry-smtp-deploy/dist/faq/customization-faq/index.html[22m
[2m10:33:33[22m [36m[1m[vite][22m[39m [90m[2m(client)[22m[39m [32mpage reload [39m[2mwork/inquiry-smtp-deploy/dist/faq/dog-poop-bag-faq/index.html[22m
[2m10:33:33[22m [36m[1m[vite][22m[39m [90m[2m(client)[22m[39m [32mpage reload [39m[2mwork/inquiry-smtp-deploy/dist/faq/import-procurement-faq/index.html[22m
[2m10:33:33[22m [36m[1m[vite][22m[39m [90m[2m(client)[22m[39m [32mpage reload [39m[2mwork/inquiry-smtp-deploy/dist/faq/oem-manufacturing-faq/index.html[22m
[2m10:33:33[22m [36m[1m[vite][22m[39m [90m[2m(client)[22m[39m [32mpage reload [39m[2mwork/inquiry-smtp-deploy/dist/faq/adult-underpad-faq/index.html[22m
[2m10:33:33[22m [36m[1m[vite][22m[39m [90m[2m(client)[22m[39m [32mpage reload [39m[2mwork/inquiry-smtp-deploy/dist/faq/pe-film-faq/index.html[22m
[2m10:33:33[22m [36m[1m[vite][22m[39m [90m[2m(client)[22m[39m [32mpage reload [39m[2mwork/inquiry-smtp-deploy/dist/faq/factory-audit-faq/index.html[22m
[2m10:33:33[22m [36m[1m[vite][22m[39m [90m[2m(client)[22m[39m [32mpage reload [39m[2mwork/inquiry-smtp-deploy/dist/faq/packaging-faq/index.html[22m
[2m10:33:33[22m [36m[1m[vite][22m[39m [90m[2m(client)[22m[39m [32mpage reload [39m[2mwork/inquiry-smtp-deploy/dist/faq/materials-faq/index.html[22m
[2m10:33:33[22m [36m[1m[vite][22m[39m [90m[2m(client)[22m[39m [32mpage reload [39m[2mwork/inquiry-smtp-deploy/dist/faq/pet-training-pad-faq/index.html[22m
[2m10:33:33[22m [36m[1m[vite][22m[39m [90m[2m(client)[22m[39m [32mpage reload [39m[2mwork/inquiry-smtp-deploy/dist/faq/shipping-faq/index.html[22m
[2m10:33:33[22m [36m[1m[vite][22m[39m [90m[2m(client)[22m[39m [32mpage reload [39m[2mwork/inquiry-smtp-deploy/dist/faq/quality-control-faq/index.html[22m
[2m10:33:33[22m [36m[1m[vite][22m[39m [90m[2m(client)[22m[39m [32mpage reload [39m[2mwork/inquiry-smtp-deploy/dist/faq/sap-technology-faq/index.html[22m
[2m10:33:33[22m [36m[1m[vite][22m[39m [90m[2m(client)[22m[39m [32mpage reload [39m[2mwork/inquiry-smtp-deploy/dist/faq/private-label-faq/index.html[22m
[2m10:33:33[22m [36m[1m[vite][22m[39m [90m[2m(client)[22m[39m [32mpage reload [39m[2mwork/inquiry-smtp-deploy/dist/sitemap.html[22m
[2m10:33:33[22m [36m[1m[vite][22m[39m [90m[2m(client)[22m[39m [32mpage reload [39m[2mwork/inquiry-smtp-deploy/dist/materials/index.html[22m
[2m10:33:33[22m [36m[1m[vite][22m[39m [90m[2m(client)[22m[39m [32mpage reload [39m[2mwork/inquiry-smtp-deploy/dist/materials/absorbent-paper-core/index.html[22m
[2m10:33:33[22m [36m[1m[vite][22m[39m [90m[2m(client)[22m[39m [32mpage reload [39m[2mwork/inquiry-smtp-deploy/dist/materials/adhesive-backing-strips/index.html[22m
[2m10:33:33[22m [36m[1m[vite][22m[39m [90m[2m(client)[22m[39m [32mpage reload [39m[2mwork/inquiry-smtp-deploy/dist/materials/acquisition-distribution-layer/index.html[22m
[2m10:33:33[22m [36m[1m[vite][22m[39m [90m[2m(client)[22m[39m [32mpage reload [39m[2mwork/inquiry-smtp-deploy/dist/materials/charcoal-odor-control-layer/index.html[22m
[2m10:33:33[22m [36m[1m[vite][22m[39m [90m[2m(client)[22m[39m [32mpage reload [39m[2mwork/inquiry-smtp-deploy/dist/materials/color-masterbatch-film/index.html[22m
[2m10:33:33[22m [36m[1m[vite][22m[39m [90m[2m(client)[22m[39m [32mpage reload [39m[2mwork/inquiry-smtp-deploy/dist/materials/corrugated-export-cartons/index.html[22m
[2m10:33:33[22m [36m[1m[vite][22m[39m [90m[2m(client)[22m[39m [32mpage reload [39m[2mwork/inquiry-smtp-deploy/dist/materials/pe-backing-film/index.html[22m
[2m10:33:33[22m [36m[1m[vite][22m[39m [90m[2m(client)[22m[39m [32mpage reload [39m[2mwork/inquiry-smtp-deploy/dist/materials/fluff-pulp-absorbent-core/index.html[22m
[2m10:33:33[22m [36m[1m[vite][22m[39m [90m[2m(client)[22m[39m [32mpage reload [39m[2mwork/inquiry-smtp-deploy/dist/materials/super-absorbent-polymer/index.html[22m
[2m10:33:33[22m [36m[1m[vite][22m[39m [90m[2m(client)[22m[39m [32mpage reload [39m[2mwork/inquiry-smtp-deploy/dist/materials/paper-and-plastic-roll-cores/index.html[22m
[2m10:33:33[22m [36m[1m[vite][22m[39m [90m[2m(client)[22m[39m [32mpage reload [39m[2mwork/inquiry-smtp-deploy/dist/materials/hot-melt-adhesive/index.html[22m
[2m10:33:33[22m [36m[1m[vite][22m[39m [90m[2m(client)[22m[39m [32mpage reload [39m[2mwork/inquiry-smtp-deploy/dist/materials/embossing-technology/index.html[22m
[2m10:33:33[22m [36m[1m[vite][22m[39m [90m[2m(client)[22m[39m [32mpage reload [39m[2mwork/inquiry-smtp-deploy/dist/materials/printed-pe-film/index.html[22m
[2m10:33:33[22m [36m[1m[vite][22m[39m [90m[2m(client)[22m[39m [32mpage reload [39m[2mwork/inquiry-smtp-deploy/dist/materials/nonwoven-topsheet/index.html[22m
[2m10:33:33[22m [36m[1m[vite][22m[39m [90m[2m(client)[22m[39m [32mpage reload [39m[2mwork/inquiry-smtp-deploy/dist/materials/tissue-distribution-layer/index.html[22m
[2m10:33:33[22m [36m[1m[vite][22m[39m [90m[2m(client)[22m[39m [32mpage reload [39m[2mwork/inquiry-smtp-deploy/dist/innovation/index.html[22m
[2m10:33:33[22m [36m[1m[vite][22m[39m [90m[2m(client)[22m[39m [32mpage reload [39m[2mwork/inquiry-smtp-deploy/dist/oem-process/index.html[22m
[2m10:33:33[22m [36m[1m[vite][22m[39m [90m[2m(client)[22m[39m [32mpage reload [39m[2mwork/inquiry-smtp-deploy/dist/media/index.html[22m
[2m10:33:33[22m [36m[1m[vite][22m[39m [90m[2m(client)[22m[39m [32mpage reload [39m[2mwork/inquiry-smtp-deploy/dist/news/index.html[22m
[2m10:33:33[22m [36m[1m[vite][22m[39m [90m[2m(client)[22m[39m [32mpage reload [39m[2mwork/inquiry-smtp-deploy/dist/oem-pet-pee-pads/index.html[22m
[2m10:33:33[22m [36m[1m[vite][22m[39m [90m[2m(client)[22m[39m [32mpage reload [39m[2mwork/inquiry-smtp-deploy/dist/pet-pad-factory/index.html[22m
[2m10:33:33[22m [36m[1m[vite][22m[39m [90m[2m(client)[22m[39m [32mpage reload [39m[2mwork/inquiry-smtp-deploy/dist/pages/affiliates/index.html[22m
[2m10:33:33[22m [36m[1m[vite][22m[39m [90m[2m(client)[22m[39m [32mpage reload [39m[2mwork/inquiry-smtp-deploy/dist/pages/give-back/index.html[22m
[2m10:33:33[22m [36m[1m[vite][22m[39m [90m[2m(client)[22m[39m [32mpage reload [39m[2mwork/inquiry-smtp-deploy/dist/pages/gift-cards/index.html[22m
[2m10:33:33[22m [36m[1m[vite][22m[39m [90m[2m(client)[22m[39m [32mpage reload [39m[2mwork/inquiry-smtp-deploy/dist/pages/help/index.html[22m
[2m10:33:33[22m [36m[1m[vite][22m[39m [90m[2m(client)[22m[39m [32mpage reload [39m[2mwork/inquiry-smtp-deploy/dist/pages/investor-relations/index.html[22m
[2m10:33:33[22m [36m[1m[vite][22m[39m [90m[2m(client)[22m[39m [32mpage reload [39m[2mwork/inquiry-smtp-deploy/dist/pages/about/index.html[22m
[2m10:33:33[22m [36m[1m[vite][22m[39m [90m[2m(client)[22m[39m [32mpage reload [39m[2mwork/inquiry-smtp-deploy/dist/pages/learn/index.html[22m
[2m10:33:33[22m [36m[1m[vite][22m[39m [90m[2m(client)[22m[39m [32mpage reload [39m[2mwork/inquiry-smtp-deploy/dist/pages/news/index.html[22m
[2m10:33:33[22m [36m[1m[vite][22m[39m [90m[2m(client)[22m[39m [32mpage reload [39m[2mwork/inquiry-smtp-deploy/dist/pages/news/absorbent-core-development-notes/index.html[22m
[2m10:33:33[22m [36m[1m[vite][22m[39m [90m[2m(client)[22m[39m [32mpage reload [39m[2mwork/inquiry-smtp-deploy/dist/pages/news/factory-visual-content-for-b2b-brands/index.html[22m
[2m10:33:33[22m [36m[1m[vite][22m[39m [90m[2m(client)[22m[39m [32mpage reload [39m[2mwork/inquiry-smtp-deploy/dist/pages/news/private-label-pet-pad-ideas/index.html[22m
[2m10:33:33[22m [36m[1m[vite][22m[39m [90m[2m(client)[22m[39m [32mpage reload [39m[2mwork/inquiry-smtp-deploy/dist/pet-pee-pad-manufacturer/index.html[22m
[2m10:33:33[22m [36m[1m[vite][22m[39m [90m[2m(client)[22m[39m [32mpage reload [39m[2mwork/inquiry-smtp-deploy/dist/private-label-pet-pads/index.html[22m
[2m10:33:33[22m [36m[1m[vite][22m[39m [90m[2m(client)[22m[39m [32mpage reload [39m[2mwork/inquiry-smtp-deploy/dist/projects/index.html[22m
[2m10:33:33[22m [36m[1m[vite][22m[39m [90m[2m(client)[22m[39m [32mpage reload [39m[2mwork/inquiry-smtp-deploy/dist/products/adhesive-pet-pads/index.html[22m
[2m10:33:33[22m [36m[1m[vite][22m[39m [90m[2m(client)[22m[39m [32mpage reload [39m[2mwork/inquiry-smtp-deploy/dist/products/disposable-pet-pads/index.html[22m
[2m10:33:33[22m [36m[1m[vite][22m[39m [90m[2m(client)[22m[39m [32mpage reload [39m[2mwork/inquiry-smtp-deploy/dist/products/adult-underpads/index.html[22m
[2m10:33:33[22m [36m[1m[vite][22m[39m [90m[2m(client)[22m[39m [32mpage reload [39m[2mwork/inquiry-smtp-deploy/dist/products/custom-pet-waste-bags/index.html[22m
[2m10:33:33[22m [36m[1m[vite][22m[39m [90m[2m(client)[22m[39m [32mpage reload [39m[2mwork/inquiry-smtp-deploy/dist/products/pet-absorbent-paper-sheets/index.html[22m
[2m10:33:33[22m [36m[1m[vite][22m[39m [90m[2m(client)[22m[39m [32mpage reload [39m[2mwork/inquiry-smtp-deploy/dist/products/charcoal-pet-pads/index.html[22m
[2m10:33:33[22m [36m[1m[vite][22m[39m [90m[2m(client)[22m[39m [32mpage reload [39m[2mwork/inquiry-smtp-deploy/dist/products/pet-care-pad-glove-wipes/index.html[22m
[2m10:33:33[22m [36m[1m[vite][22m[39m [90m[2m(client)[22m[39m [32mpage reload [39m[2mwork/inquiry-smtp-deploy/dist/profile/index.html[22m
[2m10:33:33[22m [36m[1m[vite][22m[39m [90m[2m(client)[22m[39m [32mpage reload [39m[2mwork/inquiry-smtp-deploy/dist/region/austria/index.html[22m
[2m10:33:33[22m [36m[1m[vite][22m[39m [90m[2m(client)[22m[39m [32mpage reload [39m[2mwork/inquiry-smtp-deploy/dist/region/belgium/index.html[22m
[2m10:33:33[22m [36m[1m[vite][22m[39m [90m[2m(client)[22m[39m [32mpage reload [39m[2mwork/inquiry-smtp-deploy/dist/region/denmark/index.html[22m
[2m10:33:33[22m [36m[1m[vite][22m[39m [90m[2m(client)[22m[39m [32mpage reload [39m[2mwork/inquiry-smtp-deploy/dist/region/canada/index.html[22m
[2m10:33:33[22m [36m[1m[vite][22m[39m [90m[2m(client)[22m[39m [32mpage reload [39m[2mwork/inquiry-smtp-deploy/dist/region/finland/index.html[22m
[2m10:33:33[22m [36m[1m[vite][22m[39m [90m[2m(client)[22m[39m [32mpage reload [39m[2mwork/inquiry-smtp-deploy/dist/region/france/index.html[22m
[2m10:33:33[22m [36m[1m[vite][22m[39m [90m[2m(client)[22m[39m [32mpage reload [39m[2mwork/inquiry-smtp-deploy/dist/region/germany/index.html[22m
[2m10:33:33[22m [36m[1m[vite][22m[39m [90m[2m(client)[22m[39m [32mpage reload [39m[2mwork/inquiry-smtp-deploy/dist/region/norway/index.html[22m
[2m10:33:33[22m [36m[1m[vite][22m[39m [90m[2m(client)[22m[39m [32mpage reload [39m[2mwork/inquiry-smtp-deploy/dist/region/ireland/index.html[22m
[2m10:33:33[22m [36m[1m[vite][22m[39m [90m[2m(client)[22m[39m [32mpage reload [39m[2mwork/inquiry-smtp-deploy/dist/region/poland/index.html[22m
[2m10:33:33[22m [36m[1m[vite][22m[39m [90m[2m(client)[22m[39m [32mpage reload [39m[2mwork/inquiry-smtp-deploy/dist/region/italy/index.html[22m
[2m10:33:33[22m [36m[1m[vite][22m[39m [90m[2m(client)[22m[39m [32mpage reload [39m[2mwork/inquiry-smtp-deploy/dist/region/netherlands/index.html[22m
[2m10:33:33[22m [36m[1m[vite][22m[39m [90m[2m(client)[22m[39m [32mpage reload [39m[2mwork/inquiry-smtp-deploy/dist/region/sweden/index.html[22m
[2m10:33:33[22m [36m[1m[vite][22m[39m [90m[2m(client)[22m[39m [32mpage reload [39m[2mwork/inquiry-smtp-deploy/dist/region/spain/index.html[22m
[2m10:33:33[22m [36m[1m[vite][22m[39m [90m[2m(client)[22m[39m [32mpage reload [39m[2mwork/inquiry-smtp-deploy/dist/region/portugal/index.html[22m
[2m10:33:33[22m [36m[1m[vite][22m[39m [90m[2m(client)[22m[39m [32mpage reload [39m[2mwork/inquiry-smtp-deploy/dist/region/united-kingdom/index.html[22m
[2m10:33:33[22m [36m[1m[vite][22m[39m [90m[2m(client)[22m[39m [32mpage reload [39m[2mwork/inquiry-smtp-deploy/dist/region/united-states/index.html[22m
[2m10:33:33[22m [36m[1m[vite][22m[39m [90m[2m(client)[22m[39m [32mpage reload [39m[2mwork/inquiry-smtp-deploy/dist/region/switzerland/index.html[22m
[2m10:33:33[22m [36m[1m[vite][22m[39m [90m[2m(client)[22m[39m [32mpage reload [39m[2mwork/inquiry-smtp-deploy/dist/quality/index.html[22m
[2m10:33:33[22m [36m[1m[vite][22m[39m [90m[2m(client)[22m[39m [32mpage reload [39m[2mwork/inquiry-smtp-deploy/dist/quality-control/index.html[22m
[2m10:33:33[22m [36m[1m[vite][22m[39m [90m[2m(client)[22m[39m [32mpage reload [39m[2mwork/inquiry-smtp-deploy/dist/resources/index.html[22m
[2m10:33:33[22m [36m[1m[vite][22m[39m [90m[2m(client)[22m[39m [32mpage reload [39m[2mwork/inquiry-smtp-deploy/dist/resources/container-loading-planner/index.html[22m
[2m10:33:33[22m [36m[1m[vite][22m[39m [90m[2m(client)[22m[39m [32mpage reload [39m[2mwork/inquiry-smtp-deploy/dist/resources/dog-poop-bag-specification-template/index.html[22m
[2m10:33:33[22m [36m[1m[vite][22m[39m [90m[2m(client)[22m[39m [32mpage reload [39m[2mwork/inquiry-smtp-deploy/dist/resources/adult-underpad-specification-template/index.html[22m
[2m10:33:33[22m [36m[1m[vite][22m[39m [90m[2m(client)[22m[39m [32mpage reload [39m[2mwork/inquiry-smtp-deploy/dist/resources/landed-cost-calculator-guide/index.html[22m
[2m10:33:33[22m [36m[1m[vite][22m[39m [90m[2m(client)[22m[39m [32mpage reload [39m[2mwork/inquiry-smtp-deploy/dist/resources/oem-project-brief-template/index.html[22m
[2m10:33:33[22m [36m[1m[vite][22m[39m [90m[2m(client)[22m[39m [32mpage reload [39m[2mwork/inquiry-smtp-deploy/dist/resources/packaging-artwork-checklist/index.html[22m
[2m10:33:33[22m [36m[1m[vite][22m[39m [90m[2m(client)[22m[39m [32mpage reload [39m[2mwork/inquiry-smtp-deploy/dist/resources/pre-shipment-inspection-checklist/index.html[22m
[2m10:33:33[22m [36m[1m[vite][22m[39m [90m[2m(client)[22m[39m [32mpage reload [39m[2mwork/inquiry-smtp-deploy/dist/resources/sample-evaluation-scorecard/index.html[22m
[2m10:33:33[22m [36m[1m[vite][22m[39m [90m[2m(client)[22m[39m [32mpage reload [39m[2mwork/inquiry-smtp-deploy/dist/resources/pet-pad-specification-template/index.html[22m
[2m10:33:33[22m [36m[1m[vite][22m[39m [90m[2m(client)[22m[39m [32mpage reload [39m[2mwork/inquiry-smtp-deploy/dist/resources/supplier-audit-checklist-download/index.html[22m
[2m10:33:33[22m [36m[1m[vite][22m[39m [90m[2m(client)[22m[39m [32mpage reload [39m[2mwork/inquiry-smtp-deploy/dist/request-product-plan/index.html[22m
[2m10:33:33[22m [36m[1m[vite][22m[39m [90m[2m(client)[22m[39m [32mpage reload [39m[2mwork/inquiry-smtp-deploy/dist/reports/index.html[22m
[2m10:33:33[22m [36m[1m[vite][22m[39m [90m[2m(client)[22m[39m [32mpage reload [39m[2mwork/inquiry-smtp-deploy/dist/reports/absorbent-materials-supply-report/index.html[22m
[2m10:33:33[22m [36m[1m[vite][22m[39m [90m[2m(client)[22m[39m [32mpage reload [39m[2mwork/inquiry-smtp-deploy/dist/reports/pet-care-sustainability-claims-report/index.html[22m
[2m10:33:33[22m [36m[1m[vite][22m[39m [90m[2m(client)[22m[39m [32mpage reload [39m[2mwork/inquiry-smtp-deploy/dist/reports/oem-manufacturing-risk-report/index.html[22m
[2m10:33:33[22m [36m[1m[vite][22m[39m [90m[2m(client)[22m[39m [32mpage reload [39m[2mwork/inquiry-smtp-deploy/dist/reports/global-pet-pad-market-procurement-report/index.html[22m
[2m10:33:33[22m [36m[1m[vite][22m[39m [90m[2m(client)[22m[39m [32mpage reload [39m[2mwork/inquiry-smtp-deploy/dist/reports/pet-product-logistics-resilience-report/index.html[22m
[2m10:33:33[22m [36m[1m[vite][22m[39m [90m[2m(client)[22m[39m [32mpage reload [39m[2mwork/inquiry-smtp-deploy/dist/reports/pet-product-packaging-trends-report/index.html[22m
[2m10:33:33[22m [36m[1m[vite][22m[39m [90m[2m(client)[22m[39m [32mpage reload [39m[2mwork/inquiry-smtp-deploy/dist/reports/pet-product-procurement-outlook-report/index.html[22m
[2m10:33:33[22m [36m[1m[vite][22m[39m [90m[2m(client)[22m[39m [32mpage reload [39m[2mwork/inquiry-smtp-deploy/dist/reports/private-label-pet-products-trends-report/index.html[22m
[2m10:33:33[22m [36m[1m[vite][22m[39m [90m[2m(client)[22m[39m [32mpage reload [39m[2mwork/inquiry-smtp-deploy/dist/reports/pet-product-quality-benchmark-report/index.html[22m
[2m10:33:33[22m [36m[1m[vite][22m[39m [90m[2m(client)[22m[39m [32mpage reload [39m[2mwork/inquiry-smtp-deploy/dist/reports/pet-product-retail-readiness-report/index.html[22m
[2m10:33:33[22m [36m[1m[vite][22m[39m [90m[2m(client)[22m[39m [32mpage reload [39m[2mwork/inquiry-smtp-deploy/dist/sign-in/index.html[22m
[2m10:33:34[22m [36m[1m[vite][22m[39m [90m[2m(client)[22m[39m [32mpage reload [39m[2mwork/inquiry-smtp-deploy/dist/index.html[22m
[2m10:33:35[22m [36m[1m[vite][22m[39m [90m[2m(client)[22m[39m [32mpage reload [39m[2mwork/inquiry-smtp-deploy/dist/index.html[22m
[2m10:33:35[22m [36m[1m[vite][22m[39m [90m[2m(client)[22m[39m [32mpage reload [39m[2mwork/inquiry-smtp-deploy/dist/about-factory/index.html[22m
[2m10:33:35[22m [36m[1m[vite][22m[39m [90m[2m(client)[22m[39m [32mpage reload [39m[2mwork/inquiry-smtp-deploy/dist/about/index.html[22m
[2m10:33:35[22m [36m[1m[vite][22m[39m [90m[2m(client)[22m[39m [32mpage reload [39m[2mwork/inquiry-smtp-deploy/dist/academy/index.html[22m
[2m10:33:35[22m [36m[1m[vite][22m[39m [90m[2m(client)[22m[39m [32mpage reload [39m[2mwork/inquiry-smtp-deploy/dist/blog/index.html[22m
[2m10:33:35[22m [36m[1m[vite][22m[39m [90m[2m(client)[22m[39m [32mpage reload [39m[2mwork/inquiry-smtp-deploy/dist/advantages/index.html[22m
[2m10:33:36[22m [36m[1m[vite][22m[39m [90m[2m(client)[22m[39m [32mpage reload [39m[2mwork/inquiry-smtp-deploy/dist/blog/activated-charcoal-pet-pads-buyer-guide/index.html[22m
[2m10:33:36[22m [36m[1m[vite][22m[39m [90m[2m(client)[22m[39m [32mpage reload [39m[2mwork/inquiry-smtp-deploy/dist/authors/jczcare-editorial-team/index.html[22m
[2m10:33:36[22m [36m[1m[vite][22m[39m [90m[2m(client)[22m[39m [32mpage reload [39m[2mwork/inquiry-smtp-deploy/dist/blog/absorption-speed-vs-capacity-pet-pads/index.html[22m
[2m10:33:36[22m [36m[1m[vite][22m[39m [90m[2m(client)[22m[39m [32mpage reload [39m[2mwork/inquiry-smtp-deploy/dist/blog/adult-underpad-absorbency-specification/index.html[22m
[2m10:33:36[22m [36m[1m[vite][22m[39m [90m[2m(client)[22m[39m [32mpage reload [39m[2mwork/inquiry-smtp-deploy/dist/blog/adhesive-puppy-pad-backing-options/index.html[22m
[2m10:33:36[22m [36m[1m[vite][22m[39m [90m[2m(client)[22m[39m [32mpage reload [39m[2mwork/inquiry-smtp-deploy/dist/blog/adult-underpad-quality-inspection/index.html[22m
[2m10:33:36[22m [36m[1m[vite][22m[39m [90m[2m(client)[22m[39m [32mpage reload [39m[2mwork/inquiry-smtp-deploy/dist/blog/adult-disposable-underpad-materials/index.html[22m
[2m10:33:36[22m [36m[1m[vite][22m[39m [90m[2m(client)[22m[39m [32mpage reload [39m[2mwork/inquiry-smtp-deploy/dist/blog/adult-underpad-size-weight-pack-count/index.html[22m
[2m10:33:36[22m [36m[1m[vite][22m[39m [90m[2m(client)[22m[39m [32mpage reload [39m[2mwork/inquiry-smtp-deploy/dist/blog/adult-underpad-arrival-inspection/index.html[22m
[2m10:33:36[22m [36m[1m[vite][22m[39m [90m[2m(client)[22m[39m [32mpage reload [39m[2mwork/inquiry-smtp-deploy/dist/blog/automation-pet-pad-manufacturing/index.html[22m
[2m10:33:36[22m [36m[1m[vite][22m[39m [90m[2m(client)[22m[39m [32mpage reload [39m[2mwork/inquiry-smtp-deploy/dist/blog/adult-underpad-surface-comfort-specification/index.html[22m
[2m10:33:36[22m [36m[1m[vite][22m[39m [90m[2m(client)[22m[39m [32mpage reload [39m[2mwork/inquiry-smtp-deploy/dist/blog/adult-underpad-pack-count-tender-planning/index.html[22m
[2m10:33:36[22m [36m[1m[vite][22m[39m [90m[2m(client)[22m[39m [32mpage reload [39m[2mwork/inquiry-smtp-deploy/dist/blog/annual-pet-product-sourcing-plan/index.html[22m
[2m10:33:36[22m [36m[1m[vite][22m[39m [90m[2m(client)[22m[39m [32mpage reload [39m[2mwork/inquiry-smtp-deploy/dist/blog/choose-reliable-pet-pad-manufacturer/index.html[22m
[2m10:33:36[22m [36m[1m[vite][22m[39m [90m[2m(client)[22m[39m [32mpage reload [39m[2mwork/inquiry-smtp-deploy/dist/blog/compostable-dog-poop-bags-due-diligence/index.html[22m
[2m10:33:36[22m [36m[1m[vite][22m[39m [90m[2m(client)[22m[39m [32mpage reload [39m[2mwork/inquiry-smtp-deploy/dist/blog/adult-underpad-backing-film-selection/index.html[22m
[2m10:33:36[22m [36m[1m[vite][22m[39m [90m[2m(client)[22m[39m [32mpage reload [39m[2mwork/inquiry-smtp-deploy/dist/blog/china-vs-vietnam-pet-product-sourcing/index.html[22m
[2m10:33:36[22m [36m[1m[vite][22m[39m [90m[2m(client)[22m[39m [32mpage reload [39m[2mwork/inquiry-smtp-deploy/dist/blog/custom-absorbency-targets-oem-pet-pads/index.html[22m
[2m10:33:36[22m [36m[1m[vite][22m[39m [90m[2m(client)[22m[39m [32mpage reload [39m[2mwork/inquiry-smtp-deploy/dist/blog/common-puppy-pad-quality-defects/index.html[22m
[2m10:33:36[22m [36m[1m[vite][22m[39m [90m[2m(client)[22m[39m [32mpage reload [39m[2mwork/inquiry-smtp-deploy/dist/blog/custom-packaging-private-label-pet-pads/index.html[22m
[2m10:33:36[22m [36m[1m[vite][22m[39m [90m[2m(client)[22m[39m [32mpage reload [39m[2mwork/inquiry-smtp-deploy/dist/blog/dog-poop-bag-packaging-options/index.html[22m
[2m10:33:36[22m [36m[1m[vite][22m[39m [90m[2m(client)[22m[39m [32mpage reload [39m[2mwork/inquiry-smtp-deploy/dist/blog/choose-pet-product-supplier-long-term/index.html[22m
[2m10:33:36[22m [36m[1m[vite][22m[39m [90m[2m(client)[22m[39m [32mpage reload [39m[2mwork/inquiry-smtp-deploy/dist/blog/dog-waste-bag-roll-core-sizes/index.html[22m
[2m10:33:36[22m [36m[1m[vite][22m[39m [90m[2m(client)[22m[39m [32mpage reload [39m[2mwork/inquiry-smtp-deploy/dist/blog/dog-poop-bag-roll-count-verification/index.html[22m
[2m10:33:36[22m [36m[1m[vite][22m[39m [90m[2m(client)[22m[39m [32mpage reload [39m[2mwork/inquiry-smtp-deploy/dist/blog/demand-forecast-oem-pet-pad-supply/index.html[22m
[2m10:33:36[22m [36m[1m[vite][22m[39m [90m[2m(client)[22m[39m [32mpage reload [39m[2mwork/inquiry-smtp-deploy/dist/blog/dog-poop-bag-dispenser-compatibility/index.html[22m
[2m10:33:36[22m [36m[1m[vite][22m[39m [90m[2m(client)[22m[39m [32mpage reload [39m[2mwork/inquiry-smtp-deploy/dist/blog/dog-waste-bag-perforation-control/index.html[22m
[2m10:33:36[22m [36m[1m[vite][22m[39m [90m[2m(client)[22m[39m [32mpage reload [39m[2mwork/inquiry-smtp-deploy/dist/blog/dog-waste-bag-scent-selection/index.html[22m
[2m10:33:36[22m [36m[1m[vite][22m[39m [90m[2m(client)[22m[39m [32mpage reload [39m[2mwork/inquiry-smtp-deploy/dist/blog/ecommerce-private-label-pet-products/index.html[22m
[2m10:33:36[22m [36m[1m[vite][22m[39m [90m[2m(client)[22m[39m [32mpage reload [39m[2mwork/inquiry-smtp-deploy/dist/blog/dog-waste-bag-thickness-tear-resistance/index.html[22m
[2m10:33:36[22m [36m[1m[vite][22m[39m [90m[2m(client)[22m[39m [32mpage reload [39m[2mwork/inquiry-smtp-deploy/dist/blog/dog-waste-bag-print-registration/index.html[22m
[2m10:33:36[22m [36m[1m[vite][22m[39m [90m[2m(client)[22m[39m [32mpage reload [39m[2mwork/inquiry-smtp-deploy/dist/blog/evaluate-pet-product-samples/index.html[22m
[2m10:33:36[22m [36m[1m[vite][22m[39m [90m[2m(client)[22m[39m [32mpage reload [39m[2mwork/inquiry-smtp-deploy/dist/blog/factory-traceability-audit/index.html[22m
[2m10:33:36[22m [36m[1m[vite][22m[39m [90m[2m(client)[22m[39m [32mpage reload [39m[2mwork/inquiry-smtp-deploy/dist/blog/factory-maintenance-audit-pet-products/index.html[22m
[2m10:33:36[22m [36m[1m[vite][22m[39m [90m[2m(client)[22m[39m [32mpage reload [39m[2mwork/inquiry-smtp-deploy/dist/blog/factory-subcontracting-control/index.html[22m
[2m10:33:36[22m [36m[1m[vite][22m[39m [90m[2m(client)[22m[39m [32mpage reload [39m[2mwork/inquiry-smtp-deploy/dist/blog/factory-business-continuity-review/index.html[22m
[2m10:33:36[22m [36m[1m[vite][22m[39m [90m[2m(client)[22m[39m [32mpage reload [39m[2mwork/inquiry-smtp-deploy/dist/blog/future-oem-pet-product-manufacturing/index.html[22m
[2m10:33:36[22m [36m[1m[vite][22m[39m [90m[2m(client)[22m[39m [32mpage reload [39m[2mwork/inquiry-smtp-deploy/dist/blog/evaluate-pet-pad-production-capacity/index.html[22m
[2m10:33:36[22m [36m[1m[vite][22m[39m [90m[2m(client)[22m[39m [32mpage reload [39m[2mwork/inquiry-smtp-deploy/dist/blog/five-layer-puppy-pad-construction/index.html[22m
[2m10:33:36[22m [36m[1m[vite][22m[39m [90m[2m(client)[22m[39m [32mpage reload [39m[2mwork/inquiry-smtp-deploy/dist/blog/fluff-pulp-absorbent-paper-supply/index.html[22m
[2m10:33:36[22m [36m[1m[vite][22m[39m [90m[2m(client)[22m[39m [32mpage reload [39m[2mwork/inquiry-smtp-deploy/dist/blog/hdpe-vs-ldpe-dog-waste-bags/index.html[22m
[2m10:33:36[22m [36m[1m[vite][22m[39m [90m[2m(client)[22m[39m [32mpage reload [39m[2mwork/inquiry-smtp-deploy/dist/blog/fob-vs-cif-pet-pad-shipments/index.html[22m
[2m10:33:36[22m [36m[1m[vite][22m[39m [90m[2m(client)[22m[39m [32mpage reload [39m[2mwork/inquiry-smtp-deploy/dist/blog/evaluate-pet-pad-factory-before-order/index.html[22m
[2m10:33:36[22m [36m[1m[vite][22m[39m [90m[2m(client)[22m[39m [32mpage reload [39m[2mwork/inquiry-smtp-deploy/dist/blog/hospital-underpad-procurement-guide/index.html[22m
[2m10:33:36[22m [36m[1m[vite][22m[39m [90m[2m(client)[22m[39m [32mpage reload [39m[2mwork/inquiry-smtp-deploy/dist/blog/how-dog-waste-bags-are-manufactured/index.html[22m
[2m10:33:36[22m [36m[1m[vite][22m[39m [90m[2m(client)[22m[39m [32mpage reload [39m[2mwork/inquiry-smtp-deploy/dist/blog/hot-melt-adhesive-absorbent-products/index.html[22m
[2m10:33:36[22m [36m[1m[vite][22m[39m [90m[2m(client)[22m[39m [32mpage reload [39m[2mwork/inquiry-smtp-deploy/dist/blog/imported-pet-product-lead-time/index.html[22m
[2m10:33:36[22m [36m[1m[vite][22m[39m [90m[2m(client)[22m[39m [32mpage reload [39m[2mwork/inquiry-smtp-deploy/dist/blog/incoterms-pet-product-importers/index.html[22m
[2m10:33:36[22m [36m[1m[vite][22m[39m [90m[2m(client)[22m[39m [32mpage reload [39m[2mwork/inquiry-smtp-deploy/dist/blog/leak-proof-dog-poop-bag-specification/index.html[22m
[2m10:33:36[22m [36m[1m[vite][22m[39m [90m[2m(client)[22m[39m [32mpage reload [39m[2mwork/inquiry-smtp-deploy/dist/blog/how-puppy-pads-are-manufactured/index.html[22m
[2m10:33:36[22m [36m[1m[vite][22m[39m [90m[2m(client)[22m[39m [32mpage reload [39m[2mwork/inquiry-smtp-deploy/dist/blog/global-pet-care-market-oem-buyers/index.html[22m
[2m10:33:36[22m [36m[1m[vite][22m[39m [90m[2m(client)[22m[39m [32mpage reload [39m[2mwork/inquiry-smtp-deploy/dist/blog/institutional-underpad-supplier-program/index.html[22m
[2m10:33:36[22m [36m[1m[vite][22m[39m [90m[2m(client)[22m[39m [32mpage reload [39m[2mwork/inquiry-smtp-deploy/dist/blog/multi-language-pet-product-packaging/index.html[22m
[2m10:33:36[22m [36m[1m[vite][22m[39m [90m[2m(client)[22m[39m [32mpage reload [39m[2mwork/inquiry-smtp-deploy/dist/blog/nda-product-information-oem-sourcing/index.html[22m
[2m10:33:36[22m [36m[1m[vite][22m[39m [90m[2m(client)[22m[39m [32mpage reload [39m[2mwork/inquiry-smtp-deploy/dist/blog/nonwoven-basis-weight-pet-pads/index.html[22m
[2m10:33:36[22m [36m[1m[vite][22m[39m [90m[2m(client)[22m[39m [32mpage reload [39m[2mwork/inquiry-smtp-deploy/dist/blog/multi-sku-pet-pad-range-launch/index.html[22m
[2m10:33:36[22m [36m[1m[vite][22m[39m [90m[2m(client)[22m[39m [32mpage reload [39m[2mwork/inquiry-smtp-deploy/dist/blog/nursing-home-underpad-supplier-evaluation/index.html[22m
[2m10:33:36[22m [36m[1m[vite][22m[39m [90m[2m(client)[22m[39m [32mpage reload [39m[2mwork/inquiry-smtp-deploy/dist/blog/oem-corrective-action-review/index.html[22m
[2m10:33:36[22m [36m[1m[vite][22m[39m [90m[2m(client)[22m[39m [32mpage reload [39m[2mwork/inquiry-smtp-deploy/dist/blog/oem-dog-waste-bag-manufacturing/index.html[22m
[2m10:33:36[22m [36m[1m[vite][22m[39m [90m[2m(client)[22m[39m [32mpage reload [39m[2mwork/inquiry-smtp-deploy/dist/blog/leak-proof-pe-backing-puppy-pads/index.html[22m
[2m10:33:36[22m [36m[1m[vite][22m[39m [90m[2m(client)[22m[39m [32mpage reload [39m[2mwork/inquiry-smtp-deploy/dist/blog/oem-capacity-allocation-review/index.html[22m
[2m10:33:36[22m [36m[1m[vite][22m[39m [90m[2m(client)[22m[39m [32mpage reload [39m[2mwork/inquiry-smtp-deploy/dist/blog/oem-multi-sku-launch-plan/index.html[22m
[2m10:33:36[22m [36m[1m[vite][22m[39m [90m[2m(client)[22m[39m [32mpage reload [39m[2mwork/inquiry-smtp-deploy/dist/blog/oem-adult-underpads-development/index.html[22m
[2m10:33:36[22m [36m[1m[vite][22m[39m [90m[2m(client)[22m[39m [32mpage reload [39m[2mwork/inquiry-smtp-deploy/dist/blog/oem-pet-pad-change-control/index.html[22m
[2m10:33:36[22m [36m[1m[vite][22m[39m [90m[2m(client)[22m[39m [32mpage reload [39m[2mwork/inquiry-smtp-deploy/dist/blog/oem-pet-pad-contract-manufacturing/index.html[22m
[2m10:33:36[22m [36m[1m[vite][22m[39m [90m[2m(client)[22m[39m [32mpage reload [39m[2mwork/inquiry-smtp-deploy/dist/blog/oem-pet-pad-product-brief/index.html[22m
[2m10:33:36[22m [36m[1m[vite][22m[39m [90m[2m(client)[22m[39m [32mpage reload [39m[2mwork/inquiry-smtp-deploy/dist/blog/oem-pilot-order-planning/index.html[22m
[2m10:33:36[22m [36m[1m[vite][22m[39m [90m[2m(client)[22m[39m [32mpage reload [39m[2mwork/inquiry-smtp-deploy/dist/blog/oem-pet-pad-production-timeline/index.html[22m
[2m10:33:36[22m [36m[1m[vite][22m[39m [90m[2m(client)[22m[39m [32mpage reload [39m[2mwork/inquiry-smtp-deploy/dist/blog/oem-pet-pad-sample-approval-workflow/index.html[22m
[2m10:33:36[22m [36m[1m[vite][22m[39m [90m[2m(client)[22m[39m [32mpage reload [39m[2mwork/inquiry-smtp-deploy/dist/blog/oem-pet-pad-pricing-factors/index.html[22m
[2m10:33:36[22m [36m[1m[vite][22m[39m [90m[2m(client)[22m[39m [32mpage reload [39m[2mwork/inquiry-smtp-deploy/dist/blog/oem-pet-pad-supplier-qualification-checklist/index.html[22m
[2m10:33:36[22m [36m[1m[vite][22m[39m [90m[2m(client)[22m[39m [32mpage reload [39m[2mwork/inquiry-smtp-deploy/dist/blog/oem-pet-product-negotiation-tips/index.html[22m
[2m10:33:36[22m [36m[1m[vite][22m[39m [90m[2m(client)[22m[39m [32mpage reload [39m[2mwork/inquiry-smtp-deploy/dist/blog/oem-product-change-control/index.html[22m
[2m10:33:36[22m [36m[1m[vite][22m[39m [90m[2m(client)[22m[39m [32mpage reload [39m[2mwork/inquiry-smtp-deploy/dist/blog/oem-pet-pad-moq-sampling-lead-time/index.html[22m
[2m10:33:36[22m [36m[1m[vite][22m[39m [90m[2m(client)[22m[39m [32mpage reload [39m[2mwork/inquiry-smtp-deploy/dist/blog/pe-film-trends-pet-pads-underpads/index.html[22m
[2m10:33:36[22m [36m[1m[vite][22m[39m [90m[2m(client)[22m[39m [32mpage reload [39m[2mwork/inquiry-smtp-deploy/dist/blog/pet-care-supply-chain-resilience/index.html[22m
[2m10:33:36[22m [36m[1m[vite][22m[39m [90m[2m(client)[22m[39m [32mpage reload [39m[2mwork/inquiry-smtp-deploy/dist/blog/oem-project-handoff-to-factory/index.html[22m
[2m10:33:36[22m [36m[1m[vite][22m[39m [90m[2m(client)[22m[39m [32mpage reload [39m[2mwork/inquiry-smtp-deploy/dist/blog/oem-vs-odm-pet-pads-buyers-guide/index.html[22m
[2m10:33:36[22m [36m[1m[vite][22m[39m [90m[2m(client)[22m[39m [32mpage reload [39m[2mwork/inquiry-smtp-deploy/dist/blog/pet-pad-container-loading-guide/index.html[22m
[2m10:33:36[22m [36m[1m[vite][22m[39m [90m[2m(client)[22m[39m [32mpage reload [39m[2mwork/inquiry-smtp-deploy/dist/blog/pe-film-pinhole-risk-pet-pads/index.html[22m
[2m10:33:36[22m [36m[1m[vite][22m[39m [90m[2m(client)[22m[39m [32mpage reload [39m[2mwork/inquiry-smtp-deploy/dist/blog/pet-pad-carton-compression-risk/index.html[22m
[2m10:33:36[22m [36m[1m[vite][22m[39m [90m[2m(client)[22m[39m [32mpage reload [39m[2mwork/inquiry-smtp-deploy/dist/blog/pet-pad-edge-sealing-quality/index.html[22m
[2m10:33:36[22m [36m[1m[vite][22m[39m [90m[2m(client)[22m[39m [32mpage reload [39m[2mwork/inquiry-smtp-deploy/dist/blog/pet-pad-defect-classification/index.html[22m
[2m10:33:36[22m [36m[1m[vite][22m[39m [90m[2m(client)[22m[39m [32mpage reload [39m[2mwork/inquiry-smtp-deploy/dist/blog/pe-film-backing-adult-underpads/index.html[22m
[2m10:33:36[22m [36m[1m[vite][22m[39m [90m[2m(client)[22m[39m [32mpage reload [39m[2mwork/inquiry-smtp-deploy/dist/blog/pet-pad-edge-seal-quality/index.html[22m
[2m10:33:36[22m [36m[1m[vite][22m[39m [90m[2m(client)[22m[39m [32mpage reload [39m[2mwork/inquiry-smtp-deploy/dist/blog/pet-pad-factory-quality-control-system/index.html[22m
[2m10:33:36[22m [36m[1m[vite][22m[39m [90m[2m(client)[22m[39m [32mpage reload [39m[2mwork/inquiry-smtp-deploy/dist/blog/pet-pad-performance-test-methods/index.html[22m
[2m10:33:36[22m [36m[1m[vite][22m[39m [90m[2m(client)[22m[39m [32mpage reload [39m[2mwork/inquiry-smtp-deploy/dist/blog/pet-pad-landed-cost-model-importers/index.html[22m
[2m10:33:36[22m [36m[1m[vite][22m[39m [90m[2m(client)[22m[39m [32mpage reload [39m[2mwork/inquiry-smtp-deploy/dist/blog/pet-pad-packaging-compliance-artwork-checklist/index.html[22m
[2m10:33:36[22m [36m[1m[vite][22m[39m [90m[2m(client)[22m[39m [32mpage reload [39m[2mwork/inquiry-smtp-deploy/dist/blog/pet-pad-folding-pack-efficiency/index.html[22m
[2m10:33:36[22m [36m[1m[vite][22m[39m [90m[2m(client)[22m[39m [32mpage reload [39m[2mwork/inquiry-smtp-deploy/dist/blog/pet-pad-quality-control-buyers-checklist/index.html[22m
[2m10:33:36[22m [36m[1m[vite][22m[39m [90m[2m(client)[22m[39m [32mpage reload [39m[2mwork/inquiry-smtp-deploy/dist/blog/pet-pad-embossing-patterns/index.html[22m
[2m10:33:36[22m [36m[1m[vite][22m[39m [90m[2m(client)[22m[39m [32mpage reload [39m[2mwork/inquiry-smtp-deploy/dist/blog/pet-pad-factory-audit-remote-and-onsite/index.html[22m
[2m10:33:36[22m [36m[1m[vite][22m[39m [90m[2m(client)[22m[39m [32mpage reload [39m[2mwork/inquiry-smtp-deploy/dist/blog/pet-pad-quality-control-inspection-plan/index.html[22m
[2m10:33:36[22m [36m[1m[vite][22m[39m [90m[2m(client)[22m[39m [32mpage reload [39m[2mwork/inquiry-smtp-deploy/dist/blog/pet-pad-embossing-pattern-selection/index.html[22m
[2m10:33:36[22m [36m[1m[vite][22m[39m [90m[2m(client)[22m[39m [32mpage reload [39m[2mwork/inquiry-smtp-deploy/dist/blog/pet-pad-pilot-order-planning/index.html[22m
[2m10:33:36[22m [36m[1m[vite][22m[39m [90m[2m(client)[22m[39m [32mpage reload [39m[2mwork/inquiry-smtp-deploy/dist/sitemap.html[22m
[2m10:33:36[22m [36m[1m[vite][22m[39m [90m[2m(client)[22m[39m [32mpage reload [39m[2mwork/inquiry-smtp-deploy/dist/blog/pet-pad-repeat-order-consistency/index.html[22m
[2m10:33:36[22m [36m[1m[vite][22m[39m [90m[2m(client)[22m[39m [32mpage reload [39m[2mwork/inquiry-smtp-deploy/dist/blog/pet-pad-technical-specification-sheet/index.html[22m
[2m10:33:36[22m [36m[1m[vite][22m[39m [90m[2m(client)[22m[39m [32mpage reload [39m[2mwork/inquiry-smtp-deploy/dist/blog/pet-pad-retained-sample-program/index.html[22m
[2m10:33:36[22m [36m[1m[vite][22m[39m [90m[2m(client)[22m[39m [32mpage reload [39m[2mwork/inquiry-smtp-deploy/dist/blog/pet-product-dieline-approval/index.html[22m
[2m10:33:36[22m [36m[1m[vite][22m[39m [90m[2m(client)[22m[39m [32mpage reload [39m[2mwork/inquiry-smtp-deploy/dist/blog/pet-product-container-moisture-control/index.html[22m
[2m10:33:36[22m [36m[1m[vite][22m[39m [90m[2m(client)[22m[39m [32mpage reload [39m[2mwork/inquiry-smtp-deploy/dist/blog/pet-product-factory-tour-checklist/index.html[22m
[2m10:33:36[22m [36m[1m[vite][22m[39m [90m[2m(client)[22m[39m [32mpage reload [39m[2mwork/inquiry-smtp-deploy/dist/blog/pet-product-lcl-vs-fcl-decision/index.html[22m
[2m10:33:36[22m [36m[1m[vite][22m[39m [90m[2m(client)[22m[39m [32mpage reload [39m[2mwork/inquiry-smtp-deploy/dist/blog/pet-product-export-documents/index.html[22m
[2m10:33:36[22m [36m[1m[vite][22m[39m [90m[2m(client)[22m[39m [32mpage reload [39m[2mwork/inquiry-smtp-deploy/dist/blog/pet-product-quotation-normalization/index.html[22m
[2m10:33:36[22m [36m[1m[vite][22m[39m [90m[2m(client)[22m[39m [32mpage reload [39m[2mwork/inquiry-smtp-deploy/dist/blog/pet-product-reorder-point-planning/index.html[22m
[2m10:33:36[22m [36m[1m[vite][22m[39m [90m[2m(client)[22m[39m [32mpage reload [39m[2mwork/inquiry-smtp-deploy/dist/blog/pet-product-packaging-cost-engineering/index.html[22m
[2m10:33:36[22m [36m[1m[vite][22m[39m [90m[2m(client)[22m[39m [32mpage reload [39m[2mwork/inquiry-smtp-deploy/dist/blog/pet-product-golden-sample-control/index.html[22m
[2m10:33:36[22m [36m[1m[vite][22m[39m [90m[2m(client)[22m[39m [32mpage reload [39m[2mwork/inquiry-smtp-deploy/dist/blog/pet-product-payment-milestone-plan/index.html[22m
[2m10:33:36[22m [36m[1m[vite][22m[39m [90m[2m(client)[22m[39m [32mpage reload [39m[2mwork/inquiry-smtp-deploy/dist/blog/pet-product-shipping-document-checklist/index.html[22m
[2m10:33:36[22m [36m[1m[vite][22m[39m [90m[2m(client)[22m[39m [32mpage reload [39m[2mwork/inquiry-smtp-deploy/dist/blog/pet-product-supplier-scorecard/index.html[22m
[2m10:33:36[22m [36m[1m[vite][22m[39m [90m[2m(client)[22m[39m [32mpage reload [39m[2mwork/inquiry-smtp-deploy/dist/blog/pet-product-sourcing-priorities-2027/index.html[22m
[2m10:33:36[22m [36m[1m[vite][22m[39m [90m[2m(client)[22m[39m [32mpage reload [39m[2mwork/inquiry-smtp-deploy/dist/blog/pet-product-supplier-red-flags/index.html[22m
[2m10:33:36[22m [36m[1m[vite][22m[39m [90m[2m(client)[22m[39m [32mpage reload [39m[2mwork/inquiry-smtp-deploy/dist/blog/pet-product-packaging-trends/index.html[22m
[2m10:33:36[22m [36m[1m[vite][22m[39m [90m[2m(client)[22m[39m [32mpage reload [39m[2mwork/inquiry-smtp-deploy/dist/blog/private-label-adult-underpad-packaging/index.html[22m
[2m10:33:36[22m [36m[1m[vite][22m[39m [90m[2m(client)[22m[39m [32mpage reload [39m[2mwork/inquiry-smtp-deploy/dist/blog/pet-product-warehouse-export-management/index.html[22m
[2m10:33:36[22m [36m[1m[vite][22m[39m [90m[2m(client)[22m[39m [32mpage reload [39m[2mwork/inquiry-smtp-deploy/dist/blog/printed-backing-film-pet-pads/index.html[22m
[2m10:33:36[22m [36m[1m[vite][22m[39m [90m[2m(client)[22m[39m [32mpage reload [39m[2mwork/inquiry-smtp-deploy/dist/blog/pre-shipment-inspection-pet-care-products/index.html[22m
[2m10:33:36[22m [36m[1m[vite][22m[39m [90m[2m(client)[22m[39m [32mpage reload [39m[2mwork/inquiry-smtp-deploy/dist/blog/private-label-claim-approval-workflow/index.html[22m
[2m10:33:36[22m [36m[1m[vite][22m[39m [90m[2m(client)[22m[39m [32mpage reload [39m[2mwork/inquiry-smtp-deploy/dist/blog/private-label-barcode-master-data/index.html[22m
[2m10:33:36[22m [36m[1m[vite][22m[39m [90m[2m(client)[22m[39m [32mpage reload [39m[2mwork/inquiry-smtp-deploy/dist/blog/private-label-dog-poop-bags-launch/index.html[22m
[2m10:33:36[22m [36m[1m[vite][22m[39m [90m[2m(client)[22m[39m [32mpage reload [39m[2mwork/inquiry-smtp-deploy/dist/blog/private-label-pet-pad-artwork-approval/index.html[22m
[2m10:33:36[22m [36m[1m[vite][22m[39m [90m[2m(client)[22m[39m [32mpage reload [39m[2mwork/inquiry-smtp-deploy/dist/blog/private-label-line-extension-planning/index.html[22m
[2m10:33:36[22m [36m[1m[vite][22m[39m [90m[2m(client)[22m[39m [32mpage reload [39m[2mwork/inquiry-smtp-deploy/dist/blog/private-label-pet-pad-launch-timeline/index.html[22m
[2m10:33:36[22m [36m[1m[vite][22m[39m [90m[2m(client)[22m[39m [32mpage reload [39m[2mwork/inquiry-smtp-deploy/dist/blog/private-label-pet-product-trends/index.html[22m
[2m10:33:36[22m [36m[1m[vite][22m[39m [90m[2m(client)[22m[39m [32mpage reload [39m[2mwork/inquiry-smtp-deploy/dist/blog/private-label-retailer-onboarding/index.html[22m
[2m10:33:36[22m [36m[1m[vite][22m[39m [90m[2m(client)[22m[39m [32mpage reload [39m[2mwork/inquiry-smtp-deploy/dist/blog/private-label-pet-training-pads-buyers-guide/index.html[22m
[2m10:33:36[22m [36m[1m[vite][22m[39m [90m[2m(client)[22m[39m [32mpage reload [39m[2mwork/inquiry-smtp-deploy/dist/blog/production-line-maintenance-oem-reliability/index.html[22m
[2m10:33:36[22m [36m[1m[vite][22m[39m [90m[2m(client)[22m[39m [32mpage reload [39m[2mwork/inquiry-smtp-deploy/dist/blog/private-label-pet-product-moq-guide/index.html[22m
[2m10:33:36[22m [36m[1m[vite][22m[39m [90m[2m(client)[22m[39m [32mpage reload [39m[2mwork/inquiry-smtp-deploy/dist/blog/raw-material-volatility-pet-products/index.html[22m
[2m10:33:36[22m [36m[1m[vite][22m[39m [90m[2m(client)[22m[39m [32mpage reload [39m[2mwork/inquiry-smtp-deploy/dist/blog/puppy-pad-surface-intake-design/index.html[22m
[2m10:33:36[22m [36m[1m[vite][22m[39m [90m[2m(client)[22m[39m [32mpage reload [39m[2mwork/inquiry-smtp-deploy/dist/blog/reduce-pet-product-purchasing-cost/index.html[22m
[2m10:33:37[22m [36m[1m[vite][22m[39m [90m[2m(client)[22m[39m [32mpage reload [39m[2mwork/inquiry-smtp-deploy/dist/blog/puppy-pad-rewet-testing/index.html[22m
[2m10:33:37[22m [36m[1m[vite][22m[39m [90m[2m(client)[22m[39m [32mpage reload [39m[2mwork/inquiry-smtp-deploy/dist/blog/reduce-pet-pad-procurement-costs/index.html[22m
[2m10:33:37[22m [36m[1m[vite][22m[39m [90m[2m(client)[22m[39m [32mpage reload [39m[2mwork/inquiry-smtp-deploy/dist/blog/resilient-pet-product-supply-chain/index.html[22m
[2m10:33:37[22m [36m[1m[vite][22m[39m [90m[2m(client)[22m[39m [32mpage reload [39m[2mwork/inquiry-smtp-deploy/dist/blog/retail-trends-pet-pad-ranges/index.html[22m
[2m10:33:37[22m [36m[1m[vite][22m[39m [90m[2m(client)[22m[39m [32mpage reload [39m[2mwork/inquiry-smtp-deploy/dist/blog/retail-pet-pad-size-range/index.html[22m
[2m10:33:37[22m [36m[1m[vite][22m[39m [90m[2m(client)[22m[39m [32mpage reload [39m[2mwork/inquiry-smtp-deploy/dist/blog/questions-oem-buyers-ask-pet-pad-factory/index.html[22m
[2m10:33:37[22m [36m[1m[vite][22m[39m [90m[2m(client)[22m[39m [32mpage reload [39m[2mwork/inquiry-smtp-deploy/dist/blog/review-eco-claims-pet-products/index.html[22m
[2m10:33:37[22m [36m[1m[vite][22m[39m [90m[2m(client)[22m[39m [32mpage reload [39m[2mwork/inquiry-smtp-deploy/dist/blog/review-pet-product-factory-certificates/index.html[22m
[2m10:33:37[22m [36m[1m[vite][22m[39m [90m[2m(client)[22m[39m [32mpage reload [39m[2mwork/inquiry-smtp-deploy/dist/blog/sap-dosing-consistency-audit/index.html[22m
[2m10:33:37[22m [36m[1m[vite][22m[39m [90m[2m(client)[22m[39m [32mpage reload [39m[2mwork/inquiry-smtp-deploy/dist/blog/sap-gel-blocking-pet-pads/index.html[22m
[2m10:33:37[22m [36m[1m[vite][22m[39m [90m[2m(client)[22m[39m [32mpage reload [39m[2mwork/inquiry-smtp-deploy/dist/blog/travel-pet-pad-sourcing-guide/index.html[22m
[2m10:33:37[22m [36m[1m[vite][22m[39m [90m[2m(client)[22m[39m [32mpage reload [39m[2mwork/inquiry-smtp-deploy/dist/blog/scented-vs-unscented-puppy-pads/index.html[22m
[2m10:33:37[22m [36m[1m[vite][22m[39m [90m[2m(client)[22m[39m [32mpage reload [39m[2mwork/inquiry-smtp-deploy/dist/blog/sustainability-absorbent-pet-products/index.html[22m
[2m10:33:37[22m [36m[1m[vite][22m[39m [90m[2m(client)[22m[39m [32mpage reload [39m[2mwork/inquiry-smtp-deploy/dist/blog/sap-supply-pricing-absorbent-products/index.html[22m
[2m10:33:37[22m [36m[1m[vite][22m[39m [90m[2m(client)[22m[39m [32mpage reload [39m[2mwork/inquiry-smtp-deploy/dist/blog/sap-in-puppy-pads/index.html[22m
[2m10:33:37[22m [36m[1m[vite][22m[39m [90m[2m(client)[22m[39m [32mpage reload [39m[2mwork/inquiry-smtp-deploy/dist/buyer-guides/index.html[22m
[2m10:33:37[22m [36m[1m[vite][22m[39m [90m[2m(client)[22m[39m [32mpage reload [39m[2mwork/inquiry-smtp-deploy/dist/blog/virgin-pulp-vs-recycled-pulp-pet-pads/index.html[22m
[2m10:33:37[22m [36m[1m[vite][22m[39m [90m[2m(client)[22m[39m [32mpage reload [39m[2mwork/inquiry-smtp-deploy/dist/blog/what-determines-puppy-pad-absorbency/index.html[22m
[2m10:33:37[22m [36m[1m[vite][22m[39m [90m[2m(client)[22m[39m [32mpage reload [39m[2mwork/inquiry-smtp-deploy/dist/blog/underpad-skin-contact-surface/index.html[22m
[2m10:33:37[22m [36m[1m[vite][22m[39m [90m[2m(client)[22m[39m [32mpage reload [39m[2mwork/inquiry-smtp-deploy/dist/blog/wholesale-dog-waste-bags-cost-moq/index.html[22m
[2m10:33:37[22m [36m[1m[vite][22m[39m [90m[2m(client)[22m[39m [32mpage reload [39m[2mwork/inquiry-smtp-deploy/dist/case-studies/index.html[22m
[2m10:33:37[22m [36m[1m[vite][22m[39m [90m[2m(client)[22m[39m [32mpage reload [39m[2mwork/inquiry-smtp-deploy/dist/certifications/index.html[22m
[2m10:33:37[22m [36m[1m[vite][22m[39m [90m[2m(client)[22m[39m [32mpage reload [39m[2mwork/inquiry-smtp-deploy/dist/comparisons/index.html[22m
[2m10:33:37[22m [36m[1m[vite][22m[39m [90m[2m(client)[22m[39m [32mpage reload [39m[2mwork/inquiry-smtp-deploy/dist/blog/category/adult-underpads/index.html[22m
[2m10:33:37[22m [36m[1m[vite][22m[39m [90m[2m(client)[22m[39m [32mpage reload [39m[2mwork/inquiry-smtp-deploy/dist/blog/category/factory-audit/index.html[22m
[2m10:33:37[22m [36m[1m[vite][22m[39m [90m[2m(client)[22m[39m [32mpage reload [39m[2mwork/inquiry-smtp-deploy/dist/blog/category/customization/index.html[22m
[2m10:33:37[22m [36m[1m[vite][22m[39m [90m[2m(client)[22m[39m [32mpage reload [39m[2mwork/inquiry-smtp-deploy/dist/blog/category/dog-poop-bags/index.html[22m
[2m10:33:37[22m [36m[1m[vite][22m[39m [90m[2m(client)[22m[39m [32mpage reload [39m[2mwork/inquiry-smtp-deploy/dist/blog/category/materials/index.html[22m
[2m10:33:37[22m [36m[1m[vite][22m[39m [90m[2m(client)[22m[39m [32mpage reload [39m[2mwork/inquiry-smtp-deploy/dist/blog/category/import-guide/index.html[22m
[2m10:33:37[22m [36m[1m[vite][22m[39m [90m[2m(client)[22m[39m [32mpage reload [39m[2mwork/inquiry-smtp-deploy/dist/blog/category/oem-manufacturing/index.html[22m
[2m10:33:37[22m [36m[1m[vite][22m[39m [90m[2m(client)[22m[39m [32mpage reload [39m[2mwork/inquiry-smtp-deploy/dist/blog/category/industry-insights/index.html[22m
[2m10:33:37[22m [36m[1m[vite][22m[39m [90m[2m(client)[22m[39m [32mpage reload [39m[2mwork/inquiry-smtp-deploy/dist/blog/category/private-label/index.html[22m
[2m10:33:37[22m [36m[1m[vite][22m[39m [90m[2m(client)[22m[39m [32mpage reload [39m[2mwork/inquiry-smtp-deploy/dist/blog/category/packaging/index.html[22m
[2m10:33:37[22m [36m[1m[vite][22m[39m [90m[2m(client)[22m[39m [32mpage reload [39m[2mwork/inquiry-smtp-deploy/dist/blog/category/sap-technology/index.html[22m
[2m10:33:37[22m [36m[1m[vite][22m[39m [90m[2m(client)[22m[39m [32mpage reload [39m[2mwork/inquiry-smtp-deploy/dist/blog/category/shipping/index.html[22m
[2m10:33:37[22m [36m[1m[vite][22m[39m [90m[2m(client)[22m[39m [32mpage reload [39m[2mwork/inquiry-smtp-deploy/dist/blog/category/pet-training-pads/index.html[22m
[2m10:33:37[22m [36m[1m[vite][22m[39m [90m[2m(client)[22m[39m [32mpage reload [39m[2mwork/inquiry-smtp-deploy/dist/blog/category/pe-film/index.html[22m
[2m10:33:37[22m [36m[1m[vite][22m[39m [90m[2m(client)[22m[39m [32mpage reload [39m[2mwork/inquiry-smtp-deploy/dist/blog/category/quality-control/index.html[22m
[2m10:33:37[22m [36m[1m[vite][22m[39m [90m[2m(client)[22m[39m [32mpage reload [39m[2mwork/inquiry-smtp-deploy/dist/contact/index.html[22m
[2m10:33:37[22m [36m[1m[vite][22m[39m [90m[2m(client)[22m[39m [32mpage reload [39m[2mwork/inquiry-smtp-deploy/dist/downloads/index.html[22m
[2m10:33:37[22m [36m[1m[vite][22m[39m [90m[2m(client)[22m[39m [32mpage reload [39m[2mwork/inquiry-smtp-deploy/dist/factory/index.html[22m
[2m10:33:37[22m [36m[1m[vite][22m[39m [90m[2m(client)[22m[39m [32mpage reload [39m[2mwork/inquiry-smtp-deploy/dist/customization/index.html[22m
[2m10:33:37[22m [36m[1m[vite][22m[39m [90m[2m(client)[22m[39m [32mpage reload [39m[2mwork/inquiry-smtp-deploy/dist/news/index.html[22m
[2m10:33:37[22m [36m[1m[vite][22m[39m [90m[2m(client)[22m[39m [32mpage reload [39m[2mwork/inquiry-smtp-deploy/dist/innovation/index.html[22m
[2m10:33:37[22m [36m[1m[vite][22m[39m [90m[2m(client)[22m[39m [32mpage reload [39m[2mwork/inquiry-smtp-deploy/dist/materials/index.html[22m
[2m10:33:37[22m [36m[1m[vite][22m[39m [90m[2m(client)[22m[39m [32mpage reload [39m[2mwork/inquiry-smtp-deploy/dist/faq/index.html[22m
[2m10:33:37[22m [36m[1m[vite][22m[39m [90m[2m(client)[22m[39m [32mpage reload [39m[2mwork/inquiry-smtp-deploy/dist/media/index.html[22m
[2m10:33:37[22m [36m[1m[vite][22m[39m [90m[2m(client)[22m[39m [32mpage reload [39m[2mwork/inquiry-smtp-deploy/dist/oem-process/index.html[22m
[2m10:33:37[22m [36m[1m[vite][22m[39m [90m[2m(client)[22m[39m [32mpage reload [39m[2mwork/inquiry-smtp-deploy/dist/oem-pet-pee-pads/index.html[22m
[2m10:33:37[22m [36m[1m[vite][22m[39m [90m[2m(client)[22m[39m [32mpage reload [39m[2mwork/inquiry-smtp-deploy/dist/pet-pad-factory/index.html[22m
[2m10:33:37[22m [36m[1m[vite][22m[39m [90m[2m(client)[22m[39m [32mpage reload [39m[2mwork/inquiry-smtp-deploy/dist/private-label-pet-pads/index.html[22m
[2m10:33:37[22m [36m[1m[vite][22m[39m [90m[2m(client)[22m[39m [32mpage reload [39m[2mwork/inquiry-smtp-deploy/dist/profile/index.html[22m
[2m10:33:37[22m [36m[1m[vite][22m[39m [90m[2m(client)[22m[39m [32mpage reload [39m[2mwork/inquiry-smtp-deploy/dist/pet-pee-pad-manufacturer/index.html[22m
[2m10:33:37[22m [36m[1m[vite][22m[39m [90m[2m(client)[22m[39m [32mpage reload [39m[2mwork/inquiry-smtp-deploy/dist/quality-control/index.html[22m
[2m10:33:37[22m [36m[1m[vite][22m[39m [90m[2m(client)[22m[39m [32mpage reload [39m[2mwork/inquiry-smtp-deploy/dist/quality/index.html[22m
[2m10:33:37[22m [36m[1m[vite][22m[39m [90m[2m(client)[22m[39m [32mpage reload [39m[2mwork/inquiry-smtp-deploy/dist/request-product-plan/index.html[22m
[2m10:33:37[22m [36m[1m[vite][22m[39m [90m[2m(client)[22m[39m [32mpage reload [39m[2mwork/inquiry-smtp-deploy/dist/projects/index.html[22m
[2m10:33:37[22m [36m[1m[vite][22m[39m [90m[2m(client)[22m[39m [32mpage reload [39m[2mwork/inquiry-smtp-deploy/dist/reports/index.html[22m
[2m10:33:37[22m [36m[1m[vite][22m[39m [90m[2m(client)[22m[39m [32mpage reload [39m[2mwork/inquiry-smtp-deploy/dist/resources/index.html[22m
[2m10:33:37[22m [36m[1m[vite][22m[39m [90m[2m(client)[22m[39m [32mpage reload [39m[2mwork/inquiry-smtp-deploy/dist/sign-in/index.html[22m
[2m10:33:37[22m [36m[1m[vite][22m[39m [90m[2m(client)[22m[39m [32mpage reload [39m[2mwork/inquiry-smtp-deploy/dist/buyer-guides/container-loading-buyer-guide/index.html[22m
[2m10:33:37[22m [36m[1m[vite][22m[39m [90m[2m(client)[22m[39m [32mpage reload [39m[2mwork/inquiry-smtp-deploy/dist/buyer-guides/amazon-private-label-guide/index.html[22m
[2m10:33:37[22m [36m[1m[vite][22m[39m [90m[2m(client)[22m[39m [32mpage reload [39m[2mwork/inquiry-smtp-deploy/dist/buyer-guides/adult-underpad-procurement-guide/index.html[22m
[2m10:33:37[22m [36m[1m[vite][22m[39m [90m[2m(client)[22m[39m [32mpage reload [39m[2mwork/inquiry-smtp-deploy/dist/buyer-guides/choose-oem-pet-pad-manufacturer/index.html[22m
[2m10:33:37[22m [36m[1m[vite][22m[39m [90m[2m(client)[22m[39m [32mpage reload [39m[2mwork/inquiry-smtp-deploy/dist/buyer-guides/first-order-to-repeat-order-guide/index.html[22m
[2m10:33:37[22m [36m[1m[vite][22m[39m [90m[2m(client)[22m[39m [32mpage reload [39m[2mwork/inquiry-smtp-deploy/dist/buyer-guides/fluff-pulp-buyer-guide/index.html[22m
[2m10:33:37[22m [36m[1m[vite][22m[39m [90m[2m(client)[22m[39m [32mpage reload [39m[2mwork/inquiry-smtp-deploy/dist/buyer-guides/dog-poop-bag-procurement-guide/index.html[22m
[2m10:33:37[22m [36m[1m[vite][22m[39m [90m[2m(client)[22m[39m [32mpage reload [39m[2mwork/inquiry-smtp-deploy/dist/buyer-guides/nonwoven-material-buyer-guide/index.html[22m
[2m10:33:37[22m [36m[1m[vite][22m[39m [90m[2m(client)[22m[39m [32mpage reload [39m[2mwork/inquiry-smtp-deploy/dist/buyer-guides/landed-cost-pet-products-guide/index.html[22m
[2m10:33:37[22m [36m[1m[vite][22m[39m [90m[2m(client)[22m[39m [32mpage reload [39m[2mwork/inquiry-smtp-deploy/dist/buyer-guides/fob-cif-pet-products-guide/index.html[22m
[2m10:33:37[22m [36m[1m[vite][22m[39m [90m[2m(client)[22m[39m [32mpage reload [39m[2mwork/inquiry-smtp-deploy/dist/buyer-guides/multi-supplier-strategy-guide/index.html[22m
[2m10:33:37[22m [36m[1m[vite][22m[39m [90m[2m(client)[22m[39m [32mpage reload [39m[2mwork/inquiry-smtp-deploy/dist/buyer-guides/odm-pet-product-development-guide/index.html[22m
[2m10:33:37[22m [36m[1m[vite][22m[39m [90m[2m(client)[22m[39m [32mpage reload [39m[2mwork/inquiry-smtp-deploy/dist/buyer-guides/oem-lead-time-guide/index.html[22m
[2m10:33:37[22m [36m[1m[vite][22m[39m [90m[2m(client)[22m[39m [32mpage reload [39m[2mwork/inquiry-smtp-deploy/dist/buyer-guides/oem-pet-product-sourcing-process/index.html[22m
[2m10:33:37[22m [36m[1m[vite][22m[39m [90m[2m(client)[22m[39m [32mpage reload [39m[2mwork/inquiry-smtp-deploy/dist/buyer-guides/oem-sampling-guide/index.html[22m
[2m10:33:37[22m [36m[1m[vite][22m[39m [90m[2m(client)[22m[39m [32mpage reload [39m[2mwork/inquiry-smtp-deploy/dist/buyer-guides/pet-pad-factory-audit-checklist/index.html[22m
[2m10:33:37[22m [36m[1m[vite][22m[39m [90m[2m(client)[22m[39m [32mpage reload [39m[2mwork/inquiry-smtp-deploy/dist/buyer-guides/oem-vs-odm-buyer-decision/index.html[22m
[2m10:33:37[22m [36m[1m[vite][22m[39m [90m[2m(client)[22m[39m [32mpage reload [39m[2mwork/inquiry-smtp-deploy/dist/buyer-guides/pet-pad-specification-guide/index.html[22m
[2m10:33:37[22m [36m[1m[vite][22m[39m [90m[2m(client)[22m[39m [32mpage reload [39m[2mwork/inquiry-smtp-deploy/dist/buyer-guides/pe-film-buyer-guide/index.html[22m
[2m10:33:37[22m [36m[1m[vite][22m[39m [90m[2m(client)[22m[39m [32mpage reload [39m[2mwork/inquiry-smtp-deploy/dist/buyer-guides/pet-pad-moq-negotiation/index.html[22m
[2m10:33:37[22m [36m[1m[vite][22m[39m [90m[2m(client)[22m[39m [32mpage reload [39m[2mwork/inquiry-smtp-deploy/dist/buyer-guides/pet-product-barcode-guide/index.html[22m
[2m10:33:37[22m [36m[1m[vite][22m[39m [90m[2m(client)[22m[39m [32mpage reload [39m[2mwork/inquiry-smtp-deploy/dist/buyer-guides/pet-product-carton-guide/index.html[22m
[2m10:33:37[22m [36m[1m[vite][22m[39m [90m[2m(client)[22m[39m [32mpage reload [39m[2mwork/inquiry-smtp-deploy/dist/buyer-guides/pet-product-forecast-guide/index.html[22m
[2m10:33:37[22m [36m[1m[vite][22m[39m [90m[2m(client)[22m[39m [32mpage reload [39m[2mwork/inquiry-smtp-deploy/dist/buyer-guides/pet-product-incoterms-guide/index.html[22m
[2m10:33:37[22m [36m[1m[vite][22m[39m [90m[2m(client)[22m[39m [32mpage reload [39m[2mwork/inquiry-smtp-deploy/dist/buyer-guides/pet-pad-sample-scorecard/index.html[22m
[2m10:33:37[22m [36m[1m[vite][22m[39m [90m[2m(client)[22m[39m [32mpage reload [39m[2mwork/inquiry-smtp-deploy/dist/buyer-guides/pet-product-moq-guide/index.html[22m
[2m10:33:37[22m [36m[1m[vite][22m[39m [90m[2m(client)[22m[39m [32mpage reload [39m[2mwork/inquiry-smtp-deploy/dist/buyer-guides/pet-product-import-document-guide/index.html[22m
[2m10:33:37[22m [36m[1m[vite][22m[39m [90m[2m(client)[22m[39m [32mpage reload [39m[2mwork/inquiry-smtp-deploy/dist/buyer-guides/pet-product-cost-reduction-guide/index.html[22m
[2m10:33:37[22m [36m[1m[vite][22m[39m [90m[2m(client)[22m[39m [32mpage reload [39m[2mwork/inquiry-smtp-deploy/dist/buyer-guides/pet-product-quality-plan/index.html[22m
[2m10:33:37[22m [36m[1m[vite][22m[39m [90m[2m(client)[22m[39m [32mpage reload [39m[2mwork/inquiry-smtp-deploy/dist/buyer-guides/pet-product-packaging-guide/index.html[22m
[2m10:33:37[22m [36m[1m[vite][22m[39m [90m[2m(client)[22m[39m [32mpage reload [39m[2mwork/inquiry-smtp-deploy/dist/buyer-guides/private-label-pet-products-launch/index.html[22m
[2m10:33:37[22m [36m[1m[vite][22m[39m [90m[2m(client)[22m[39m [32mpage reload [39m[2mwork/inquiry-smtp-deploy/dist/buyer-guides/pet-product-supplier-evaluation/index.html[22m
[2m10:33:37[22m [36m[1m[vite][22m[39m [90m[2m(client)[22m[39m [32mpage reload [39m[2mwork/inquiry-smtp-deploy/dist/buyer-guides/private-label-artwork-approval/index.html[22m
[2m10:33:37[22m [36m[1m[vite][22m[39m [90m[2m(client)[22m[39m [32mpage reload [39m[2mwork/inquiry-smtp-deploy/dist/buyer-guides/retail-chain-pet-product-guide/index.html[22m
[2m10:33:37[22m [36m[1m[vite][22m[39m [90m[2m(client)[22m[39m [32mpage reload [39m[2mwork/inquiry-smtp-deploy/dist/buyer-guides/sap-buyer-specification-guide/index.html[22m
[2m10:33:37[22m [36m[1m[vite][22m[39m [90m[2m(client)[22m[39m [32mpage reload [39m[2mwork/inquiry-smtp-deploy/dist/buyer-guides/production-schedule-buyer-guide/index.html[22m
[2m10:33:37[22m [36m[1m[vite][22m[39m [90m[2m(client)[22m[39m [32mpage reload [39m[2mwork/inquiry-smtp-deploy/dist/buyer-guides/remote-factory-audit-guide/index.html[22m
[2m10:33:37[22m [36m[1m[vite][22m[39m [90m[2m(client)[22m[39m [32mpage reload [39m[2mwork/inquiry-smtp-deploy/dist/buyer-guides/supplier-corrective-action-guide/index.html[22m
[2m10:33:37[22m [36m[1m[vite][22m[39m [90m[2m(client)[22m[39m [32mpage reload [39m[2mwork/inquiry-smtp-deploy/dist/buyer-guides/supplier-payment-terms-guide/index.html[22m
[2m10:33:37[22m [36m[1m[vite][22m[39m [90m[2m(client)[22m[39m [32mpage reload [39m[2mwork/inquiry-smtp-deploy/dist/buyer-guides/pre-shipment-inspection-guide/index.html[22m
[2m10:33:38[22m [36m[1m[vite][22m[39m [90m[2m(client)[22m[39m [32mpage reload [39m[2mwork/inquiry-smtp-deploy/dist/case-studies/adult-underpad-rewet-case/index.html[22m
[2m10:33:38[22m [36m[1m[vite][22m[39m [90m[2m(client)[22m[39m [32mpage reload [39m[2mwork/inquiry-smtp-deploy/dist/case-studies/european-private-label-pad-launch/index.html[22m
[2m10:33:38[22m [36m[1m[vite][22m[39m [90m[2m(client)[22m[39m [32mpage reload [39m[2mwork/inquiry-smtp-deploy/dist/case-studies/factory-audit-success/index.html[22m
[2m10:33:38[22m [36m[1m[vite][22m[39m [90m[2m(client)[22m[39m [32mpage reload [39m[2mwork/inquiry-smtp-deploy/dist/case-studies/container-optimization/index.html[22m
[2m10:33:38[22m [36m[1m[vite][22m[39m [90m[2m(client)[22m[39m [32mpage reload [39m[2mwork/inquiry-smtp-deploy/dist/case-studies/oem-manufacturing-process/index.html[22m
[2m10:33:38[22m [36m[1m[vite][22m[39m [90m[2m(client)[22m[39m [32mpage reload [39m[2mwork/inquiry-smtp-deploy/dist/case-studies/multi-sku-launch-recovery-case/index.html[22m
[2m10:33:38[22m [36m[1m[vite][22m[39m [90m[2m(client)[22m[39m [32mpage reload [39m[2mwork/inquiry-smtp-deploy/dist/case-studies/european-private-label-launch/index.html[22m
[2m10:33:38[22m [36m[1m[vite][22m[39m [90m[2m(client)[22m[39m [32mpage reload [39m[2mwork/inquiry-smtp-deploy/dist/case-studies/pet-pad-container-utilization-case/index.html[22m
[2m10:33:38[22m [36m[1m[vite][22m[39m [90m[2m(client)[22m[39m [32mpage reload [39m[2mwork/inquiry-smtp-deploy/dist/case-studies/landed-cost-reduction-framework/index.html[22m
[2m10:33:38[22m [36m[1m[vite][22m[39m [90m[2m(client)[22m[39m [32mpage reload [39m[2mwork/inquiry-smtp-deploy/dist/case-studies/pe-film-pinhole-case/index.html[22m
[2m10:33:38[22m [36m[1m[vite][22m[39m [90m[2m(client)[22m[39m [32mpage reload [39m[2mwork/inquiry-smtp-deploy/dist/case-studies/pet-product-landed-cost-case/index.html[22m
[2m10:33:38[22m [36m[1m[vite][22m[39m [90m[2m(client)[22m[39m [32mpage reload [39m[2mwork/inquiry-smtp-deploy/dist/case-studies/pet-pad-leakage-improvement-case/index.html[22m
[2m10:33:38[22m [36m[1m[vite][22m[39m [90m[2m(client)[22m[39m [32mpage reload [39m[2mwork/inquiry-smtp-deploy/dist/case-studies/private-label-packaging-recovery-case/index.html[22m
[2m10:33:38[22m [36m[1m[vite][22m[39m [90m[2m(client)[22m[39m [32mpage reload [39m[2mwork/inquiry-smtp-deploy/dist/case-studies/poop-bag-roll-count-case/index.html[22m
[2m10:33:38[22m [36m[1m[vite][22m[39m [90m[2m(client)[22m[39m [32mpage reload [39m[2mwork/inquiry-smtp-deploy/dist/case-studies/quality-improvement/index.html[22m
[2m10:33:38[22m [36m[1m[vite][22m[39m [90m[2m(client)[22m[39m [32mpage reload [39m[2mwork/inquiry-smtp-deploy/dist/case-studies/retailer-barcode-case/index.html[22m
[2m10:33:38[22m [36m[1m[vite][22m[39m [90m[2m(client)[22m[39m [32mpage reload [39m[2mwork/inquiry-smtp-deploy/dist/case-studies/sap-dosing-variation-case/index.html[22m
[2m10:33:38[22m [36m[1m[vite][22m[39m [90m[2m(client)[22m[39m [32mpage reload [39m[2mwork/inquiry-smtp-deploy/dist/case-studies/supplier-audit-remediation-case/index.html[22m
[2m10:33:38[22m [36m[1m[vite][22m[39m [90m[2m(client)[22m[39m [32mpage reload [39m[2mwork/inquiry-smtp-deploy/dist/case-studies/warehouse-mixed-carton-case/index.html[22m
[2m10:33:38[22m [36m[1m[vite][22m[39m [90m[2m(client)[22m[39m [32mpage reload [39m[2mwork/inquiry-smtp-deploy/dist/case-studies/us-distributor-underpad-program/index.html[22m
[2m10:33:38[22m [36m[1m[vite][22m[39m [90m[2m(client)[22m[39m [32mpage reload [39m[2mwork/inquiry-smtp-deploy/dist/comparisons/adult-underpads-vs-pet-pads/index.html[22m
[2m10:33:38[22m [36m[1m[vite][22m[39m [90m[2m(client)[22m[39m [32mpage reload [39m[2mwork/inquiry-smtp-deploy/dist/comparisons/air-freight-vs-ocean-freight-samples/index.html[22m
[2m10:33:38[22m [36m[1m[vite][22m[39m [90m[2m(client)[22m[39m [32mpage reload [39m[2mwork/inquiry-smtp-deploy/dist/comparisons/aql-inspection-vs-100-percent-check/index.html[22m
[2m10:33:38[22m [36m[1m[vite][22m[39m [90m[2m(client)[22m[39m [32mpage reload [39m[2mwork/inquiry-smtp-deploy/dist/comparisons/china-vs-vietnam-manufacturers/index.html[22m
[2m10:33:38[22m [36m[1m[vite][22m[39m [90m[2m(client)[22m[39m [32mpage reload [39m[2mwork/inquiry-smtp-deploy/dist/comparisons/bag-vs-box-pet-pad-packaging/index.html[22m
[2m10:33:38[22m [36m[1m[vite][22m[39m [90m[2m(client)[22m[39m [32mpage reload [39m[2mwork/inquiry-smtp-deploy/dist/comparisons/hdpe-vs-biodegradable-bags/index.html[22m
[2m10:33:38[22m [36m[1m[vite][22m[39m [90m[2m(client)[22m[39m [32mpage reload [39m[2mwork/inquiry-smtp-deploy/dist/comparisons/direct-factory-vs-trading-company/index.html[22m
[2m10:33:38[22m [36m[1m[vite][22m[39m [90m[2m(client)[22m[39m [32mpage reload [39m[2mwork/inquiry-smtp-deploy/dist/comparisons/annual-contract-vs-spot-buying/index.html[22m
[2m10:33:38[22m [36m[1m[vite][22m[39m [90m[2m(client)[22m[39m [32mpage reload [39m[2mwork/inquiry-smtp-deploy/dist/comparisons/domestic-vs-imported-pet-products/index.html[22m
[2m10:33:38[22m [36m[1m[vite][22m[39m [90m[2m(client)[22m[39m [32mpage reload [39m[2mwork/inquiry-smtp-deploy/dist/comparisons/fcl-vs-lcl-pet-products/index.html[22m
[2m10:33:38[22m [36m[1m[vite][22m[39m [90m[2m(client)[22m[39m [32mpage reload [39m[2mwork/inquiry-smtp-deploy/dist/comparisons/exclusive-formula-vs-open-platform/index.html[22m
[2m10:33:38[22m [36m[1m[vite][22m[39m [90m[2m(client)[22m[39m [32mpage reload [39m[2mwork/inquiry-smtp-deploy/dist/comparisons/fixed-forecast-vs-rolling-forecast/index.html[22m
[2m10:33:38[22m [36m[1m[vite][22m[39m [90m[2m(client)[22m[39m [32mpage reload [39m[2mwork/inquiry-smtp-deploy/dist/comparisons/oem-vs-odm/index.html[22m
[2m10:33:38[22m [36m[1m[vite][22m[39m [90m[2m(client)[22m[39m [32mpage reload [39m[2mwork/inquiry-smtp-deploy/dist/comparisons/oem-platform-vs-custom-development/index.html[22m
[2m10:33:38[22m [36m[1m[vite][22m[39m [90m[2m(client)[22m[39m [32mpage reload [39m[2mwork/inquiry-smtp-deploy/dist/comparisons/high-sap-vs-balanced-core/index.html[22m
[2m10:33:38[22m [36m[1m[vite][22m[39m [90m[2m(client)[22m[39m [32mpage reload [39m[2mwork/inquiry-smtp-deploy/dist/comparisons/manufacturer-standard-vs-buyer-spec/index.html[22m
[2m10:33:38[22m [36m[1m[vite][22m[39m [90m[2m(client)[22m[39m [32mpage reload [39m[2mwork/inquiry-smtp-deploy/dist/comparisons/one-sku-vs-multi-sku-launch/index.html[22m
[2m10:33:38[22m [36m[1m[vite][22m[39m [90m[2m(client)[22m[39m [32mpage reload [39m[2mwork/inquiry-smtp-deploy/dist/comparisons/pilot-order-vs-full-launch/index.html[22m
[2m10:33:38[22m [36m[1m[vite][22m[39m [90m[2m(client)[22m[39m [32mpage reload [39m[2mwork/inquiry-smtp-deploy/dist/comparisons/private-label-vs-wholesale/index.html[22m
[2m10:33:38[22m [36m[1m[vite][22m[39m [90m[2m(client)[22m[39m [32mpage reload [39m[2mwork/inquiry-smtp-deploy/dist/comparisons/single-supplier-vs-dual-sourcing/index.html[22m
[2m10:33:38[22m [36m[1m[vite][22m[39m [90m[2m(client)[22m[39m [32mpage reload [39m[2mwork/inquiry-smtp-deploy/dist/comparisons/pre-shipment-vs-arrival-inspection/index.html[22m
[2m10:33:38[22m [36m[1m[vite][22m[39m [90m[2m(client)[22m[39m [32mpage reload [39m[2mwork/inquiry-smtp-deploy/dist/comparisons/printed-bag-vs-neutral-packaging/index.html[22m
[2m10:33:38[22m [36m[1m[vite][22m[39m [90m[2m(client)[22m[39m [32mpage reload [39m[2mwork/inquiry-smtp-deploy/dist/comparisons/spunbond-vs-other-nonwoven/index.html[22m
[2m10:33:38[22m [36m[1m[vite][22m[39m [90m[2m(client)[22m[39m [32mpage reload [39m[2mwork/inquiry-smtp-deploy/dist/comparisons/retail-pack-vs-bulk-pack/index.html[22m
[2m10:33:38[22m [36m[1m[vite][22m[39m [90m[2m(client)[22m[39m [32mpage reload [39m[2mwork/inquiry-smtp-deploy/dist/comparisons/sap-vs-fluff-pulp/index.html[22m
[2m10:33:38[22m [36m[1m[vite][22m[39m [90m[2m(client)[22m[39m [32mpage reload [39m[2mwork/inquiry-smtp-deploy/dist/comparisons/virgin-vs-recycled-packaging/index.html[22m
[2m10:33:38[22m [36m[1m[vite][22m[39m [90m[2m(client)[22m[39m [32mpage reload [39m[2mwork/inquiry-smtp-deploy/dist/comparisons/virgin-vs-recycled-pulp/index.html[22m
[2m10:33:38[22m [36m[1m[vite][22m[39m [90m[2m(client)[22m[39m [32mpage reload [39m[2mwork/inquiry-smtp-deploy/dist/comparisons/thin-vs-thick-pe-backing/index.html[22m
[2m10:33:38[22m [36m[1m[vite][22m[39m [90m[2m(client)[22m[39m [32mpage reload [39m[2mwork/inquiry-smtp-deploy/dist/comparisons/standard-vs-custom-pet-pad-size/index.html[22m
[2m10:33:38[22m [36m[1m[vite][22m[39m [90m[2m(client)[22m[39m [32mpage reload [39m[2mwork/inquiry-smtp-deploy/dist/comparisons/visual-inspection-vs-performance-testing/index.html[22m
[2m10:33:38[22m [36m[1m[vite][22m[39m [90m[2m(client)[22m[39m [32mpage reload [39m[2mwork/inquiry-smtp-deploy/dist/factory/factory-continuous-improvement/index.html[22m
[2m10:33:38[22m [36m[1m[vite][22m[39m [90m[2m(client)[22m[39m [32mpage reload [39m[2mwork/inquiry-smtp-deploy/dist/factory/container-loading/index.html[22m
[2m10:33:38[22m [36m[1m[vite][22m[39m [90m[2m(client)[22m[39m [32mpage reload [39m[2mwork/inquiry-smtp-deploy/dist/factory/certificates/index.html[22m
[2m10:33:38[22m [36m[1m[vite][22m[39m [90m[2m(client)[22m[39m [32mpage reload [39m[2mwork/inquiry-smtp-deploy/dist/factory/factory-export-document-control/index.html[22m
[2m10:33:38[22m [36m[1m[vite][22m[39m [90m[2m(client)[22m[39m [32mpage reload [39m[2mwork/inquiry-smtp-deploy/dist/factory/factory-customer-sample-room/index.html[22m
[2m10:33:38[22m [36m[1m[vite][22m[39m [90m[2m(client)[22m[39m [32mpage reload [39m[2mwork/inquiry-smtp-deploy/dist/factory/factory-in-process-inspection/index.html[22m
[2m10:33:38[22m [36m[1m[vite][22m[39m [90m[2m(client)[22m[39m [32mpage reload [39m[2mwork/inquiry-smtp-deploy/dist/factory/factory-line-changeover/index.html[22m
[2m10:33:38[22m [36m[1m[vite][22m[39m [90m[2m(client)[22m[39m [32mpage reload [39m[2mwork/inquiry-smtp-deploy/dist/factory/factory-traceability-system/index.html[22m
[2m10:33:38[22m [36m[1m[vite][22m[39m [90m[2m(client)[22m[39m [32mpage reload [39m[2mwork/inquiry-smtp-deploy/dist/factory/factory-material-receiving/index.html[22m
[2m10:33:38[22m [36m[1m[vite][22m[39m [90m[2m(client)[22m[39m [32mpage reload [39m[2mwork/inquiry-smtp-deploy/dist/factory/factory-preventive-maintenance/index.html[22m
[2m10:33:38[22m [36m[1m[vite][22m[39m [90m[2m(client)[22m[39m [32mpage reload [39m[2mwork/inquiry-smtp-deploy/dist/factory/factory-pack-count-control/index.html[22m
[2m10:33:38[22m [36m[1m[vite][22m[39m [90m[2m(client)[22m[39m [32mpage reload [39m[2mwork/inquiry-smtp-deploy/dist/factory/factory-nonconforming-product/index.html[22m
[2m10:33:38[22m [36m[1m[vite][22m[39m [90m[2m(client)[22m[39m [32mpage reload [39m[2mwork/inquiry-smtp-deploy/dist/factory/pe-film/index.html[22m
[2m10:33:38[22m [36m[1m[vite][22m[39m [90m[2m(client)[22m[39m [32mpage reload [39m[2mwork/inquiry-smtp-deploy/dist/factory/raw-materials/index.html[22m
[2m10:33:38[22m [36m[1m[vite][22m[39m [90m[2m(client)[22m[39m [32mpage reload [39m[2mwork/inquiry-smtp-deploy/dist/factory/quality-control/index.html[22m
[2m10:33:38[22m [36m[1m[vite][22m[39m [90m[2m(client)[22m[39m [32mpage reload [39m[2mwork/inquiry-smtp-deploy/dist/factory/sap/index.html[22m
[2m10:33:38[22m [36m[1m[vite][22m[39m [90m[2m(client)[22m[39m [32mpage reload [39m[2mwork/inquiry-smtp-deploy/dist/factory/production-line/index.html[22m
[2m10:33:38[22m [36m[1m[vite][22m[39m [90m[2m(client)[22m[39m [32mpage reload [39m[2mwork/inquiry-smtp-deploy/dist/factory/testing-laboratory/index.html[22m
[2m10:33:38[22m [36m[1m[vite][22m[39m [90m[2m(client)[22m[39m [32mpage reload [39m[2mwork/inquiry-smtp-deploy/dist/factory/packaging/index.html[22m
[2m10:33:38[22m [36m[1m[vite][22m[39m [90m[2m(client)[22m[39m [32mpage reload [39m[2mwork/inquiry-smtp-deploy/dist/factory/warehouse/index.html[22m
[2m10:33:38[22m [36m[1m[vite][22m[39m [90m[2m(client)[22m[39m [32mpage reload [39m[2mwork/inquiry-smtp-deploy/dist/materials/adhesive-backing-strips/index.html[22m
[2m10:33:38[22m [36m[1m[vite][22m[39m [90m[2m(client)[22m[39m [32mpage reload [39m[2mwork/inquiry-smtp-deploy/dist/materials/acquisition-distribution-layer/index.html[22m
[2m10:33:38[22m [36m[1m[vite][22m[39m [90m[2m(client)[22m[39m [32mpage reload [39m[2mwork/inquiry-smtp-deploy/dist/materials/absorbent-paper-core/index.html[22m
[2m10:33:38[22m [36m[1m[vite][22m[39m [90m[2m(client)[22m[39m [32mpage reload [39m[2mwork/inquiry-smtp-deploy/dist/materials/charcoal-odor-control-layer/index.html[22m
[2m10:33:38[22m [36m[1m[vite][22m[39m [90m[2m(client)[22m[39m [32mpage reload [39m[2mwork/inquiry-smtp-deploy/dist/materials/embossing-technology/index.html[22m
[2m10:33:38[22m [36m[1m[vite][22m[39m [90m[2m(client)[22m[39m [32mpage reload [39m[2mwork/inquiry-smtp-deploy/dist/materials/corrugated-export-cartons/index.html[22m
[2m10:33:38[22m [36m[1m[vite][22m[39m [90m[2m(client)[22m[39m [32mpage reload [39m[2mwork/inquiry-smtp-deploy/dist/materials/hot-melt-adhesive/index.html[22m
[2m10:33:38[22m [36m[1m[vite][22m[39m [90m[2m(client)[22m[39m [32mpage reload [39m[2mwork/inquiry-smtp-deploy/dist/materials/color-masterbatch-film/index.html[22m
[2m10:33:38[22m [36m[1m[vite][22m[39m [90m[2m(client)[22m[39m [32mpage reload [39m[2mwork/inquiry-smtp-deploy/dist/materials/fluff-pulp-absorbent-core/index.html[22m
[2m10:33:38[22m [36m[1m[vite][22m[39m [90m[2m(client)[22m[39m [32mpage reload [39m[2mwork/inquiry-smtp-deploy/dist/materials/pe-backing-film/index.html[22m
[2m10:33:38[22m [36m[1m[vite][22m[39m [90m[2m(client)[22m[39m [32mpage reload [39m[2mwork/inquiry-smtp-deploy/dist/materials/nonwoven-topsheet/index.html[22m
[2m10:33:38[22m [36m[1m[vite][22m[39m [90m[2m(client)[22m[39m [32mpage reload [39m[2mwork/inquiry-smtp-deploy/dist/materials/paper-and-plastic-roll-cores/index.html[22m
[2m10:33:38[22m [36m[1m[vite][22m[39m [90m[2m(client)[22m[39m [32mpage reload [39m[2mwork/inquiry-smtp-deploy/dist/faq/adult-underpad-faq/index.html[22m
[2m10:33:38[22m [36m[1m[vite][22m[39m [90m[2m(client)[22m[39m [32mpage reload [39m[2mwork/inquiry-smtp-deploy/dist/materials/super-absorbent-polymer/index.html[22m
[2m10:33:38[22m [36m[1m[vite][22m[39m [90m[2m(client)[22m[39m [32mpage reload [39m[2mwork/inquiry-smtp-deploy/dist/materials/printed-pe-film/index.html[22m
[2m10:33:38[22m [36m[1m[vite][22m[39m [90m[2m(client)[22m[39m [32mpage reload [39m[2mwork/inquiry-smtp-deploy/dist/materials/tissue-distribution-layer/index.html[22m
[2m10:33:38[22m [36m[1m[vite][22m[39m [90m[2m(client)[22m[39m [32mpage reload [39m[2mwork/inquiry-smtp-deploy/dist/faq/customization-faq/index.html[22m
[2m10:33:38[22m [36m[1m[vite][22m[39m [90m[2m(client)[22m[39m [32mpage reload [39m[2mwork/inquiry-smtp-deploy/dist/faq/oem-manufacturing-faq/index.html[22m
[2m10:33:38[22m [36m[1m[vite][22m[39m [90m[2m(client)[22m[39m [32mpage reload [39m[2mwork/inquiry-smtp-deploy/dist/faq/factory-audit-faq/index.html[22m
[2m10:33:38[22m [36m[1m[vite][22m[39m [90m[2m(client)[22m[39m [32mpage reload [39m[2mwork/inquiry-smtp-deploy/dist/faq/dog-poop-bag-faq/index.html[22m
[2m10:33:38[22m [36m[1m[vite][22m[39m [90m[2m(client)[22m[39m [32mpage reload [39m[2mwork/inquiry-smtp-deploy/dist/faq/packaging-faq/index.html[22m
[2m10:33:38[22m [36m[1m[vite][22m[39m [90m[2m(client)[22m[39m [32mpage reload [39m[2mwork/inquiry-smtp-deploy/dist/faq/import-procurement-faq/index.html[22m
[2m10:33:38[22m [36m[1m[vite][22m[39m [90m[2m(client)[22m[39m [32mpage reload [39m[2mwork/inquiry-smtp-deploy/dist/faq/materials-faq/index.html[22m
[2m10:33:38[22m [36m[1m[vite][22m[39m [90m[2m(client)[22m[39m [32mpage reload [39m[2mwork/inquiry-smtp-deploy/dist/faq/pe-film-faq/index.html[22m
[2m10:33:38[22m [36m[1m[vite][22m[39m [90m[2m(client)[22m[39m [32mpage reload [39m[2mwork/inquiry-smtp-deploy/dist/faq/private-label-faq/index.html[22m
[2m10:33:38[22m [36m[1m[vite][22m[39m [90m[2m(client)[22m[39m [32mpage reload [39m[2mwork/inquiry-smtp-deploy/dist/faq/quality-control-faq/index.html[22m
[2m10:33:38[22m [36m[1m[vite][22m[39m [90m[2m(client)[22m[39m [32mpage reload [39m[2mwork/inquiry-smtp-deploy/dist/faq/pet-training-pad-faq/index.html[22m
[2m10:33:38[22m [36m[1m[vite][22m[39m [90m[2m(client)[22m[39m [32mpage reload [39m[2mwork/inquiry-smtp-deploy/dist/faq/shipping-faq/index.html[22m
[2m10:33:38[22m [36m[1m[vite][22m[39m [90m[2m(client)[22m[39m [32mpage reload [39m[2mwork/inquiry-smtp-deploy/dist/faq/sap-technology-faq/index.html[22m
[2m10:33:38[22m [36m[1m[vite][22m[39m [90m[2m(client)[22m[39m [32mpage reload [39m[2mwork/inquiry-smtp-deploy/dist/pages/about/index.html[22m
[2m10:33:38[22m [36m[1m[vite][22m[39m [90m[2m(client)[22m[39m [32mpage reload [39m[2mwork/inquiry-smtp-deploy/dist/pages/gift-cards/index.html[22m
[2m10:33:38[22m [36m[1m[vite][22m[39m [90m[2m(client)[22m[39m [32mpage reload [39m[2mwork/inquiry-smtp-deploy/dist/pages/affiliates/index.html[22m
[2m10:33:39[22m [36m[1m[vite][22m[39m [90m[2m(client)[22m[39m [32mpage reload [39m[2mwork/inquiry-smtp-deploy/dist/pages/give-back/index.html[22m
[2m10:33:39[22m [36m[1m[vite][22m[39m [90m[2m(client)[22m[39m [32mpage reload [39m[2mwork/inquiry-smtp-deploy/dist/pages/help/index.html[22m
[2m10:33:39[22m [36m[1m[vite][22m[39m [90m[2m(client)[22m[39m [32mpage reload [39m[2mwork/inquiry-smtp-deploy/dist/pages/investor-relations/index.html[22m
[2m10:33:39[22m [36m[1m[vite][22m[39m [90m[2m(client)[22m[39m [32mpage reload [39m[2mwork/inquiry-smtp-deploy/dist/pages/learn/index.html[22m
[2m10:33:39[22m [36m[1m[vite][22m[39m [90m[2m(client)[22m[39m [32mpage reload [39m[2mwork/inquiry-smtp-deploy/dist/products/adhesive-pet-pads/index.html[22m
[2m10:33:39[22m [36m[1m[vite][22m[39m [90m[2m(client)[22m[39m [32mpage reload [39m[2mwork/inquiry-smtp-deploy/dist/pages/news/index.html[22m
[2m10:33:39[22m [36m[1m[vite][22m[39m [90m[2m(client)[22m[39m [32mpage reload [39m[2mwork/inquiry-smtp-deploy/dist/products/adult-underpads/index.html[22m
[2m10:33:39[22m [36m[1m[vite][22m[39m [90m[2m(client)[22m[39m [32mpage reload [39m[2mwork/inquiry-smtp-deploy/dist/region/austria/index.html[22m
[2m10:33:39[22m [36m[1m[vite][22m[39m [90m[2m(client)[22m[39m [32mpage reload [39m[2mwork/inquiry-smtp-deploy/dist/products/disposable-pet-pads/index.html[22m
[2m10:33:39[22m [36m[1m[vite][22m[39m [90m[2m(client)[22m[39m [32mpage reload [39m[2mwork/inquiry-smtp-deploy/dist/products/pet-absorbent-paper-sheets/index.html[22m
[2m10:33:39[22m [36m[1m[vite][22m[39m [90m[2m(client)[22m[39m [32mpage reload [39m[2mwork/inquiry-smtp-deploy/dist/products/pet-care-pad-glove-wipes/index.html[22m
[2m10:33:39[22m [36m[1m[vite][22m[39m [90m[2m(client)[22m[39m [32mpage reload [39m[2mwork/inquiry-smtp-deploy/dist/region/canada/index.html[22m
[2m10:33:39[22m [36m[1m[vite][22m[39m [90m[2m(client)[22m[39m [32mpage reload [39m[2mwork/inquiry-smtp-deploy/dist/products/charcoal-pet-pads/index.html[22m
[2m10:33:39[22m [36m[1m[vite][22m[39m [90m[2m(client)[22m[39m [32mpage reload [39m[2mwork/inquiry-smtp-deploy/dist/products/custom-pet-waste-bags/index.html[22m
[2m10:33:39[22m [36m[1m[vite][22m[39m [90m[2m(client)[22m[39m [32mpage reload [39m[2mwork/inquiry-smtp-deploy/dist/region/belgium/index.html[22m
[2m10:33:39[22m [36m[1m[vite][22m[39m [90m[2m(client)[22m[39m [32mpage reload [39m[2mwork/inquiry-smtp-deploy/dist/region/denmark/index.html[22m
[2m10:33:39[22m [36m[1m[vite][22m[39m [90m[2m(client)[22m[39m [32mpage reload [39m[2mwork/inquiry-smtp-deploy/dist/region/france/index.html[22m
[2m10:33:39[22m [36m[1m[vite][22m[39m [90m[2m(client)[22m[39m [32mpage reload [39m[2mwork/inquiry-smtp-deploy/dist/region/germany/index.html[22m
[2m10:33:39[22m [36m[1m[vite][22m[39m [90m[2m(client)[22m[39m [32mpage reload [39m[2mwork/inquiry-smtp-deploy/dist/region/italy/index.html[22m
[2m10:33:39[22m [36m[1m[vite][22m[39m [90m[2m(client)[22m[39m [32mpage reload [39m[2mwork/inquiry-smtp-deploy/dist/region/ireland/index.html[22m
[2m10:33:39[22m [36m[1m[vite][22m[39m [90m[2m(client)[22m[39m [32mpage reload [39m[2mwork/inquiry-smtp-deploy/dist/region/finland/index.html[22m
[2m10:33:39[22m [36m[1m[vite][22m[39m [90m[2m(client)[22m[39m [32mpage reload [39m[2mwork/inquiry-smtp-deploy/dist/region/norway/index.html[22m
[2m10:33:39[22m [36m[1m[vite][22m[39m [90m[2m(client)[22m[39m [32mpage reload [39m[2mwork/inquiry-smtp-deploy/dist/region/spain/index.html[22m
[2m10:33:39[22m [36m[1m[vite][22m[39m [90m[2m(client)[22m[39m [32mpage reload [39m[2mwork/inquiry-smtp-deploy/dist/region/poland/index.html[22m
[2m10:33:39[22m [36m[1m[vite][22m[39m [90m[2m(client)[22m[39m [32mpage reload [39m[2mwork/inquiry-smtp-deploy/dist/region/netherlands/index.html[22m
[2m10:33:39[22m [36m[1m[vite][22m[39m [90m[2m(client)[22m[39m [32mpage reload [39m[2mwork/inquiry-smtp-deploy/dist/region/switzerland/index.html[22m
[2m10:33:39[22m [36m[1m[vite][22m[39m [90m[2m(client)[22m[39m [32mpage reload [39m[2mwork/inquiry-smtp-deploy/dist/region/portugal/index.html[22m
[2m10:33:39[22m [36m[1m[vite][22m[39m [90m[2m(client)[22m[39m [32mpage reload [39m[2mwork/inquiry-smtp-deploy/dist/region/united-states/index.html[22m
[2m10:33:39[22m [36m[1m[vite][22m[39m [90m[2m(client)[22m[39m [32mpage reload [39m[2mwork/inquiry-smtp-deploy/dist/region/sweden/index.html[22m
[2m10:33:39[22m [36m[1m[vite][22m[39m [90m[2m(client)[22m[39m [32mpage reload [39m[2mwork/inquiry-smtp-deploy/dist/region/united-kingdom/index.html[22m
[2m10:33:39[22m [36m[1m[vite][22m[39m [90m[2m(client)[22m[39m [32mpage reload [39m[2mwork/inquiry-smtp-deploy/dist/reports/pet-product-logistics-resilience-report/index.html[22m
[2m10:33:39[22m [36m[1m[vite][22m[39m [90m[2m(client)[22m[39m [32mpage reload [39m[2mwork/inquiry-smtp-deploy/dist/reports/oem-manufacturing-risk-report/index.html[22m
[2m10:33:39[22m [36m[1m[vite][22m[39m [90m[2m(client)[22m[39m [32mpage reload [39m[2mwork/inquiry-smtp-deploy/dist/reports/global-pet-pad-market-procurement-report/index.html[22m
[2m10:33:39[22m [36m[1m[vite][22m[39m [90m[2m(client)[22m[39m [32mpage reload [39m[2mwork/inquiry-smtp-deploy/dist/reports/absorbent-materials-supply-report/index.html[22m
[2m10:33:39[22m [36m[1m[vite][22m[39m [90m[2m(client)[22m[39m [32mpage reload [39m[2mwork/inquiry-smtp-deploy/dist/reports/pet-product-packaging-trends-report/index.html[22m
[2m10:33:39[22m [36m[1m[vite][22m[39m [90m[2m(client)[22m[39m [32mpage reload [39m[2mwork/inquiry-smtp-deploy/dist/reports/pet-product-retail-readiness-report/index.html[22m
[2m10:33:39[22m [36m[1m[vite][22m[39m [90m[2m(client)[22m[39m [32mpage reload [39m[2mwork/inquiry-smtp-deploy/dist/reports/pet-care-sustainability-claims-report/index.html[22m
[2m10:33:39[22m [36m[1m[vite][22m[39m [90m[2m(client)[22m[39m [32mpage reload [39m[2mwork/inquiry-smtp-deploy/dist/reports/pet-product-procurement-outlook-report/index.html[22m
[2m10:33:39[22m [36m[1m[vite][22m[39m [90m[2m(client)[22m[39m [32mpage reload [39m[2mwork/inquiry-smtp-deploy/dist/reports/pet-product-quality-benchmark-report/index.html[22m
[2m10:33:39[22m [36m[1m[vite][22m[39m [90m[2m(client)[22m[39m [32mpage reload [39m[2mwork/inquiry-smtp-deploy/dist/reports/private-label-pet-products-trends-report/index.html[22m
[2m10:33:39[22m [36m[1m[vite][22m[39m [90m[2m(client)[22m[39m [32mpage reload [39m[2mwork/inquiry-smtp-deploy/dist/resources/container-loading-planner/index.html[22m
[2m10:33:39[22m [36m[1m[vite][22m[39m [90m[2m(client)[22m[39m [32mpage reload [39m[2mwork/inquiry-smtp-deploy/dist/resources/dog-poop-bag-specification-template/index.html[22m
[2m10:33:39[22m [36m[1m[vite][22m[39m [90m[2m(client)[22m[39m [32mpage reload [39m[2mwork/inquiry-smtp-deploy/dist/resources/adult-underpad-specification-template/index.html[22m
[2m10:33:39[22m [36m[1m[vite][22m[39m [90m[2m(client)[22m[39m [32mpage reload [39m[2mwork/inquiry-smtp-deploy/dist/resources/packaging-artwork-checklist/index.html[22m
[2m10:33:39[22m [36m[1m[vite][22m[39m [90m[2m(client)[22m[39m [32mpage reload [39m[2mwork/inquiry-smtp-deploy/dist/resources/landed-cost-calculator-guide/index.html[22m
[2m10:33:39[22m [36m[1m[vite][22m[39m [90m[2m(client)[22m[39m [32mpage reload [39m[2mwork/inquiry-smtp-deploy/dist/resources/sample-evaluation-scorecard/index.html[22m
[2m10:33:39[22m [36m[1m[vite][22m[39m [90m[2m(client)[22m[39m [32mpage reload [39m[2mwork/inquiry-smtp-deploy/dist/resources/pre-shipment-inspection-checklist/index.html[22m
[2m10:33:39[22m [36m[1m[vite][22m[39m [90m[2m(client)[22m[39m [32mpage reload [39m[2mwork/inquiry-smtp-deploy/dist/resources/pet-pad-specification-template/index.html[22m
[2m10:33:39[22m [36m[1m[vite][22m[39m [90m[2m(client)[22m[39m [32mpage reload [39m[2mwork/inquiry-smtp-deploy/dist/resources/supplier-audit-checklist-download/index.html[22m
[2m10:33:39[22m [36m[1m[vite][22m[39m [90m[2m(client)[22m[39m [32mpage reload [39m[2mwork/inquiry-smtp-deploy/dist/resources/oem-project-brief-template/index.html[22m
[2m10:33:39[22m [36m[1m[vite][22m[39m [90m[2m(client)[22m[39m [32mpage reload [39m[2mwork/inquiry-smtp-deploy/dist/pages/news/factory-visual-content-for-b2b-brands/index.html[22m
[2m10:33:39[22m [36m[1m[vite][22m[39m [90m[2m(client)[22m[39m [32mpage reload [39m[2mwork/inquiry-smtp-deploy/dist/pages/news/absorbent-core-development-notes/index.html[22m
[2m10:33:39[22m [36m[1m[vite][22m[39m [90m[2m(client)[22m[39m [32mpage reload [39m[2mwork/inquiry-smtp-deploy/dist/pages/news/private-label-pet-pad-ideas/index.html[22m
[2m10:34:35[22m [36m[1m[vite][22m[39m [90m[2m(client)[22m[39m [32mhmr update [39m[2m/src/styles.css[22m
[2m10:43:29[22m [36m[1m[vite][22m[39m [90m[2m(client)[22m[39m [32mhmr update [39m[2m/src/styles.css[22m
[2m10:49:31[22m [36m[1m[vite][22m[39m [90m[2m(client)[22m[39m [32mhmr update [39m[2m/src/ProductExperience.jsx[22m
[2m10:49:31[22m [36m[1m[vite][22m[39m [90m[2m(client)[22m[39m [32mhmr update [39m[2m/src/styles.css[22m
[2m10:56:47[22m [36m[1m[vite][22m[39m [90m[2m(client)[22m[39m [32mhmr update [39m[2m/src/ProductExperience.jsx[22m
[2m10:56:47[22m [36m[1m[vite][22m[39m [90m[2m(client)[22m[39m [32mhmr update [39m[2m/src/styles.css[22m
[2m10:59:58[22m [36m[1m[vite][22m[39m [90m[2m(client)[22m[39m [32mpage reload [39m[2mwork/inquiry-smtp-deploy/dist/about/index.html[22m
[2m10:59:58[22m [36m[1m[vite][22m[39m [90m[2m(client)[22m[39m [32mpage reload [39m[2mwork/inquiry-smtp-deploy/dist/about-factory/index.html[22m
[2m10:59:58[22m [36m[1m[vite][22m[39m [90m[2m(client)[22m[39m [32mpage reload [39m[2mwork/inquiry-smtp-deploy/dist/academy/index.html[22m
[2m10:59:58[22m [36m[1m[vite][22m[39m [90m[2m(client)[22m[39m [32mpage reload [39m[2mwork/inquiry-smtp-deploy/dist/authors/jczcare-editorial-team/index.html[22m
[2m10:59:58[22m [36m[1m[vite][22m[39m [90m[2m(client)[22m[39m [32mpage reload [39m[2mwork/inquiry-smtp-deploy/dist/advantages/index.html[22m
[2m10:59:58[22m [36m[1m[vite][22m[39m [90m[2m(client)[22m[39m [32mpage reload [39m[2mwork/inquiry-smtp-deploy/dist/blog/absorption-speed-vs-capacity-pet-pads/index.html[22m
[2m10:59:58[22m [36m[1m[vite][22m[39m [90m[2m(client)[22m[39m [32mpage reload [39m[2mwork/inquiry-smtp-deploy/dist/blog/activated-charcoal-pet-pads-buyer-guide/index.html[22m
[2m10:59:58[22m [36m[1m[vite][22m[39m [90m[2m(client)[22m[39m [32mpage reload [39m[2mwork/inquiry-smtp-deploy/dist/blog/adhesive-puppy-pad-backing-options/index.html[22m
[2m10:59:58[22m [36m[1m[vite][22m[39m [90m[2m(client)[22m[39m [32mpage reload [39m[2mwork/inquiry-smtp-deploy/dist/blog/adult-disposable-underpad-materials/index.html[22m
[2m10:59:58[22m [36m[1m[vite][22m[39m [90m[2m(client)[22m[39m [32mpage reload [39m[2mwork/inquiry-smtp-deploy/dist/blog/adult-underpad-absorbency-specification/index.html[22m
[2m10:59:58[22m [36m[1m[vite][22m[39m [90m[2m(client)[22m[39m [32mpage reload [39m[2mwork/inquiry-smtp-deploy/dist/blog/adult-underpad-arrival-inspection/index.html[22m
[2m10:59:58[22m [36m[1m[vite][22m[39m [90m[2m(client)[22m[39m [32mpage reload [39m[2mwork/inquiry-smtp-deploy/dist/blog/adult-underpad-backing-film-selection/index.html[22m
[2m10:59:58[22m [36m[1m[vite][22m[39m [90m[2m(client)[22m[39m [32mpage reload [39m[2mwork/inquiry-smtp-deploy/dist/blog/adult-underpad-pack-count-tender-planning/index.html[22m
[2m10:59:58[22m [36m[1m[vite][22m[39m [90m[2m(client)[22m[39m [32mpage reload [39m[2mwork/inquiry-smtp-deploy/dist/blog/adult-underpad-quality-inspection/index.html[22m
[2m10:59:58[22m [36m[1m[vite][22m[39m [90m[2m(client)[22m[39m [32mpage reload [39m[2mwork/inquiry-smtp-deploy/dist/blog/index.html[22m
[2m10:59:58[22m [36m[1m[vite][22m[39m [90m[2m(client)[22m[39m [32mpage reload [39m[2mwork/inquiry-smtp-deploy/dist/blog/adult-underpad-size-weight-pack-count/index.html[22m
[2m10:59:58[22m [36m[1m[vite][22m[39m [90m[2m(client)[22m[39m [32mpage reload [39m[2mwork/inquiry-smtp-deploy/dist/blog/automation-pet-pad-manufacturing/index.html[22m
[2m10:59:58[22m [36m[1m[vite][22m[39m [90m[2m(client)[22m[39m [32mpage reload [39m[2mwork/inquiry-smtp-deploy/dist/blog/adult-underpad-surface-comfort-specification/index.html[22m
[2m10:59:58[22m [36m[1m[vite][22m[39m [90m[2m(client)[22m[39m [32mpage reload [39m[2mwork/inquiry-smtp-deploy/dist/blog/category/adult-underpads/index.html[22m
[2m10:59:58[22m [36m[1m[vite][22m[39m [90m[2m(client)[22m[39m [32mpage reload [39m[2mwork/inquiry-smtp-deploy/dist/blog/category/factory-audit/index.html[22m
[2m10:59:58[22m [36m[1m[vite][22m[39m [90m[2m(client)[22m[39m [32mpage reload [39m[2mwork/inquiry-smtp-deploy/dist/blog/category/customization/index.html[22m
[2m10:59:58[22m [36m[1m[vite][22m[39m [90m[2m(client)[22m[39m [32mpage reload [39m[2mwork/inquiry-smtp-deploy/dist/blog/category/dog-poop-bags/index.html[22m
[2m10:59:58[22m [36m[1m[vite][22m[39m [90m[2m(client)[22m[39m [32mpage reload [39m[2mwork/inquiry-smtp-deploy/dist/blog/category/materials/index.html[22m
[2m10:59:58[22m [36m[1m[vite][22m[39m [90m[2m(client)[22m[39m [32mpage reload [39m[2mwork/inquiry-smtp-deploy/dist/blog/category/import-guide/index.html[22m
[2m10:59:58[22m [36m[1m[vite][22m[39m [90m[2m(client)[22m[39m [32mpage reload [39m[2mwork/inquiry-smtp-deploy/dist/blog/category/oem-manufacturing/index.html[22m
[2m10:59:58[22m [36m[1m[vite][22m[39m [90m[2m(client)[22m[39m [32mpage reload [39m[2mwork/inquiry-smtp-deploy/dist/blog/category/industry-insights/index.html[22m
[2m10:59:58[22m [36m[1m[vite][22m[39m [90m[2m(client)[22m[39m [32mpage reload [39m[2mwork/inquiry-smtp-deploy/dist/blog/category/private-label/index.html[22m
[2m10:59:58[22m [36m[1m[vite][22m[39m [90m[2m(client)[22m[39m [32mpage reload [39m[2mwork/inquiry-smtp-deploy/dist/blog/category/packaging/index.html[22m
[2m10:59:58[22m [36m[1m[vite][22m[39m [90m[2m(client)[22m[39m [32mpage reload [39m[2mwork/inquiry-smtp-deploy/dist/blog/category/sap-technology/index.html[22m
[2m10:59:58[22m [36m[1m[vite][22m[39m [90m[2m(client)[22m[39m [32mpage reload [39m[2mwork/inquiry-smtp-deploy/dist/blog/category/shipping/index.html[22m
[2m10:59:58[22m [36m[1m[vite][22m[39m [90m[2m(client)[22m[39m [32mpage reload [39m[2mwork/inquiry-smtp-deploy/dist/blog/category/quality-control/index.html[22m
[2m10:59:58[22m [36m[1m[vite][22m[39m [90m[2m(client)[22m[39m [32mpage reload [39m[2mwork/inquiry-smtp-deploy/dist/blog/category/pe-film/index.html[22m
[2m10:59:58[22m [36m[1m[vite][22m[39m [90m[2m(client)[22m[39m [32mpage reload [39m[2mwork/inquiry-smtp-deploy/dist/blog/category/pet-training-pads/index.html[22m
[2m10:59:58[22m [36m[1m[vite][22m[39m [90m[2m(client)[22m[39m [32mpage reload [39m[2mwork/inquiry-smtp-deploy/dist/blog/annual-pet-product-sourcing-plan/index.html[22m
[2m10:59:58[22m [36m[1m[vite][22m[39m [90m[2m(client)[22m[39m [32mpage reload [39m[2mwork/inquiry-smtp-deploy/dist/blog/choose-reliable-pet-pad-manufacturer/index.html[22m
[2m10:59:58[22m [36m[1m[vite][22m[39m [90m[2m(client)[22m[39m [32mpage reload [39m[2mwork/inquiry-smtp-deploy/dist/blog/compostable-dog-poop-bags-due-diligence/index.html[22m
[2m10:59:58[22m [36m[1m[vite][22m[39m [90m[2m(client)[22m[39m [32mpage reload [39m[2mwork/inquiry-smtp-deploy/dist/blog/china-vs-vietnam-pet-product-sourcing/index.html[22m
[2m10:59:58[22m [36m[1m[vite][22m[39m [90m[2m(client)[22m[39m [32mpage reload [39m[2mwork/inquiry-smtp-deploy/dist/blog/custom-absorbency-targets-oem-pet-pads/index.html[22m
[2m10:59:58[22m [36m[1m[vite][22m[39m [90m[2m(client)[22m[39m [32mpage reload [39m[2mwork/inquiry-smtp-deploy/dist/blog/common-puppy-pad-quality-defects/index.html[22m
[2m10:59:58[22m [36m[1m[vite][22m[39m [90m[2m(client)[22m[39m [32mpage reload [39m[2mwork/inquiry-smtp-deploy/dist/blog/custom-packaging-private-label-pet-pads/index.html[22m
[2m10:59:58[22m [36m[1m[vite][22m[39m [90m[2m(client)[22m[39m [32mpage reload [39m[2mwork/inquiry-smtp-deploy/dist/blog/dog-poop-bag-packaging-options/index.html[22m
[2m10:59:58[22m [36m[1m[vite][22m[39m [90m[2m(client)[22m[39m [32mpage reload [39m[2mwork/inquiry-smtp-deploy/dist/blog/choose-pet-product-supplier-long-term/index.html[22m
[2m10:59:58[22m [36m[1m[vite][22m[39m [90m[2m(client)[22m[39m [32mpage reload [39m[2mwork/inquiry-smtp-deploy/dist/blog/dog-waste-bag-roll-core-sizes/index.html[22m
[2m10:59:58[22m [36m[1m[vite][22m[39m [90m[2m(client)[22m[39m [32mpage reload [39m[2mwork/inquiry-smtp-deploy/dist/blog/dog-poop-bag-roll-count-verification/index.html[22m
[2m10:59:58[22m [36m[1m[vite][22m[39m [90m[2m(client)[22m[39m [32mpage reload [39m[2mwork/inquiry-smtp-deploy/dist/blog/demand-forecast-oem-pet-pad-supply/index.html[22m
[2m10:59:58[22m [36m[1m[vite][22m[39m [90m[2m(client)[22m[39m [32mpage reload [39m[2mwork/inquiry-smtp-deploy/dist/blog/dog-poop-bag-dispenser-compatibility/index.html[22m
[2m10:59:58[22m [36m[1m[vite][22m[39m [90m[2m(client)[22m[39m [32mpage reload [39m[2mwork/inquiry-smtp-deploy/dist/blog/dog-waste-bag-perforation-control/index.html[22m
[2m10:59:58[22m [36m[1m[vite][22m[39m [90m[2m(client)[22m[39m [32mpage reload [39m[2mwork/inquiry-smtp-deploy/dist/blog/dog-waste-bag-scent-selection/index.html[22m
[2m10:59:58[22m [36m[1m[vite][22m[39m [90m[2m(client)[22m[39m [32mpage reload [39m[2mwork/inquiry-smtp-deploy/dist/blog/dog-waste-bag-thickness-tear-resistance/index.html[22m
[2m10:59:58[22m [36m[1m[vite][22m[39m [90m[2m(client)[22m[39m [32mpage reload [39m[2mwork/inquiry-smtp-deploy/dist/blog/ecommerce-private-label-pet-products/index.html[22m
[2m10:59:58[22m [36m[1m[vite][22m[39m [90m[2m(client)[22m[39m [32mpage reload [39m[2mwork/inquiry-smtp-deploy/dist/blog/dog-waste-bag-print-registration/index.html[22m
[2m10:59:58[22m [36m[1m[vite][22m[39m [90m[2m(client)[22m[39m [32mpage reload [39m[2mwork/inquiry-smtp-deploy/dist/blog/evaluate-pet-product-samples/index.html[22m
[2m10:59:58[22m [36m[1m[vite][22m[39m [90m[2m(client)[22m[39m [32mpage reload [39m[2mwork/inquiry-smtp-deploy/dist/blog/factory-traceability-audit/index.html[22m
[2m10:59:58[22m [36m[1m[vite][22m[39m [90m[2m(client)[22m[39m [32mpage reload [39m[2mwork/inquiry-smtp-deploy/dist/blog/factory-maintenance-audit-pet-products/index.html[22m
[2m10:59:58[22m [36m[1m[vite][22m[39m [90m[2m(client)[22m[39m [32mpage reload [39m[2mwork/inquiry-smtp-deploy/dist/blog/factory-subcontracting-control/index.html[22m
[2m10:59:58[22m [36m[1m[vite][22m[39m [90m[2m(client)[22m[39m [32mpage reload [39m[2mwork/inquiry-smtp-deploy/dist/blog/factory-business-continuity-review/index.html[22m
[2m10:59:58[22m [36m[1m[vite][22m[39m [90m[2m(client)[22m[39m [32mpage reload [39m[2mwork/inquiry-smtp-deploy/dist/blog/future-oem-pet-product-manufacturing/index.html[22m
[2m10:59:58[22m [36m[1m[vite][22m[39m [90m[2m(client)[22m[39m [32mpage reload [39m[2mwork/inquiry-smtp-deploy/dist/blog/evaluate-pet-pad-production-capacity/index.html[22m
[2m10:59:58[22m [36m[1m[vite][22m[39m [90m[2m(client)[22m[39m [32mpage reload [39m[2mwork/inquiry-smtp-deploy/dist/blog/five-layer-puppy-pad-construction/index.html[22m
[2m10:59:58[22m [36m[1m[vite][22m[39m [90m[2m(client)[22m[39m [32mpage reload [39m[2mwork/inquiry-smtp-deploy/dist/blog/fluff-pulp-absorbent-paper-supply/index.html[22m
[2m10:59:58[22m [36m[1m[vite][22m[39m [90m[2m(client)[22m[39m [32mpage reload [39m[2mwork/inquiry-smtp-deploy/dist/blog/hdpe-vs-ldpe-dog-waste-bags/index.html[22m
[2m10:59:58[22m [36m[1m[vite][22m[39m [90m[2m(client)[22m[39m [32mpage reload [39m[2mwork/inquiry-smtp-deploy/dist/blog/fob-vs-cif-pet-pad-shipments/index.html[22m
[2m10:59:58[22m [36m[1m[vite][22m[39m [90m[2m(client)[22m[39m [32mpage reload [39m[2mwork/inquiry-smtp-deploy/dist/blog/evaluate-pet-pad-factory-before-order/index.html[22m
[2m10:59:58[22m [36m[1m[vite][22m[39m [90m[2m(client)[22m[39m [32mpage reload [39m[2mwork/inquiry-smtp-deploy/dist/blog/hospital-underpad-procurement-guide/index.html[22m
[2m10:59:58[22m [36m[1m[vite][22m[39m [90m[2m(client)[22m[39m [32mpage reload [39m[2mwork/inquiry-smtp-deploy/dist/blog/how-dog-waste-bags-are-manufactured/index.html[22m
[2m10:59:58[22m [36m[1m[vite][22m[39m [90m[2m(client)[22m[39m [32mpage reload [39m[2mwork/inquiry-smtp-deploy/dist/blog/hot-melt-adhesive-absorbent-products/index.html[22m
[2m10:59:58[22m [36m[1m[vite][22m[39m [90m[2m(client)[22m[39m [32mpage reload [39m[2mwork/inquiry-smtp-deploy/dist/blog/imported-pet-product-lead-time/index.html[22m
[2m10:59:58[22m [36m[1m[vite][22m[39m [90m[2m(client)[22m[39m [32mpage reload [39m[2mwork/inquiry-smtp-deploy/dist/blog/incoterms-pet-product-importers/index.html[22m
[2m10:59:58[22m [36m[1m[vite][22m[39m [90m[2m(client)[22m[39m [32mpage reload [39m[2mwork/inquiry-smtp-deploy/dist/blog/leak-proof-dog-poop-bag-specification/index.html[22m
[2m10:59:58[22m [36m[1m[vite][22m[39m [90m[2m(client)[22m[39m [32mpage reload [39m[2mwork/inquiry-smtp-deploy/dist/blog/how-puppy-pads-are-manufactured/index.html[22m
[2m10:59:58[22m [36m[1m[vite][22m[39m [90m[2m(client)[22m[39m [32mpage reload [39m[2mwork/inquiry-smtp-deploy/dist/blog/global-pet-care-market-oem-buyers/index.html[22m
[2m10:59:58[22m [36m[1m[vite][22m[39m [90m[2m(client)[22m[39m [32mpage reload [39m[2mwork/inquiry-smtp-deploy/dist/blog/institutional-underpad-supplier-program/index.html[22m
[2m10:59:58[22m [36m[1m[vite][22m[39m [90m[2m(client)[22m[39m [32mpage reload [39m[2mwork/inquiry-smtp-deploy/dist/blog/multi-language-pet-product-packaging/index.html[22m
[2m10:59:58[22m [36m[1m[vite][22m[39m [90m[2m(client)[22m[39m [32mpage reload [39m[2mwork/inquiry-smtp-deploy/dist/blog/multi-sku-pet-pad-range-launch/index.html[22m
[2m10:59:58[22m [36m[1m[vite][22m[39m [90m[2m(client)[22m[39m [32mpage reload [39m[2mwork/inquiry-smtp-deploy/dist/blog/leak-proof-pe-backing-puppy-pads/index.html[22m
[2m10:59:58[22m [36m[1m[vite][22m[39m [90m[2m(client)[22m[39m [32mpage reload [39m[2mwork/inquiry-smtp-deploy/dist/blog/nda-product-information-oem-sourcing/index.html[22m
[2m10:59:58[22m [36m[1m[vite][22m[39m [90m[2m(client)[22m[39m [32mpage reload [39m[2mwork/inquiry-smtp-deploy/dist/blog/nonwoven-basis-weight-pet-pads/index.html[22m
[2m10:59:58[22m [36m[1m[vite][22m[39m [90m[2m(client)[22m[39m [32mpage reload [39m[2mwork/inquiry-smtp-deploy/dist/blog/nursing-home-underpad-supplier-evaluation/index.html[22m
[2m10:59:58[22m [36m[1m[vite][22m[39m [90m[2m(client)[22m[39m [32mpage reload [39m[2mwork/inquiry-smtp-deploy/dist/blog/oem-corrective-action-review/index.html[22m
[2m10:59:58[22m [36m[1m[vite][22m[39m [90m[2m(client)[22m[39m [32mpage reload [39m[2mwork/inquiry-smtp-deploy/dist/blog/oem-dog-waste-bag-manufacturing/index.html[22m
[2m10:59:58[22m [36m[1m[vite][22m[39m [90m[2m(client)[22m[39m [32mpage reload [39m[2mwork/inquiry-smtp-deploy/dist/blog/oem-capacity-allocation-review/index.html[22m
[2m10:59:58[22m [36m[1m[vite][22m[39m [90m[2m(client)[22m[39m [32mpage reload [39m[2mwork/inquiry-smtp-deploy/dist/blog/oem-multi-sku-launch-plan/index.html[22m
[2m10:59:58[22m [36m[1m[vite][22m[39m [90m[2m(client)[22m[39m [32mpage reload [39m[2mwork/inquiry-smtp-deploy/dist/blog/oem-adult-underpads-development/index.html[22m
[2m10:59:58[22m [36m[1m[vite][22m[39m [90m[2m(client)[22m[39m [32mpage reload [39m[2mwork/inquiry-smtp-deploy/dist/blog/oem-pet-pad-change-control/index.html[22m
[2m10:59:58[22m [36m[1m[vite][22m[39m [90m[2m(client)[22m[39m [32mpage reload [39m[2mwork/inquiry-smtp-deploy/dist/blog/oem-pet-pad-contract-manufacturing/index.html[22m
[2m10:59:58[22m [36m[1m[vite][22m[39m [90m[2m(client)[22m[39m [32mpage reload [39m[2mwork/inquiry-smtp-deploy/dist/blog/oem-pet-pad-product-brief/index.html[22m
[2m10:59:58[22m [36m[1m[vite][22m[39m [90m[2m(client)[22m[39m [32mpage reload [39m[2mwork/inquiry-smtp-deploy/dist/blog/oem-pilot-order-planning/index.html[22m
[2m10:59:58[22m [36m[1m[vite][22m[39m [90m[2m(client)[22m[39m [32mpage reload [39m[2mwork/inquiry-smtp-deploy/dist/blog/oem-pet-pad-production-timeline/index.html[22m
[2m10:59:58[22m [36m[1m[vite][22m[39m [90m[2m(client)[22m[39m [32mpage reload [39m[2mwork/inquiry-smtp-deploy/dist/blog/oem-pet-pad-sample-approval-workflow/index.html[22m
[2m10:59:58[22m [36m[1m[vite][22m[39m [90m[2m(client)[22m[39m [32mpage reload [39m[2mwork/inquiry-smtp-deploy/dist/blog/oem-pet-pad-pricing-factors/index.html[22m
[2m10:59:58[22m [36m[1m[vite][22m[39m [90m[2m(client)[22m[39m [32mpage reload [39m[2mwork/inquiry-smtp-deploy/dist/blog/oem-pet-pad-supplier-qualification-checklist/index.html[22m
[2m10:59:58[22m [36m[1m[vite][22m[39m [90m[2m(client)[22m[39m [32mpage reload [39m[2mwork/inquiry-smtp-deploy/dist/blog/oem-pet-product-negotiation-tips/index.html[22m
[2m10:59:58[22m [36m[1m[vite][22m[39m [90m[2m(client)[22m[39m [32mpage reload [39m[2mwork/inquiry-smtp-deploy/dist/blog/oem-product-change-control/index.html[22m
[2m10:59:58[22m [36m[1m[vite][22m[39m [90m[2m(client)[22m[39m [32mpage reload [39m[2mwork/inquiry-smtp-deploy/dist/blog/oem-pet-pad-moq-sampling-lead-time/index.html[22m
[2m10:59:58[22m [36m[1m[vite][22m[39m [90m[2m(client)[22m[39m [32mpage reload [39m[2mwork/inquiry-smtp-deploy/dist/blog/pe-film-trends-pet-pads-underpads/index.html[22m
[2m10:59:58[22m [36m[1m[vite][22m[39m [90m[2m(client)[22m[39m [32mpage reload [39m[2mwork/inquiry-smtp-deploy/dist/blog/pet-care-supply-chain-resilience/index.html[22m
[2m10:59:58[22m [36m[1m[vite][22m[39m [90m[2m(client)[22m[39m [32mpage reload [39m[2mwork/inquiry-smtp-deploy/dist/blog/oem-project-handoff-to-factory/index.html[22m
[2m10:59:58[22m [36m[1m[vite][22m[39m [90m[2m(client)[22m[39m [32mpage reload [39m[2mwork/inquiry-smtp-deploy/dist/blog/oem-vs-odm-pet-pads-buyers-guide/index.html[22m
[2m10:59:58[22m [36m[1m[vite][22m[39m [90m[2m(client)[22m[39m [32mpage reload [39m[2mwork/inquiry-smtp-deploy/dist/blog/pet-pad-container-loading-guide/index.html[22m
[2m10:59:58[22m [36m[1m[vite][22m[39m [90m[2m(client)[22m[39m [32mpage reload [39m[2mwork/inquiry-smtp-deploy/dist/blog/pe-film-pinhole-risk-pet-pads/index.html[22m
[2m10:59:58[22m [36m[1m[vite][22m[39m [90m[2m(client)[22m[39m [32mpage reload [39m[2mwork/inquiry-smtp-deploy/dist/blog/pet-pad-carton-compression-risk/index.html[22m
[2m10:59:58[22m [36m[1m[vite][22m[39m [90m[2m(client)[22m[39m [32mpage reload [39m[2mwork/inquiry-smtp-deploy/dist/blog/pet-pad-edge-sealing-quality/index.html[22m
[2m10:59:58[22m [36m[1m[vite][22m[39m [90m[2m(client)[22m[39m [32mpage reload [39m[2mwork/inquiry-smtp-deploy/dist/blog/pet-pad-defect-classification/index.html[22m
[2m10:59:58[22m [36m[1m[vite][22m[39m [90m[2m(client)[22m[39m [32mpage reload [39m[2mwork/inquiry-smtp-deploy/dist/blog/pe-film-backing-adult-underpads/index.html[22m
[2m10:59:58[22m [36m[1m[vite][22m[39m [90m[2m(client)[22m[39m [32mpage reload [39m[2mwork/inquiry-smtp-deploy/dist/blog/pet-pad-edge-seal-quality/index.html[22m
[2m10:59:58[22m [36m[1m[vite][22m[39m [90m[2m(client)[22m[39m [32mpage reload [39m[2mwork/inquiry-smtp-deploy/dist/blog/pet-pad-factory-quality-control-system/index.html[22m
[2m10:59:58[22m [36m[1m[vite][22m[39m [90m[2m(client)[22m[39m [32mpage reload [39m[2mwork/inquiry-smtp-deploy/dist/blog/pet-pad-performance-test-methods/index.html[22m
[2m10:59:58[22m [36m[1m[vite][22m[39m [90m[2m(client)[22m[39m [32mpage reload [39m[2mwork/inquiry-smtp-deploy/dist/blog/pet-pad-landed-cost-model-importers/index.html[22m
[2m10:59:58[22m [36m[1m[vite][22m[39m [90m[2m(client)[22m[39m [32mpage reload [39m[2mwork/inquiry-smtp-deploy/dist/blog/pet-pad-packaging-compliance-artwork-checklist/index.html[22m
[2m10:59:58[22m [36m[1m[vite][22m[39m [90m[2m(client)[22m[39m [32mpage reload [39m[2mwork/inquiry-smtp-deploy/dist/blog/pet-pad-folding-pack-efficiency/index.html[22m
[2m10:59:58[22m [36m[1m[vite][22m[39m [90m[2m(client)[22m[39m [32mpage reload [39m[2mwork/inquiry-smtp-deploy/dist/blog/pet-pad-quality-control-buyers-checklist/index.html[22m
[2m10:59:58[22m [36m[1m[vite][22m[39m [90m[2m(client)[22m[39m [32mpage reload [39m[2mwork/inquiry-smtp-deploy/dist/blog/pet-pad-embossing-patterns/index.html[22m
[2m10:59:58[22m [36m[1m[vite][22m[39m [90m[2m(client)[22m[39m [32mpage reload [39m[2mwork/inquiry-smtp-deploy/dist/blog/pet-pad-factory-audit-remote-and-onsite/index.html[22m
[2m10:59:58[22m [36m[1m[vite][22m[39m [90m[2m(client)[22m[39m [32mpage reload [39m[2mwork/inquiry-smtp-deploy/dist/blog/pet-pad-embossing-pattern-selection/index.html[22m
[2m10:59:58[22m [36m[1m[vite][22m[39m [90m[2m(client)[22m[39m [32mpage reload [39m[2mwork/inquiry-smtp-deploy/dist/blog/pet-pad-quality-control-inspection-plan/index.html[22m
[2m10:59:58[22m [36m[1m[vite][22m[39m [90m[2m(client)[22m[39m [32mpage reload [39m[2mwork/inquiry-smtp-deploy/dist/blog/pet-pad-pilot-order-planning/index.html[22m
[2m10:59:58[22m [36m[1m[vite][22m[39m [90m[2m(client)[22m[39m [32mpage reload [39m[2mwork/inquiry-smtp-deploy/dist/blog/pet-pad-repeat-order-consistency/index.html[22m
[2m10:59:58[22m [36m[1m[vite][22m[39m [90m[2m(client)[22m[39m [32mpage reload [39m[2mwork/inquiry-smtp-deploy/dist/blog/pet-pad-retained-sample-program/index.html[22m
[2m10:59:58[22m [36m[1m[vite][22m[39m [90m[2m(client)[22m[39m [32mpage reload [39m[2mwork/inquiry-smtp-deploy/dist/blog/pet-pad-technical-specification-sheet/index.html[22m
[2m10:59:58[22m [36m[1m[vite][22m[39m [90m[2m(client)[22m[39m [32mpage reload [39m[2mwork/inquiry-smtp-deploy/dist/blog/pet-product-dieline-approval/index.html[22m
[2m10:59:58[22m [36m[1m[vite][22m[39m [90m[2m(client)[22m[39m [32mpage reload [39m[2mwork/inquiry-smtp-deploy/dist/blog/pet-product-factory-tour-checklist/index.html[22m
[2m10:59:58[22m [36m[1m[vite][22m[39m [90m[2m(client)[22m[39m [32mpage reload [39m[2mwork/inquiry-smtp-deploy/dist/blog/pet-product-container-moisture-control/index.html[22m
[2m10:59:58[22m [36m[1m[vite][22m[39m [90m[2m(client)[22m[39m [32mpage reload [39m[2mwork/inquiry-smtp-deploy/dist/blog/pet-product-lcl-vs-fcl-decision/index.html[22m
[2m10:59:58[22m [36m[1m[vite][22m[39m [90m[2m(client)[22m[39m [32mpage reload [39m[2mwork/inquiry-smtp-deploy/dist/blog/pet-product-export-documents/index.html[22m
[2m10:59:58[22m [36m[1m[vite][22m[39m [90m[2m(client)[22m[39m [32mpage reload [39m[2mwork/inquiry-smtp-deploy/dist/blog/pet-product-quotation-normalization/index.html[22m
[2m10:59:58[22m [36m[1m[vite][22m[39m [90m[2m(client)[22m[39m [32mpage reload [39m[2mwork/inquiry-smtp-deploy/dist/blog/pet-product-reorder-point-planning/index.html[22m
[2m10:59:58[22m [36m[1m[vite][22m[39m [90m[2m(client)[22m[39m [32mpage reload [39m[2mwork/inquiry-smtp-deploy/dist/blog/pet-product-packaging-cost-engineering/index.html[22m
[2m10:59:58[22m [36m[1m[vite][22m[39m [90m[2m(client)[22m[39m [32mpage reload [39m[2mwork/inquiry-smtp-deploy/dist/blog/pet-product-golden-sample-control/index.html[22m
[2m10:59:58[22m [36m[1m[vite][22m[39m [90m[2m(client)[22m[39m [32mpage reload [39m[2mwork/inquiry-smtp-deploy/dist/blog/pet-product-payment-milestone-plan/index.html[22m
[2m10:59:58[22m [36m[1m[vite][22m[39m [90m[2m(client)[22m[39m [32mpage reload [39m[2mwork/inquiry-smtp-deploy/dist/blog/pet-product-shipping-document-checklist/index.html[22m
[2m10:59:58[22m [36m[1m[vite][22m[39m [90m[2m(client)[22m[39m [32mpage reload [39m[2mwork/inquiry-smtp-deploy/dist/blog/pet-product-supplier-scorecard/index.html[22m
[2m10:59:58[22m [36m[1m[vite][22m[39m [90m[2m(client)[22m[39m [32mpage reload [39m[2mwork/inquiry-smtp-deploy/dist/blog/pet-product-sourcing-priorities-2027/index.html[22m
[2m10:59:58[22m [36m[1m[vite][22m[39m [90m[2m(client)[22m[39m [32mpage reload [39m[2mwork/inquiry-smtp-deploy/dist/blog/pet-product-supplier-red-flags/index.html[22m
[2m10:59:58[22m [36m[1m[vite][22m[39m [90m[2m(client)[22m[39m [32mpage reload [39m[2mwork/inquiry-smtp-deploy/dist/blog/pet-product-packaging-trends/index.html[22m
[2m10:59:58[22m [36m[1m[vite][22m[39m [90m[2m(client)[22m[39m [32mpage reload [39m[2mwork/inquiry-smtp-deploy/dist/blog/private-label-adult-underpad-packaging/index.html[22m
[2m10:59:58[22m [36m[1m[vite][22m[39m [90m[2m(client)[22m[39m [32mpage reload [39m[2mwork/inquiry-smtp-deploy/dist/blog/pet-product-warehouse-export-management/index.html[22m
[2m10:59:58[22m [36m[1m[vite][22m[39m [90m[2m(client)[22m[39m [32mpage reload [39m[2mwork/inquiry-smtp-deploy/dist/blog/printed-backing-film-pet-pads/index.html[22m
[2m10:59:58[22m [36m[1m[vite][22m[39m [90m[2m(client)[22m[39m [32mpage reload [39m[2mwork/inquiry-smtp-deploy/dist/blog/pre-shipment-inspection-pet-care-products/index.html[22m
[2m10:59:58[22m [36m[1m[vite][22m[39m [90m[2m(client)[22m[39m [32mpage reload [39m[2mwork/inquiry-smtp-deploy/dist/blog/private-label-claim-approval-workflow/index.html[22m
[2m10:59:58[22m [36m[1m[vite][22m[39m [90m[2m(client)[22m[39m [32mpage reload [39m[2mwork/inquiry-smtp-deploy/dist/blog/private-label-barcode-master-data/index.html[22m
[2m10:59:58[22m [36m[1m[vite][22m[39m [90m[2m(client)[22m[39m [32mpage reload [39m[2mwork/inquiry-smtp-deploy/dist/blog/private-label-dog-poop-bags-launch/index.html[22m
[2m10:59:58[22m [36m[1m[vite][22m[39m [90m[2m(client)[22m[39m [32mpage reload [39m[2mwork/inquiry-smtp-deploy/dist/blog/private-label-pet-pad-artwork-approval/index.html[22m
[2m10:59:58[22m [36m[1m[vite][22m[39m [90m[2m(client)[22m[39m [32mpage reload [39m[2mwork/inquiry-smtp-deploy/dist/blog/private-label-line-extension-planning/index.html[22m
[2m10:59:58[22m [36m[1m[vite][22m[39m [90m[2m(client)[22m[39m [32mpage reload [39m[2mwork/inquiry-smtp-deploy/dist/blog/private-label-pet-pad-launch-timeline/index.html[22m
[2m10:59:58[22m [36m[1m[vite][22m[39m [90m[2m(client)[22m[39m [32mpage reload [39m[2mwork/inquiry-smtp-deploy/dist/blog/private-label-pet-product-trends/index.html[22m
[2m10:59:58[22m [36m[1m[vite][22m[39m [90m[2m(client)[22m[39m [32mpage reload [39m[2mwork/inquiry-smtp-deploy/dist/blog/private-label-pet-training-pads-buyers-guide/index.html[22m
[2m10:59:58[22m [36m[1m[vite][22m[39m [90m[2m(client)[22m[39m [32mpage reload [39m[2mwork/inquiry-smtp-deploy/dist/blog/private-label-retailer-onboarding/index.html[22m
[2m10:59:58[22m [36m[1m[vite][22m[39m [90m[2m(client)[22m[39m [32mpage reload [39m[2mwork/inquiry-smtp-deploy/dist/blog/production-line-maintenance-oem-reliability/index.html[22m
[2m10:59:58[22m [36m[1m[vite][22m[39m [90m[2m(client)[22m[39m [32mpage reload [39m[2mwork/inquiry-smtp-deploy/dist/blog/private-label-pet-product-moq-guide/index.html[22m
[2m10:59:58[22m [36m[1m[vite][22m[39m [90m[2m(client)[22m[39m [32mpage reload [39m[2mwork/inquiry-smtp-deploy/dist/blog/puppy-pad-surface-intake-design/index.html[22m
[2m10:59:58[22m [36m[1m[vite][22m[39m [90m[2m(client)[22m[39m [32mpage reload [39m[2mwork/inquiry-smtp-deploy/dist/blog/raw-material-volatility-pet-products/index.html[22m
[2m10:59:58[22m [36m[1m[vite][22m[39m [90m[2m(client)[22m[39m [32mpage reload [39m[2mwork/inquiry-smtp-deploy/dist/blog/puppy-pad-rewet-testing/index.html[22m
[2m10:59:58[22m [36m[1m[vite][22m[39m [90m[2m(client)[22m[39m [32mpage reload [39m[2mwork/inquiry-smtp-deploy/dist/blog/reduce-pet-product-purchasing-cost/index.html[22m
[2m10:59:58[22m [36m[1m[vite][22m[39m [90m[2m(client)[22m[39m [32mpage reload [39m[2mwork/inquiry-smtp-deploy/dist/blog/reduce-pet-pad-procurement-costs/index.html[22m
[2m10:59:58[22m [36m[1m[vite][22m[39m [90m[2m(client)[22m[39m [32mpage reload [39m[2mwork/inquiry-smtp-deploy/dist/blog/questions-oem-buyers-ask-pet-pad-factory/index.html[22m
[2m10:59:58[22m [36m[1m[vite][22m[39m [90m[2m(client)[22m[39m [32mpage reload [39m[2mwork/inquiry-smtp-deploy/dist/blog/resilient-pet-product-supply-chain/index.html[22m
[2m10:59:58[22m [36m[1m[vite][22m[39m [90m[2m(client)[22m[39m [32mpage reload [39m[2mwork/inquiry-smtp-deploy/dist/blog/retail-trends-pet-pad-ranges/index.html[22m
[2m10:59:58[22m [36m[1m[vite][22m[39m [90m[2m(client)[22m[39m [32mpage reload [39m[2mwork/inquiry-smtp-deploy/dist/blog/retail-pet-pad-size-range/index.html[22m
[2m10:59:58[22m [36m[1m[vite][22m[39m [90m[2m(client)[22m[39m [32mpage reload [39m[2mwork/inquiry-smtp-deploy/dist/blog/review-eco-claims-pet-products/index.html[22m
[2m10:59:58[22m [36m[1m[vite][22m[39m [90m[2m(client)[22m[39m [32mpage reload [39m[2mwork/inquiry-smtp-deploy/dist/blog/review-pet-product-factory-certificates/index.html[22m
[2m10:59:58[22m [36m[1m[vite][22m[39m [90m[2m(client)[22m[39m [32mpage reload [39m[2mwork/inquiry-smtp-deploy/dist/blog/sap-dosing-consistency-audit/index.html[22m
[2m10:59:58[22m [36m[1m[vite][22m[39m [90m[2m(client)[22m[39m [32mpage reload [39m[2mwork/inquiry-smtp-deploy/dist/blog/sap-gel-blocking-pet-pads/index.html[22m
[2m10:59:58[22m [36m[1m[vite][22m[39m [90m[2m(client)[22m[39m [32mpage reload [39m[2mwork/inquiry-smtp-deploy/dist/blog/travel-pet-pad-sourcing-guide/index.html[22m
[2m10:59:58[22m [36m[1m[vite][22m[39m [90m[2m(client)[22m[39m [32mpage reload [39m[2mwork/inquiry-smtp-deploy/dist/blog/scented-vs-unscented-puppy-pads/index.html[22m
[2m10:59:58[22m [36m[1m[vite][22m[39m [90m[2m(client)[22m[39m [32mpage reload [39m[2mwork/inquiry-smtp-deploy/dist/blog/sap-supply-pricing-absorbent-products/index.html[22m
[2m10:59:58[22m [36m[1m[vite][22m[39m [90m[2m(client)[22m[39m [32mpage reload [39m[2mwork/inquiry-smtp-deploy/dist/blog/sustainability-absorbent-pet-products/index.html[22m
[2m10:59:58[22m [36m[1m[vite][22m[39m [90m[2m(client)[22m[39m [32mpage reload [39m[2mwork/inquiry-smtp-deploy/dist/blog/sap-in-puppy-pads/index.html[22m
[2m10:59:58[22m [36m[1m[vite][22m[39m [90m[2m(client)[22m[39m [32mpage reload [39m[2mwork/inquiry-smtp-deploy/dist/blog/virgin-pulp-vs-recycled-pulp-pet-pads/index.html[22m
[2m10:59:58[22m [36m[1m[vite][22m[39m [90m[2m(client)[22m[39m [32mpage reload [39m[2mwork/inquiry-smtp-deploy/dist/blog/what-determines-puppy-pad-absorbency/index.html[22m
[2m10:59:58[22m [36m[1m[vite][22m[39m [90m[2m(client)[22m[39m [32mpage reload [39m[2mwork/inquiry-smtp-deploy/dist/blog/underpad-skin-contact-surface/index.html[22m
[2m10:59:58[22m [36m[1m[vite][22m[39m [90m[2m(client)[22m[39m [32mpage reload [39m[2mwork/inquiry-smtp-deploy/dist/blog/wholesale-dog-waste-bags-cost-moq/index.html[22m
[2m10:59:58[22m [36m[1m[vite][22m[39m [90m[2m(client)[22m[39m [32mpage reload [39m[2mwork/inquiry-smtp-deploy/dist/buyer-guides/adult-underpad-procurement-guide/index.html[22m
[2m10:59:58[22m [36m[1m[vite][22m[39m [90m[2m(client)[22m[39m [32mpage reload [39m[2mwork/inquiry-smtp-deploy/dist/buyer-guides/index.html[22m
[2m10:59:58[22m [36m[1m[vite][22m[39m [90m[2m(client)[22m[39m [32mpage reload [39m[2mwork/inquiry-smtp-deploy/dist/buyer-guides/container-loading-buyer-guide/index.html[22m
[2m10:59:58[22m [36m[1m[vite][22m[39m [90m[2m(client)[22m[39m [32mpage reload [39m[2mwork/inquiry-smtp-deploy/dist/buyer-guides/amazon-private-label-guide/index.html[22m
[2m10:59:58[22m [36m[1m[vite][22m[39m [90m[2m(client)[22m[39m [32mpage reload [39m[2mwork/inquiry-smtp-deploy/dist/buyer-guides/choose-oem-pet-pad-manufacturer/index.html[22m
[2m10:59:58[22m [36m[1m[vite][22m[39m [90m[2m(client)[22m[39m [32mpage reload [39m[2mwork/inquiry-smtp-deploy/dist/buyer-guides/first-order-to-repeat-order-guide/index.html[22m
[2m10:59:58[22m [36m[1m[vite][22m[39m [90m[2m(client)[22m[39m [32mpage reload [39m[2mwork/inquiry-smtp-deploy/dist/buyer-guides/fluff-pulp-buyer-guide/index.html[22m
[2m10:59:58[22m [36m[1m[vite][22m[39m [90m[2m(client)[22m[39m [32mpage reload [39m[2mwork/inquiry-smtp-deploy/dist/buyer-guides/dog-poop-bag-procurement-guide/index.html[22m
[2m10:59:58[22m [36m[1m[vite][22m[39m [90m[2m(client)[22m[39m [32mpage reload [39m[2mwork/inquiry-smtp-deploy/dist/buyer-guides/nonwoven-material-buyer-guide/index.html[22m
[2m10:59:58[22m [36m[1m[vite][22m[39m [90m[2m(client)[22m[39m [32mpage reload [39m[2mwork/inquiry-smtp-deploy/dist/buyer-guides/landed-cost-pet-products-guide/index.html[22m
[2m10:59:58[22m [36m[1m[vite][22m[39m [90m[2m(client)[22m[39m [32mpage reload [39m[2mwork/inquiry-smtp-deploy/dist/buyer-guides/fob-cif-pet-products-guide/index.html[22m
[2m10:59:58[22m [36m[1m[vite][22m[39m [90m[2m(client)[22m[39m [32mpage reload [39m[2mwork/inquiry-smtp-deploy/dist/buyer-guides/multi-supplier-strategy-guide/index.html[22m
[2m10:59:58[22m [36m[1m[vite][22m[39m [90m[2m(client)[22m[39m [32mpage reload [39m[2mwork/inquiry-smtp-deploy/dist/buyer-guides/odm-pet-product-development-guide/index.html[22m
[2m10:59:58[22m [36m[1m[vite][22m[39m [90m[2m(client)[22m[39m [32mpage reload [39m[2mwork/inquiry-smtp-deploy/dist/buyer-guides/oem-lead-time-guide/index.html[22m
[2m10:59:58[22m [36m[1m[vite][22m[39m [90m[2m(client)[22m[39m [32mpage reload [39m[2mwork/inquiry-smtp-deploy/dist/buyer-guides/oem-sampling-guide/index.html[22m
[2m10:59:58[22m [36m[1m[vite][22m[39m [90m[2m(client)[22m[39m [32mpage reload [39m[2mwork/inquiry-smtp-deploy/dist/buyer-guides/oem-pet-product-sourcing-process/index.html[22m
[2m10:59:58[22m [36m[1m[vite][22m[39m [90m[2m(client)[22m[39m [32mpage reload [39m[2mwork/inquiry-smtp-deploy/dist/buyer-guides/oem-vs-odm-buyer-decision/index.html[22m
[2m10:59:58[22m [36m[1m[vite][22m[39m [90m[2m(client)[22m[39m [32mpage reload [39m[2mwork/inquiry-smtp-deploy/dist/buyer-guides/pet-pad-factory-audit-checklist/index.html[22m
[2m10:59:58[22m [36m[1m[vite][22m[39m [90m[2m(client)[22m[39m [32mpage reload [39m[2mwork/inquiry-smtp-deploy/dist/buyer-guides/pet-pad-specification-guide/index.html[22m
[2m10:59:58[22m [36m[1m[vite][22m[39m [90m[2m(client)[22m[39m [32mpage reload [39m[2mwork/inquiry-smtp-deploy/dist/buyer-guides/pe-film-buyer-guide/index.html[22m
[2m10:59:58[22m [36m[1m[vite][22m[39m [90m[2m(client)[22m[39m [32mpage reload [39m[2mwork/inquiry-smtp-deploy/dist/buyer-guides/pet-pad-moq-negotiation/index.html[22m
[2m10:59:58[22m [36m[1m[vite][22m[39m [90m[2m(client)[22m[39m [32mpage reload [39m[2mwork/inquiry-smtp-deploy/dist/buyer-guides/pet-product-barcode-guide/index.html[22m
[2m10:59:58[22m [36m[1m[vite][22m[39m [90m[2m(client)[22m[39m [32mpage reload [39m[2mwork/inquiry-smtp-deploy/dist/buyer-guides/pet-product-carton-guide/index.html[22m
[2m10:59:58[22m [36m[1m[vite][22m[39m [90m[2m(client)[22m[39m [32mpage reload [39m[2mwork/inquiry-smtp-deploy/dist/buyer-guides/pet-product-forecast-guide/index.html[22m
[2m10:59:58[22m [36m[1m[vite][22m[39m [90m[2m(client)[22m[39m [32mpage reload [39m[2mwork/inquiry-smtp-deploy/dist/buyer-guides/pet-product-incoterms-guide/index.html[22m
[2m10:59:58[22m [36m[1m[vite][22m[39m [90m[2m(client)[22m[39m [32mpage reload [39m[2mwork/inquiry-smtp-deploy/dist/buyer-guides/pet-pad-sample-scorecard/index.html[22m
[2m10:59:58[22m [36m[1m[vite][22m[39m [90m[2m(client)[22m[39m [32mpage reload [39m[2mwork/inquiry-smtp-deploy/dist/buyer-guides/pet-product-moq-guide/index.html[22m
[2m10:59:58[22m [36m[1m[vite][22m[39m [90m[2m(client)[22m[39m [32mpage reload [39m[2mwork/inquiry-smtp-deploy/dist/buyer-guides/pet-product-import-document-guide/index.html[22m
[2m10:59:58[22m [36m[1m[vite][22m[39m [90m[2m(client)[22m[39m [32mpage reload [39m[2mwork/inquiry-smtp-deploy/dist/buyer-guides/pet-product-cost-reduction-guide/index.html[22m
[2m10:59:58[22m [36m[1m[vite][22m[39m [90m[2m(client)[22m[39m [32mpage reload [39m[2mwork/inquiry-smtp-deploy/dist/buyer-guides/pet-product-quality-plan/index.html[22m
[2m10:59:58[22m [36m[1m[vite][22m[39m [90m[2m(client)[22m[39m [32mpage reload [39m[2mwork/inquiry-smtp-deploy/dist/buyer-guides/pet-product-packaging-guide/index.html[22m
[2m10:59:58[22m [36m[1m[vite][22m[39m [90m[2m(client)[22m[39m [32mpage reload [39m[2mwork/inquiry-smtp-deploy/dist/buyer-guides/pet-product-supplier-evaluation/index.html[22m
[2m10:59:58[22m [36m[1m[vite][22m[39m [90m[2m(client)[22m[39m [32mpage reload [39m[2mwork/inquiry-smtp-deploy/dist/buyer-guides/private-label-pet-products-launch/index.html[22m
[2m10:59:58[22m [36m[1m[vite][22m[39m [90m[2m(client)[22m[39m [32mpage reload [39m[2mwork/inquiry-smtp-deploy/dist/buyer-guides/private-label-artwork-approval/index.html[22m
[2m10:59:58[22m [36m[1m[vite][22m[39m [90m[2m(client)[22m[39m [32mpage reload [39m[2mwork/inquiry-smtp-deploy/dist/buyer-guides/retail-chain-pet-product-guide/index.html[22m
[2m10:59:58[22m [36m[1m[vite][22m[39m [90m[2m(client)[22m[39m [32mpage reload [39m[2mwork/inquiry-smtp-deploy/dist/buyer-guides/sap-buyer-specification-guide/index.html[22m
[2m10:59:58[22m [36m[1m[vite][22m[39m [90m[2m(client)[22m[39m [32mpage reload [39m[2mwork/inquiry-smtp-deploy/dist/buyer-guides/production-schedule-buyer-guide/index.html[22m
[2m10:59:58[22m [36m[1m[vite][22m[39m [90m[2m(client)[22m[39m [32mpage reload [39m[2mwork/inquiry-smtp-deploy/dist/buyer-guides/remote-factory-audit-guide/index.html[22m
[2m10:59:58[22m [36m[1m[vite][22m[39m [90m[2m(client)[22m[39m [32mpage reload [39m[2mwork/inquiry-smtp-deploy/dist/buyer-guides/supplier-corrective-action-guide/index.html[22m
[2m10:59:58[22m [36m[1m[vite][22m[39m [90m[2m(client)[22m[39m [32mpage reload [39m[2mwork/inquiry-smtp-deploy/dist/buyer-guides/supplier-payment-terms-guide/index.html[22m
[2m10:59:58[22m [36m[1m[vite][22m[39m [90m[2m(client)[22m[39m [32mpage reload [39m[2mwork/inquiry-smtp-deploy/dist/buyer-guides/pre-shipment-inspection-guide/index.html[22m
[2m10:59:58[22m [36m[1m[vite][22m[39m [90m[2m(client)[22m[39m [32mpage reload [39m[2mwork/inquiry-smtp-deploy/dist/case-studies/adult-underpad-rewet-case/index.html[22m
[2m10:59:58[22m [36m[1m[vite][22m[39m [90m[2m(client)[22m[39m [32mpage reload [39m[2mwork/inquiry-smtp-deploy/dist/case-studies/index.html[22m
[2m10:59:58[22m [36m[1m[vite][22m[39m [90m[2m(client)[22m[39m [32mpage reload [39m[2mwork/inquiry-smtp-deploy/dist/case-studies/european-private-label-pad-launch/index.html[22m
[2m10:59:58[22m [36m[1m[vite][22m[39m [90m[2m(client)[22m[39m [32mpage reload [39m[2mwork/inquiry-smtp-deploy/dist/case-studies/factory-audit-success/index.html[22m
[2m10:59:58[22m [36m[1m[vite][22m[39m [90m[2m(client)[22m[39m [32mpage reload [39m[2mwork/inquiry-smtp-deploy/dist/case-studies/container-optimization/index.html[22m
[2m10:59:58[22m [36m[1m[vite][22m[39m [90m[2m(client)[22m[39m [32mpage reload [39m[2mwork/inquiry-smtp-deploy/dist/case-studies/oem-manufacturing-process/index.html[22m
[2m10:59:58[22m [36m[1m[vite][22m[39m [90m[2m(client)[22m[39m [32mpage reload [39m[2mwork/inquiry-smtp-deploy/dist/case-studies/multi-sku-launch-recovery-case/index.html[22m
[2m10:59:58[22m [36m[1m[vite][22m[39m [90m[2m(client)[22m[39m [32mpage reload [39m[2mwork/inquiry-smtp-deploy/dist/case-studies/european-private-label-launch/index.html[22m
[2m10:59:58[22m [36m[1m[vite][22m[39m [90m[2m(client)[22m[39m [32mpage reload [39m[2mwork/inquiry-smtp-deploy/dist/case-studies/pet-pad-container-utilization-case/index.html[22m
[2m10:59:58[22m [36m[1m[vite][22m[39m [90m[2m(client)[22m[39m [32mpage reload [39m[2mwork/inquiry-smtp-deploy/dist/case-studies/landed-cost-reduction-framework/index.html[22m
[2m10:59:58[22m [36m[1m[vite][22m[39m [90m[2m(client)[22m[39m [32mpage reload [39m[2mwork/inquiry-smtp-deploy/dist/case-studies/pe-film-pinhole-case/index.html[22m
[2m10:59:58[22m [36m[1m[vite][22m[39m [90m[2m(client)[22m[39m [32mpage reload [39m[2mwork/inquiry-smtp-deploy/dist/case-studies/pet-product-landed-cost-case/index.html[22m
[2m10:59:58[22m [36m[1m[vite][22m[39m [90m[2m(client)[22m[39m [32mpage reload [39m[2mwork/inquiry-smtp-deploy/dist/case-studies/pet-pad-leakage-improvement-case/index.html[22m
[2m10:59:58[22m [36m[1m[vite][22m[39m [90m[2m(client)[22m[39m [32mpage reload [39m[2mwork/inquiry-smtp-deploy/dist/case-studies/private-label-packaging-recovery-case/index.html[22m
[2m10:59:58[22m [36m[1m[vite][22m[39m [90m[2m(client)[22m[39m [32mpage reload [39m[2mwork/inquiry-smtp-deploy/dist/case-studies/poop-bag-roll-count-case/index.html[22m
[2m10:59:58[22m [36m[1m[vite][22m[39m [90m[2m(client)[22m[39m [32mpage reload [39m[2mwork/inquiry-smtp-deploy/dist/case-studies/quality-improvement/index.html[22m
[2m10:59:58[22m [36m[1m[vite][22m[39m [90m[2m(client)[22m[39m [32mpage reload [39m[2mwork/inquiry-smtp-deploy/dist/case-studies/retailer-barcode-case/index.html[22m
[2m10:59:58[22m [36m[1m[vite][22m[39m [90m[2m(client)[22m[39m [32mpage reload [39m[2mwork/inquiry-smtp-deploy/dist/case-studies/sap-dosing-variation-case/index.html[22m
[2m10:59:58[22m [36m[1m[vite][22m[39m [90m[2m(client)[22m[39m [32mpage reload [39m[2mwork/inquiry-smtp-deploy/dist/case-studies/supplier-audit-remediation-case/index.html[22m
[2m10:59:58[22m [36m[1m[vite][22m[39m [90m[2m(client)[22m[39m [32mpage reload [39m[2mwork/inquiry-smtp-deploy/dist/case-studies/warehouse-mixed-carton-case/index.html[22m
[2m10:59:58[22m [36m[1m[vite][22m[39m [90m[2m(client)[22m[39m [32mpage reload [39m[2mwork/inquiry-smtp-deploy/dist/case-studies/us-distributor-underpad-program/index.html[22m
[2m10:59:58[22m [36m[1m[vite][22m[39m [90m[2m(client)[22m[39m [32mpage reload [39m[2mwork/inquiry-smtp-deploy/dist/certifications/index.html[22m
[2m10:59:58[22m [36m[1m[vite][22m[39m [90m[2m(client)[22m[39m [32mpage reload [39m[2mwork/inquiry-smtp-deploy/dist/comparisons/adult-underpads-vs-pet-pads/index.html[22m
[2m10:59:58[22m [36m[1m[vite][22m[39m [90m[2m(client)[22m[39m [32mpage reload [39m[2mwork/inquiry-smtp-deploy/dist/comparisons/index.html[22m
[2m10:59:58[22m [36m[1m[vite][22m[39m [90m[2m(client)[22m[39m [32mpage reload [39m[2mwork/inquiry-smtp-deploy/dist/comparisons/air-freight-vs-ocean-freight-samples/index.html[22m
[2m10:59:58[22m [36m[1m[vite][22m[39m [90m[2m(client)[22m[39m [32mpage reload [39m[2mwork/inquiry-smtp-deploy/dist/comparisons/aql-inspection-vs-100-percent-check/index.html[22m
[2m10:59:58[22m [36m[1m[vite][22m[39m [90m[2m(client)[22m[39m [32mpage reload [39m[2mwork/inquiry-smtp-deploy/dist/comparisons/bag-vs-box-pet-pad-packaging/index.html[22m
[2m10:59:58[22m [36m[1m[vite][22m[39m [90m[2m(client)[22m[39m [32mpage reload [39m[2mwork/inquiry-smtp-deploy/dist/comparisons/china-vs-vietnam-manufacturers/index.html[22m
[2m10:59:58[22m [36m[1m[vite][22m[39m [90m[2m(client)[22m[39m [32mpage reload [39m[2mwork/inquiry-smtp-deploy/dist/comparisons/hdpe-vs-biodegradable-bags/index.html[22m
[2m10:59:58[22m [36m[1m[vite][22m[39m [90m[2m(client)[22m[39m [32mpage reload [39m[2mwork/inquiry-smtp-deploy/dist/comparisons/direct-factory-vs-trading-company/index.html[22m
[2m10:59:58[22m [36m[1m[vite][22m[39m [90m[2m(client)[22m[39m [32mpage reload [39m[2mwork/inquiry-smtp-deploy/dist/comparisons/annual-contract-vs-spot-buying/index.html[22m
[2m10:59:58[22m [36m[1m[vite][22m[39m [90m[2m(client)[22m[39m [32mpage reload [39m[2mwork/inquiry-smtp-deploy/dist/comparisons/domestic-vs-imported-pet-products/index.html[22m
[2m10:59:58[22m [36m[1m[vite][22m[39m [90m[2m(client)[22m[39m [32mpage reload [39m[2mwork/inquiry-smtp-deploy/dist/comparisons/fcl-vs-lcl-pet-products/index.html[22m
[2m10:59:58[22m [36m[1m[vite][22m[39m [90m[2m(client)[22m[39m [32mpage reload [39m[2mwork/inquiry-smtp-deploy/dist/comparisons/exclusive-formula-vs-open-platform/index.html[22m
[2m10:59:58[22m [36m[1m[vite][22m[39m [90m[2m(client)[22m[39m [32mpage reload [39m[2mwork/inquiry-smtp-deploy/dist/comparisons/fixed-forecast-vs-rolling-forecast/index.html[22m
[2m10:59:58[22m [36m[1m[vite][22m[39m [90m[2m(client)[22m[39m [32mpage reload [39m[2mwork/inquiry-smtp-deploy/dist/comparisons/oem-vs-odm/index.html[22m
[2m10:59:58[22m [36m[1m[vite][22m[39m [90m[2m(client)[22m[39m [32mpage reload [39m[2mwork/inquiry-smtp-deploy/dist/comparisons/high-sap-vs-balanced-core/index.html[22m
[2m10:59:58[22m [36m[1m[vite][22m[39m [90m[2m(client)[22m[39m [32mpage reload [39m[2mwork/inquiry-smtp-deploy/dist/comparisons/oem-platform-vs-custom-development/index.html[22m
[2m10:59:58[22m [36m[1m[vite][22m[39m [90m[2m(client)[22m[39m [32mpage reload [39m[2mwork/inquiry-smtp-deploy/dist/comparisons/manufacturer-standard-vs-buyer-spec/index.html[22m
[2m10:59:58[22m [36m[1m[vite][22m[39m [90m[2m(client)[22m[39m [32mpage reload [39m[2mwork/inquiry-smtp-deploy/dist/comparisons/one-sku-vs-multi-sku-launch/index.html[22m
[2m10:59:58[22m [36m[1m[vite][22m[39m [90m[2m(client)[22m[39m [32mpage reload [39m[2mwork/inquiry-smtp-deploy/dist/comparisons/pilot-order-vs-full-launch/index.html[22m
[2m10:59:58[22m [36m[1m[vite][22m[39m [90m[2m(client)[22m[39m [32mpage reload [39m[2mwork/inquiry-smtp-deploy/dist/comparisons/private-label-vs-wholesale/index.html[22m
[2m10:59:58[22m [36m[1m[vite][22m[39m [90m[2m(client)[22m[39m [32mpage reload [39m[2mwork/inquiry-smtp-deploy/dist/comparisons/pre-shipment-vs-arrival-inspection/index.html[22m
[2m10:59:58[22m [36m[1m[vite][22m[39m [90m[2m(client)[22m[39m [32mpage reload [39m[2mwork/inquiry-smtp-deploy/dist/comparisons/single-supplier-vs-dual-sourcing/index.html[22m
[2m10:59:58[22m [36m[1m[vite][22m[39m [90m[2m(client)[22m[39m [32mpage reload [39m[2mwork/inquiry-smtp-deploy/dist/comparisons/printed-bag-vs-neutral-packaging/index.html[22m
[2m10:59:58[22m [36m[1m[vite][22m[39m [90m[2m(client)[22m[39m [32mpage reload [39m[2mwork/inquiry-smtp-deploy/dist/comparisons/spunbond-vs-other-nonwoven/index.html[22m
[2m10:59:58[22m [36m[1m[vite][22m[39m [90m[2m(client)[22m[39m [32mpage reload [39m[2mwork/inquiry-smtp-deploy/dist/comparisons/retail-pack-vs-bulk-pack/index.html[22m
[2m10:59:58[22m [36m[1m[vite][22m[39m [90m[2m(client)[22m[39m [32mpage reload [39m[2mwork/inquiry-smtp-deploy/dist/comparisons/sap-vs-fluff-pulp/index.html[22m
[2m10:59:58[22m [36m[1m[vite][22m[39m [90m[2m(client)[22m[39m [32mpage reload [39m[2mwork/inquiry-smtp-deploy/dist/comparisons/virgin-vs-recycled-packaging/index.html[22m
[2m10:59:58[22m [36m[1m[vite][22m[39m [90m[2m(client)[22m[39m [32mpage reload [39m[2mwork/inquiry-smtp-deploy/dist/comparisons/virgin-vs-recycled-pulp/index.html[22m
[2m10:59:58[22m [36m[1m[vite][22m[39m [90m[2m(client)[22m[39m [32mpage reload [39m[2mwork/inquiry-smtp-deploy/dist/comparisons/thin-vs-thick-pe-backing/index.html[22m
[2m10:59:58[22m [36m[1m[vite][22m[39m [90m[2m(client)[22m[39m [32mpage reload [39m[2mwork/inquiry-smtp-deploy/dist/comparisons/standard-vs-custom-pet-pad-size/index.html[22m
[2m10:59:58[22m [36m[1m[vite][22m[39m [90m[2m(client)[22m[39m [32mpage reload [39m[2mwork/inquiry-smtp-deploy/dist/comparisons/visual-inspection-vs-performance-testing/index.html[22m
[2m10:59:58[22m [36m[1m[vite][22m[39m [90m[2m(client)[22m[39m [32mpage reload [39m[2mwork/inquiry-smtp-deploy/dist/contact/index.html[22m
[2m10:59:58[22m [36m[1m[vite][22m[39m [90m[2m(client)[22m[39m [32mpage reload [39m[2mwork/inquiry-smtp-deploy/dist/customization/index.html[22m
[2m10:59:58[22m [36m[1m[vite][22m[39m [90m[2m(client)[22m[39m [32mpage reload [39m[2mwork/inquiry-smtp-deploy/dist/downloads/index.html[22m
[2m10:59:58[22m [36m[1m[vite][22m[39m [90m[2m(client)[22m[39m [32mpage reload [39m[2mwork/inquiry-smtp-deploy/dist/factory/certificates/index.html[22m
[2m10:59:58[22m [36m[1m[vite][22m[39m [90m[2m(client)[22m[39m [32mpage reload [39m[2mwork/inquiry-smtp-deploy/dist/factory/index.html[22m
[2m10:59:58[22m [36m[1m[vite][22m[39m [90m[2m(client)[22m[39m [32mpage reload [39m[2mwork/inquiry-smtp-deploy/dist/factory/factory-continuous-improvement/index.html[22m
[2m10:59:58[22m [36m[1m[vite][22m[39m [90m[2m(client)[22m[39m [32mpage reload [39m[2mwork/inquiry-smtp-deploy/dist/factory/container-loading/index.html[22m
[2m10:59:58[22m [36m[1m[vite][22m[39m [90m[2m(client)[22m[39m [32mpage reload [39m[2mwork/inquiry-smtp-deploy/dist/factory/factory-export-document-control/index.html[22m
[2m10:59:58[22m [36m[1m[vite][22m[39m [90m[2m(client)[22m[39m [32mpage reload [39m[2mwork/inquiry-smtp-deploy/dist/factory/factory-customer-sample-room/index.html[22m
[2m10:59:58[22m [36m[1m[vite][22m[39m [90m[2m(client)[22m[39m [32mpage reload [39m[2mwork/inquiry-smtp-deploy/dist/factory/factory-in-process-inspection/index.html[22m
[2m10:59:58[22m [36m[1m[vite][22m[39m [90m[2m(client)[22m[39m [32mpage reload [39m[2mwork/inquiry-smtp-deploy/dist/factory/factory-line-changeover/index.html[22m
[2m10:59:58[22m [36m[1m[vite][22m[39m [90m[2m(client)[22m[39m [32mpage reload [39m[2mwork/inquiry-smtp-deploy/dist/factory/factory-traceability-system/index.html[22m
[2m10:59:58[22m [36m[1m[vite][22m[39m [90m[2m(client)[22m[39m [32mpage reload [39m[2mwork/inquiry-smtp-deploy/dist/factory/factory-material-receiving/index.html[22m
[2m10:59:58[22m [36m[1m[vite][22m[39m [90m[2m(client)[22m[39m [32mpage reload [39m[2mwork/inquiry-smtp-deploy/dist/factory/factory-preventive-maintenance/index.html[22m
[2m10:59:58[22m [36m[1m[vite][22m[39m [90m[2m(client)[22m[39m [32mpage reload [39m[2mwork/inquiry-smtp-deploy/dist/factory/factory-pack-count-control/index.html[22m
[2m10:59:58[22m [36m[1m[vite][22m[39m [90m[2m(client)[22m[39m [32mpage reload [39m[2mwork/inquiry-smtp-deploy/dist/factory/factory-nonconforming-product/index.html[22m
[2m10:59:58[22m [36m[1m[vite][22m[39m [90m[2m(client)[22m[39m [32mpage reload [39m[2mwork/inquiry-smtp-deploy/dist/factory/pe-film/index.html[22m
[2m10:59:58[22m [36m[1m[vite][22m[39m [90m[2m(client)[22m[39m [32mpage reload [39m[2mwork/inquiry-smtp-deploy/dist/factory/raw-materials/index.html[22m
[2m10:59:58[22m [36m[1m[vite][22m[39m [90m[2m(client)[22m[39m [32mpage reload [39m[2mwork/inquiry-smtp-deploy/dist/factory/quality-control/index.html[22m
[2m10:59:58[22m [36m[1m[vite][22m[39m [90m[2m(client)[22m[39m [32mpage reload [39m[2mwork/inquiry-smtp-deploy/dist/factory/sap/index.html[22m
[2m10:59:58[22m [36m[1m[vite][22m[39m [90m[2m(client)[22m[39m [32mpage reload [39m[2mwork/inquiry-smtp-deploy/dist/factory/production-line/index.html[22m
[2m10:59:58[22m [36m[1m[vite][22m[39m [90m[2m(client)[22m[39m [32mpage reload [39m[2mwork/inquiry-smtp-deploy/dist/factory/testing-laboratory/index.html[22m
[2m10:59:58[22m [36m[1m[vite][22m[39m [90m[2m(client)[22m[39m [32mpage reload [39m[2mwork/inquiry-smtp-deploy/dist/factory/packaging/index.html[22m
[2m10:59:58[22m [36m[1m[vite][22m[39m [90m[2m(client)[22m[39m [32mpage reload [39m[2mwork/inquiry-smtp-deploy/dist/factory/warehouse/index.html[22m
[2m10:59:58[22m [36m[1m[vite][22m[39m [90m[2m(client)[22m[39m [32mpage reload [39m[2mwork/inquiry-smtp-deploy/dist/faq/adult-underpad-faq/index.html[22m
[2m10:59:58[22m [36m[1m[vite][22m[39m [90m[2m(client)[22m[39m [32mpage reload [39m[2mwork/inquiry-smtp-deploy/dist/faq/index.html[22m
[2m10:59:58[22m [36m[1m[vite][22m[39m [90m[2m(client)[22m[39m [32mpage reload [39m[2mwork/inquiry-smtp-deploy/dist/faq/customization-faq/index.html[22m
[2m10:59:58[22m [36m[1m[vite][22m[39m [90m[2m(client)[22m[39m [32mpage reload [39m[2mwork/inquiry-smtp-deploy/dist/faq/oem-manufacturing-faq/index.html[22m
[2m10:59:58[22m [36m[1m[vite][22m[39m [90m[2m(client)[22m[39m [32mpage reload [39m[2mwork/inquiry-smtp-deploy/dist/faq/factory-audit-faq/index.html[22m
[2m10:59:58[22m [36m[1m[vite][22m[39m [90m[2m(client)[22m[39m [32mpage reload [39m[2mwork/inquiry-smtp-deploy/dist/faq/dog-poop-bag-faq/index.html[22m
[2m10:59:58[22m [36m[1m[vite][22m[39m [90m[2m(client)[22m[39m [32mpage reload [39m[2mwork/inquiry-smtp-deploy/dist/faq/packaging-faq/index.html[22m
[2m10:59:58[22m [36m[1m[vite][22m[39m [90m[2m(client)[22m[39m [32mpage reload [39m[2mwork/inquiry-smtp-deploy/dist/faq/import-procurement-faq/index.html[22m
[2m10:59:58[22m [36m[1m[vite][22m[39m [90m[2m(client)[22m[39m [32mpage reload [39m[2mwork/inquiry-smtp-deploy/dist/faq/materials-faq/index.html[22m
[2m10:59:58[22m [36m[1m[vite][22m[39m [90m[2m(client)[22m[39m [32mpage reload [39m[2mwork/inquiry-smtp-deploy/dist/faq/pe-film-faq/index.html[22m
[2m10:59:58[22m [36m[1m[vite][22m[39m [90m[2m(client)[22m[39m [32mpage reload [39m[2mwork/inquiry-smtp-deploy/dist/faq/private-label-faq/index.html[22m
[2m10:59:58[22m [36m[1m[vite][22m[39m [90m[2m(client)[22m[39m [32mpage reload [39m[2mwork/inquiry-smtp-deploy/dist/faq/quality-control-faq/index.html[22m
[2m10:59:58[22m [36m[1m[vite][22m[39m [90m[2m(client)[22m[39m [32mpage reload [39m[2mwork/inquiry-smtp-deploy/dist/faq/pet-training-pad-faq/index.html[22m
[2m10:59:58[22m [36m[1m[vite][22m[39m [90m[2m(client)[22m[39m [32mpage reload [39m[2mwork/inquiry-smtp-deploy/dist/faq/shipping-faq/index.html[22m
[2m10:59:58[22m [36m[1m[vite][22m[39m [90m[2m(client)[22m[39m [32mpage reload [39m[2mwork/inquiry-smtp-deploy/dist/faq/sap-technology-faq/index.html[22m
[2m10:59:58[22m [36m[1m[vite][22m[39m [90m[2m(client)[22m[39m [32mpage reload [39m[2mwork/inquiry-smtp-deploy/dist/innovation/index.html[22m
[2m10:59:58[22m [36m[1m[vite][22m[39m [90m[2m(client)[22m[39m [32mpage reload [39m[2mwork/inquiry-smtp-deploy/dist/materials/absorbent-paper-core/index.html[22m
[2m10:59:58[22m [36m[1m[vite][22m[39m [90m[2m(client)[22m[39m [32mpage reload [39m[2mwork/inquiry-smtp-deploy/dist/materials/index.html[22m
[2m10:59:58[22m [36m[1m[vite][22m[39m [90m[2m(client)[22m[39m [32mpage reload [39m[2mwork/inquiry-smtp-deploy/dist/materials/adhesive-backing-strips/index.html[22m
[2m10:59:58[22m [36m[1m[vite][22m[39m [90m[2m(client)[22m[39m [32mpage reload [39m[2mwork/inquiry-smtp-deploy/dist/materials/acquisition-distribution-layer/index.html[22m
[2m10:59:58[22m [36m[1m[vite][22m[39m [90m[2m(client)[22m[39m [32mpage reload [39m[2mwork/inquiry-smtp-deploy/dist/materials/charcoal-odor-control-layer/index.html[22m
[2m10:59:58[22m [36m[1m[vite][22m[39m [90m[2m(client)[22m[39m [32mpage reload [39m[2mwork/inquiry-smtp-deploy/dist/materials/embossing-technology/index.html[22m
[2m10:59:58[22m [36m[1m[vite][22m[39m [90m[2m(client)[22m[39m [32mpage reload [39m[2mwork/inquiry-smtp-deploy/dist/materials/corrugated-export-cartons/index.html[22m
[2m10:59:58[22m [36m[1m[vite][22m[39m [90m[2m(client)[22m[39m [32mpage reload [39m[2mwork/inquiry-smtp-deploy/dist/materials/hot-melt-adhesive/index.html[22m
[2m10:59:58[22m [36m[1m[vite][22m[39m [90m[2m(client)[22m[39m [32mpage reload [39m[2mwork/inquiry-smtp-deploy/dist/materials/color-masterbatch-film/index.html[22m
[2m10:59:58[22m [36m[1m[vite][22m[39m [90m[2m(client)[22m[39m [32mpage reload [39m[2mwork/inquiry-smtp-deploy/dist/materials/fluff-pulp-absorbent-core/index.html[22m
[2m10:59:58[22m [36m[1m[vite][22m[39m [90m[2m(client)[22m[39m [32mpage reload [39m[2mwork/inquiry-smtp-deploy/dist/materials/pe-backing-film/index.html[22m
[2m10:59:58[22m [36m[1m[vite][22m[39m [90m[2m(client)[22m[39m [32mpage reload [39m[2mwork/inquiry-smtp-deploy/dist/materials/nonwoven-topsheet/index.html[22m
[2m10:59:58[22m [36m[1m[vite][22m[39m [90m[2m(client)[22m[39m [32mpage reload [39m[2mwork/inquiry-smtp-deploy/dist/materials/paper-and-plastic-roll-cores/index.html[22m
[2m10:59:58[22m [36m[1m[vite][22m[39m [90m[2m(client)[22m[39m [32mpage reload [39m[2mwork/inquiry-smtp-deploy/dist/materials/super-absorbent-polymer/index.html[22m
[2m10:59:58[22m [36m[1m[vite][22m[39m [90m[2m(client)[22m[39m [32mpage reload [39m[2mwork/inquiry-smtp-deploy/dist/materials/printed-pe-film/index.html[22m
[2m10:59:58[22m [36m[1m[vite][22m[39m [90m[2m(client)[22m[39m [32mpage reload [39m[2mwork/inquiry-smtp-deploy/dist/materials/tissue-distribution-layer/index.html[22m
[2m10:59:58[22m [36m[1m[vite][22m[39m [90m[2m(client)[22m[39m [32mpage reload [39m[2mwork/inquiry-smtp-deploy/dist/media/index.html[22m
[2m10:59:58[22m [36m[1m[vite][22m[39m [90m[2m(client)[22m[39m [32mpage reload [39m[2mwork/inquiry-smtp-deploy/dist/news/index.html[22m
[2m10:59:58[22m [36m[1m[vite][22m[39m [90m[2m(client)[22m[39m [32mpage reload [39m[2mwork/inquiry-smtp-deploy/dist/oem-pet-pee-pads/index.html[22m
[2m10:59:58[22m [36m[1m[vite][22m[39m [90m[2m(client)[22m[39m [32mpage reload [39m[2mwork/inquiry-smtp-deploy/dist/oem-process/index.html[22m
[2m10:59:58[22m [36m[1m[vite][22m[39m [90m[2m(client)[22m[39m [32mpage reload [39m[2mwork/inquiry-smtp-deploy/dist/pages/about/index.html[22m
[2m10:59:58[22m [36m[1m[vite][22m[39m [90m[2m(client)[22m[39m [32mpage reload [39m[2mwork/inquiry-smtp-deploy/dist/pages/gift-cards/index.html[22m
[2m10:59:58[22m [36m[1m[vite][22m[39m [90m[2m(client)[22m[39m [32mpage reload [39m[2mwork/inquiry-smtp-deploy/dist/pages/affiliates/index.html[22m
[2m10:59:58[22m [36m[1m[vite][22m[39m [90m[2m(client)[22m[39m [32mpage reload [39m[2mwork/inquiry-smtp-deploy/dist/pages/give-back/index.html[22m
[2m10:59:58[22m [36m[1m[vite][22m[39m [90m[2m(client)[22m[39m [32mpage reload [39m[2mwork/inquiry-smtp-deploy/dist/pages/help/index.html[22m
[2m10:59:58[22m [36m[1m[vite][22m[39m [90m[2m(client)[22m[39m [32mpage reload [39m[2mwork/inquiry-smtp-deploy/dist/pages/investor-relations/index.html[22m
[2m10:59:58[22m [36m[1m[vite][22m[39m [90m[2m(client)[22m[39m [32mpage reload [39m[2mwork/inquiry-smtp-deploy/dist/pages/learn/index.html[22m
[2m10:59:58[22m [36m[1m[vite][22m[39m [90m[2m(client)[22m[39m [32mpage reload [39m[2mwork/inquiry-smtp-deploy/dist/pages/news/index.html[22m
[2m10:59:58[22m [36m[1m[vite][22m[39m [90m[2m(client)[22m[39m [32mpage reload [39m[2mwork/inquiry-smtp-deploy/dist/pages/news/factory-visual-content-for-b2b-brands/index.html[22m
[2m10:59:58[22m [36m[1m[vite][22m[39m [90m[2m(client)[22m[39m [32mpage reload [39m[2mwork/inquiry-smtp-deploy/dist/pages/news/private-label-pet-pad-ideas/index.html[22m
[2m10:59:58[22m [36m[1m[vite][22m[39m [90m[2m(client)[22m[39m [32mpage reload [39m[2mwork/inquiry-smtp-deploy/dist/pages/news/absorbent-core-development-notes/index.html[22m
[2m10:59:58[22m [36m[1m[vite][22m[39m [90m[2m(client)[22m[39m [32mpage reload [39m[2mwork/inquiry-smtp-deploy/dist/pet-pad-factory/index.html[22m
[2m10:59:58[22m [36m[1m[vite][22m[39m [90m[2m(client)[22m[39m [32mpage reload [39m[2mwork/inquiry-smtp-deploy/dist/pet-pee-pad-manufacturer/index.html[22m
[2m10:59:58[22m [36m[1m[vite][22m[39m [90m[2m(client)[22m[39m [32mpage reload [39m[2mwork/inquiry-smtp-deploy/dist/private-label-pet-pads/index.html[22m
[2m10:59:58[22m [36m[1m[vite][22m[39m [90m[2m(client)[22m[39m [32mpage reload [39m[2mwork/inquiry-smtp-deploy/dist/products/adhesive-pet-pads/index.html[22m
[2m10:59:58[22m [36m[1m[vite][22m[39m [90m[2m(client)[22m[39m [32mpage reload [39m[2mwork/inquiry-smtp-deploy/dist/products/adult-underpads/index.html[22m
[2m10:59:58[22m [36m[1m[vite][22m[39m [90m[2m(client)[22m[39m [32mpage reload [39m[2mwork/inquiry-smtp-deploy/dist/products/disposable-pet-pads/index.html[22m
[2m10:59:58[22m [36m[1m[vite][22m[39m [90m[2m(client)[22m[39m [32mpage reload [39m[2mwork/inquiry-smtp-deploy/dist/products/pet-absorbent-paper-sheets/index.html[22m
[2m10:59:58[22m [36m[1m[vite][22m[39m [90m[2m(client)[22m[39m [32mpage reload [39m[2mwork/inquiry-smtp-deploy/dist/products/pet-care-pad-glove-wipes/index.html[22m
[2m10:59:58[22m [36m[1m[vite][22m[39m [90m[2m(client)[22m[39m [32mpage reload [39m[2mwork/inquiry-smtp-deploy/dist/products/charcoal-pet-pads/index.html[22m
[2m10:59:58[22m [36m[1m[vite][22m[39m [90m[2m(client)[22m[39m [32mpage reload [39m[2mwork/inquiry-smtp-deploy/dist/products/custom-pet-waste-bags/index.html[22m
[2m10:59:58[22m [36m[1m[vite][22m[39m [90m[2m(client)[22m[39m [32mpage reload [39m[2mwork/inquiry-smtp-deploy/dist/profile/index.html[22m
[2m10:59:58[22m [36m[1m[vite][22m[39m [90m[2m(client)[22m[39m [32mpage reload [39m[2mwork/inquiry-smtp-deploy/dist/projects/index.html[22m
[2m10:59:58[22m [36m[1m[vite][22m[39m [90m[2m(client)[22m[39m [32mpage reload [39m[2mwork/inquiry-smtp-deploy/dist/quality/index.html[22m
[2m10:59:59[22m [36m[1m[vite][22m[39m [90m[2m(client)[22m[39m [32mpage reload [39m[2mwork/inquiry-smtp-deploy/dist/quality-control/index.html[22m
[2m10:59:59[22m [36m[1m[vite][22m[39m [90m[2m(client)[22m[39m [32mpage reload [39m[2mwork/inquiry-smtp-deploy/dist/region/austria/index.html[22m
[2m10:59:59[22m [36m[1m[vite][22m[39m [90m[2m(client)[22m[39m [32mpage reload [39m[2mwork/inquiry-smtp-deploy/dist/region/canada/index.html[22m
[2m10:59:59[22m [36m[1m[vite][22m[39m [90m[2m(client)[22m[39m [32mpage reload [39m[2mwork/inquiry-smtp-deploy/dist/region/belgium/index.html[22m
[2m10:59:59[22m [36m[1m[vite][22m[39m [90m[2m(client)[22m[39m [32mpage reload [39m[2mwork/inquiry-smtp-deploy/dist/region/denmark/index.html[22m
[2m10:59:59[22m [36m[1m[vite][22m[39m [90m[2m(client)[22m[39m [32mpage reload [39m[2mwork/inquiry-smtp-deploy/dist/region/france/index.html[22m
[2m10:59:59[22m [36m[1m[vite][22m[39m [90m[2m(client)[22m[39m [32mpage reload [39m[2mwork/inquiry-smtp-deploy/dist/region/germany/index.html[22m
[2m10:59:59[22m [36m[1m[vite][22m[39m [90m[2m(client)[22m[39m [32mpage reload [39m[2mwork/inquiry-smtp-deploy/dist/region/italy/index.html[22m
[2m10:59:59[22m [36m[1m[vite][22m[39m [90m[2m(client)[22m[39m [32mpage reload [39m[2mwork/inquiry-smtp-deploy/dist/region/ireland/index.html[22m
[2m10:59:59[22m [36m[1m[vite][22m[39m [90m[2m(client)[22m[39m [32mpage reload [39m[2mwork/inquiry-smtp-deploy/dist/region/finland/index.html[22m
[2m10:59:59[22m [36m[1m[vite][22m[39m [90m[2m(client)[22m[39m [32mpage reload [39m[2mwork/inquiry-smtp-deploy/dist/region/norway/index.html[22m
[2m10:59:59[22m [36m[1m[vite][22m[39m [90m[2m(client)[22m[39m [32mpage reload [39m[2mwork/inquiry-smtp-deploy/dist/region/spain/index.html[22m
[2m10:59:59[22m [36m[1m[vite][22m[39m [90m[2m(client)[22m[39m [32mpage reload [39m[2mwork/inquiry-smtp-deploy/dist/region/poland/index.html[22m
[2m10:59:59[22m [36m[1m[vite][22m[39m [90m[2m(client)[22m[39m [32mpage reload [39m[2mwork/inquiry-smtp-deploy/dist/region/netherlands/index.html[22m
[2m10:59:59[22m [36m[1m[vite][22m[39m [90m[2m(client)[22m[39m [32mpage reload [39m[2mwork/inquiry-smtp-deploy/dist/region/switzerland/index.html[22m
[2m10:59:59[22m [36m[1m[vite][22m[39m [90m[2m(client)[22m[39m [32mpage reload [39m[2mwork/inquiry-smtp-deploy/dist/region/portugal/index.html[22m
[2m10:59:59[22m [36m[1m[vite][22m[39m [90m[2m(client)[22m[39m [32mpage reload [39m[2mwork/inquiry-smtp-deploy/dist/region/united-states/index.html[22m
[2m10:59:59[22m [36m[1m[vite][22m[39m [90m[2m(client)[22m[39m [32mpage reload [39m[2mwork/inquiry-smtp-deploy/dist/region/sweden/index.html[22m
[2m10:59:59[22m [36m[1m[vite][22m[39m [90m[2m(client)[22m[39m [32mpage reload [39m[2mwork/inquiry-smtp-deploy/dist/region/united-kingdom/index.html[22m
[2m10:59:59[22m [36m[1m[vite][22m[39m [90m[2m(client)[22m[39m [32mpage reload [39m[2mwork/inquiry-smtp-deploy/dist/reports/absorbent-materials-supply-report/index.html[22m
[2m10:59:59[22m [36m[1m[vite][22m[39m [90m[2m(client)[22m[39m [32mpage reload [39m[2mwork/inquiry-smtp-deploy/dist/reports/index.html[22m
[2m10:59:59[22m [36m[1m[vite][22m[39m [90m[2m(client)[22m[39m [32mpage reload [39m[2mwork/inquiry-smtp-deploy/dist/reports/pet-product-logistics-resilience-report/index.html[22m
[2m10:59:59[22m [36m[1m[vite][22m[39m [90m[2m(client)[22m[39m [32mpage reload [39m[2mwork/inquiry-smtp-deploy/dist/reports/oem-manufacturing-risk-report/index.html[22m
[2m10:59:59[22m [36m[1m[vite][22m[39m [90m[2m(client)[22m[39m [32mpage reload [39m[2mwork/inquiry-smtp-deploy/dist/reports/global-pet-pad-market-procurement-report/index.html[22m
[2m10:59:59[22m [36m[1m[vite][22m[39m [90m[2m(client)[22m[39m [32mpage reload [39m[2mwork/inquiry-smtp-deploy/dist/reports/pet-product-packaging-trends-report/index.html[22m
[2m10:59:59[22m [36m[1m[vite][22m[39m [90m[2m(client)[22m[39m [32mpage reload [39m[2mwork/inquiry-smtp-deploy/dist/reports/pet-product-retail-readiness-report/index.html[22m
[2m10:59:59[22m [36m[1m[vite][22m[39m [90m[2m(client)[22m[39m [32mpage reload [39m[2mwork/inquiry-smtp-deploy/dist/reports/pet-care-sustainability-claims-report/index.html[22m
[2m10:59:59[22m [36m[1m[vite][22m[39m [90m[2m(client)[22m[39m [32mpage reload [39m[2mwork/inquiry-smtp-deploy/dist/reports/pet-product-procurement-outlook-report/index.html[22m
[2m10:59:59[22m [36m[1m[vite][22m[39m [90m[2m(client)[22m[39m [32mpage reload [39m[2mwork/inquiry-smtp-deploy/dist/reports/pet-product-quality-benchmark-report/index.html[22m
[2m10:59:59[22m [36m[1m[vite][22m[39m [90m[2m(client)[22m[39m [32mpage reload [39m[2mwork/inquiry-smtp-deploy/dist/reports/private-label-pet-products-trends-report/index.html[22m
[2m10:59:59[22m [36m[1m[vite][22m[39m [90m[2m(client)[22m[39m [32mpage reload [39m[2mwork/inquiry-smtp-deploy/dist/request-product-plan/index.html[22m
[2m10:59:59[22m [36m[1m[vite][22m[39m [90m[2m(client)[22m[39m [32mpage reload [39m[2mwork/inquiry-smtp-deploy/dist/resources/adult-underpad-specification-template/index.html[22m
[2m10:59:59[22m [36m[1m[vite][22m[39m [90m[2m(client)[22m[39m [32mpage reload [39m[2mwork/inquiry-smtp-deploy/dist/resources/index.html[22m
[2m10:59:59[22m [36m[1m[vite][22m[39m [90m[2m(client)[22m[39m [32mpage reload [39m[2mwork/inquiry-smtp-deploy/dist/resources/container-loading-planner/index.html[22m
[2m10:59:59[22m [36m[1m[vite][22m[39m [90m[2m(client)[22m[39m [32mpage reload [39m[2mwork/inquiry-smtp-deploy/dist/resources/dog-poop-bag-specification-template/index.html[22m
[2m10:59:59[22m [36m[1m[vite][22m[39m [90m[2m(client)[22m[39m [32mpage reload [39m[2mwork/inquiry-smtp-deploy/dist/resources/packaging-artwork-checklist/index.html[22m
[2m10:59:59[22m [36m[1m[vite][22m[39m [90m[2m(client)[22m[39m [32mpage reload [39m[2mwork/inquiry-smtp-deploy/dist/resources/landed-cost-calculator-guide/index.html[22m
[2m10:59:59[22m [36m[1m[vite][22m[39m [90m[2m(client)[22m[39m [32mpage reload [39m[2mwork/inquiry-smtp-deploy/dist/resources/sample-evaluation-scorecard/index.html[22m
[2m10:59:59[22m [36m[1m[vite][22m[39m [90m[2m(client)[22m[39m [32mpage reload [39m[2mwork/inquiry-smtp-deploy/dist/resources/pre-shipment-inspection-checklist/index.html[22m
[2m10:59:59[22m [36m[1m[vite][22m[39m [90m[2m(client)[22m[39m [32mpage reload [39m[2mwork/inquiry-smtp-deploy/dist/resources/pet-pad-specification-template/index.html[22m
[2m10:59:59[22m [36m[1m[vite][22m[39m [90m[2m(client)[22m[39m [32mpage reload [39m[2mwork/inquiry-smtp-deploy/dist/resources/supplier-audit-checklist-download/index.html[22m
[2m10:59:59[22m [36m[1m[vite][22m[39m [90m[2m(client)[22m[39m [32mpage reload [39m[2mwork/inquiry-smtp-deploy/dist/resources/oem-project-brief-template/index.html[22m
[2m10:59:59[22m [36m[1m[vite][22m[39m [90m[2m(client)[22m[39m [32mpage reload [39m[2mwork/inquiry-smtp-deploy/dist/sign-in/index.html[22m
[2m10:59:59[22m [36m[1m[vite][22m[39m [90m[2m(client)[22m[39m [32mpage reload [39m[2mwork/inquiry-smtp-deploy/dist/index.html[22m
[2m10:59:59[22m [36m[1m[vite][22m[39m [90m[2m(client)[22m[39m [32mpage reload [39m[2mwork/inquiry-smtp-deploy/dist/sitemap.html[22m
[2m11:00:00[22m [36m[1m[vite][22m[39m [90m[2m(client)[22m[39m [32mpage reload [39m[2mwork/inquiry-smtp-deploy/dist/index.html[22m
[2m11:00:01[22m [36m[1m[vite][22m[39m [90m[2m(client)[22m[39m [32mpage reload [39m[2mwork/inquiry-smtp-deploy/dist/index.html[22m
[2m11:00:01[22m [36m[1m[vite][22m[39m [90m[2m(client)[22m[39m [32mpage reload [39m[2mwork/inquiry-smtp-deploy/dist/advantages/index.html[22m
[2m11:00:01[22m [36m[1m[vite][22m[39m [90m[2m(client)[22m[39m [32mpage reload [39m[2mwork/inquiry-smtp-deploy/dist/about-factory/index.html[22m
[2m11:00:01[22m [36m[1m[vite][22m[39m [90m[2m(client)[22m[39m [32mpage reload [39m[2mwork/inquiry-smtp-deploy/dist/about/index.html[22m
[2m11:00:01[22m [36m[1m[vite][22m[39m [90m[2m(client)[22m[39m [32mpage reload [39m[2mwork/inquiry-smtp-deploy/dist/blog/index.html[22m
[2m11:00:01[22m [36m[1m[vite][22m[39m [90m[2m(client)[22m[39m [32mpage reload [39m[2mwork/inquiry-smtp-deploy/dist/academy/index.html[22m
[2m11:00:01[22m [36m[1m[vite][22m[39m [90m[2m(client)[22m[39m [32mpage reload [39m[2mwork/inquiry-smtp-deploy/dist/blog/absorption-speed-vs-capacity-pet-pads/index.html[22m
[2m11:00:01[22m [36m[1m[vite][22m[39m [90m[2m(client)[22m[39m [32mpage reload [39m[2mwork/inquiry-smtp-deploy/dist/blog/adult-disposable-underpad-materials/index.html[22m
[2m11:00:01[22m [36m[1m[vite][22m[39m [90m[2m(client)[22m[39m [32mpage reload [39m[2mwork/inquiry-smtp-deploy/dist/blog/adult-underpad-arrival-inspection/index.html[22m
[2m11:00:01[22m [36m[1m[vite][22m[39m [90m[2m(client)[22m[39m [32mpage reload [39m[2mwork/inquiry-smtp-deploy/dist/blog/adhesive-puppy-pad-backing-options/index.html[22m
[2m11:00:01[22m [36m[1m[vite][22m[39m [90m[2m(client)[22m[39m [32mpage reload [39m[2mwork/inquiry-smtp-deploy/dist/blog/activated-charcoal-pet-pads-buyer-guide/index.html[22m
[2m11:00:01[22m [36m[1m[vite][22m[39m [90m[2m(client)[22m[39m [32mpage reload [39m[2mwork/inquiry-smtp-deploy/dist/blog/adult-underpad-absorbency-specification/index.html[22m
[2m11:00:01[22m [36m[1m[vite][22m[39m [90m[2m(client)[22m[39m [32mpage reload [39m[2mwork/inquiry-smtp-deploy/dist/blog/adult-underpad-pack-count-tender-planning/index.html[22m
[2m11:00:01[22m [36m[1m[vite][22m[39m [90m[2m(client)[22m[39m [32mpage reload [39m[2mwork/inquiry-smtp-deploy/dist/blog/adult-underpad-backing-film-selection/index.html[22m
[2m11:00:01[22m [36m[1m[vite][22m[39m [90m[2m(client)[22m[39m [32mpage reload [39m[2mwork/inquiry-smtp-deploy/dist/blog/adult-underpad-quality-inspection/index.html[22m
[2m11:00:01[22m [36m[1m[vite][22m[39m [90m[2m(client)[22m[39m [32mpage reload [39m[2mwork/inquiry-smtp-deploy/dist/blog/adult-underpad-surface-comfort-specification/index.html[22m
[2m11:00:01[22m [36m[1m[vite][22m[39m [90m[2m(client)[22m[39m [32mpage reload [39m[2mwork/inquiry-smtp-deploy/dist/blog/adult-underpad-size-weight-pack-count/index.html[22m
[2m11:00:01[22m [36m[1m[vite][22m[39m [90m[2m(client)[22m[39m [32mpage reload [39m[2mwork/inquiry-smtp-deploy/dist/blog/annual-pet-product-sourcing-plan/index.html[22m
[2m11:00:01[22m [36m[1m[vite][22m[39m [90m[2m(client)[22m[39m [32mpage reload [39m[2mwork/inquiry-smtp-deploy/dist/blog/choose-reliable-pet-pad-manufacturer/index.html[22m
[2m11:00:01[22m [36m[1m[vite][22m[39m [90m[2m(client)[22m[39m [32mpage reload [39m[2mwork/inquiry-smtp-deploy/dist/blog/china-vs-vietnam-pet-product-sourcing/index.html[22m
[2m11:00:01[22m [36m[1m[vite][22m[39m [90m[2m(client)[22m[39m [32mpage reload [39m[2mwork/inquiry-smtp-deploy/dist/blog/choose-pet-product-supplier-long-term/index.html[22m
[2m11:00:01[22m [36m[1m[vite][22m[39m [90m[2m(client)[22m[39m [32mpage reload [39m[2mwork/inquiry-smtp-deploy/dist/blog/common-puppy-pad-quality-defects/index.html[22m
[2m11:00:01[22m [36m[1m[vite][22m[39m [90m[2m(client)[22m[39m [32mpage reload [39m[2mwork/inquiry-smtp-deploy/dist/blog/compostable-dog-poop-bags-due-diligence/index.html[22m
[2m11:00:01[22m [36m[1m[vite][22m[39m [90m[2m(client)[22m[39m [32mpage reload [39m[2mwork/inquiry-smtp-deploy/dist/blog/custom-packaging-private-label-pet-pads/index.html[22m
[2m11:00:01[22m [36m[1m[vite][22m[39m [90m[2m(client)[22m[39m [32mpage reload [39m[2mwork/inquiry-smtp-deploy/dist/blog/automation-pet-pad-manufacturing/index.html[22m
[2m11:00:01[22m [36m[1m[vite][22m[39m [90m[2m(client)[22m[39m [32mpage reload [39m[2mwork/inquiry-smtp-deploy/dist/blog/custom-absorbency-targets-oem-pet-pads/index.html[22m
[2m11:00:01[22m [36m[1m[vite][22m[39m [90m[2m(client)[22m[39m [32mpage reload [39m[2mwork/inquiry-smtp-deploy/dist/blog/demand-forecast-oem-pet-pad-supply/index.html[22m
[2m11:00:01[22m [36m[1m[vite][22m[39m [90m[2m(client)[22m[39m [32mpage reload [39m[2mwork/inquiry-smtp-deploy/dist/blog/dog-waste-bag-print-registration/index.html[22m
[2m11:00:01[22m [36m[1m[vite][22m[39m [90m[2m(client)[22m[39m [32mpage reload [39m[2mwork/inquiry-smtp-deploy/dist/blog/dog-poop-bag-dispenser-compatibility/index.html[22m
[2m11:00:01[22m [36m[1m[vite][22m[39m [90m[2m(client)[22m[39m [32mpage reload [39m[2mwork/inquiry-smtp-deploy/dist/blog/dog-waste-bag-perforation-control/index.html[22m
[2m11:00:01[22m [36m[1m[vite][22m[39m [90m[2m(client)[22m[39m [32mpage reload [39m[2mwork/inquiry-smtp-deploy/dist/blog/dog-waste-bag-thickness-tear-resistance/index.html[22m
[2m11:00:01[22m [36m[1m[vite][22m[39m [90m[2m(client)[22m[39m [32mpage reload [39m[2mwork/inquiry-smtp-deploy/dist/blog/evaluate-pet-pad-factory-before-order/index.html[22m
[2m11:00:01[22m [36m[1m[vite][22m[39m [90m[2m(client)[22m[39m [32mpage reload [39m[2mwork/inquiry-smtp-deploy/dist/blog/evaluate-pet-product-samples/index.html[22m
[2m11:00:01[22m [36m[1m[vite][22m[39m [90m[2m(client)[22m[39m [32mpage reload [39m[2mwork/inquiry-smtp-deploy/dist/blog/ecommerce-private-label-pet-products/index.html[22m
[2m11:00:01[22m [36m[1m[vite][22m[39m [90m[2m(client)[22m[39m [32mpage reload [39m[2mwork/inquiry-smtp-deploy/dist/blog/dog-waste-bag-roll-core-sizes/index.html[22m
[2m11:00:01[22m [36m[1m[vite][22m[39m [90m[2m(client)[22m[39m [32mpage reload [39m[2mwork/inquiry-smtp-deploy/dist/blog/dog-waste-bag-scent-selection/index.html[22m
[2m11:00:01[22m [36m[1m[vite][22m[39m [90m[2m(client)[22m[39m [32mpage reload [39m[2mwork/inquiry-smtp-deploy/dist/blog/dog-poop-bag-packaging-options/index.html[22m
[2m11:00:01[22m [36m[1m[vite][22m[39m [90m[2m(client)[22m[39m [32mpage reload [39m[2mwork/inquiry-smtp-deploy/dist/blog/dog-poop-bag-roll-count-verification/index.html[22m
[2m11:00:01[22m [36m[1m[vite][22m[39m [90m[2m(client)[22m[39m [32mpage reload [39m[2mwork/inquiry-smtp-deploy/dist/blog/evaluate-pet-pad-production-capacity/index.html[22m
[2m11:00:01[22m [36m[1m[vite][22m[39m [90m[2m(client)[22m[39m [32mpage reload [39m[2mwork/inquiry-smtp-deploy/dist/blog/five-layer-puppy-pad-construction/index.html[22m
[2m11:00:02[22m [36m[1m[vite][22m[39m [90m[2m(client)[22m[39m [32mpage reload [39m[2mwork/inquiry-smtp-deploy/dist/blog/factory-subcontracting-control/index.html[22m
[2m11:00:02[22m [36m[1m[vite][22m[39m [90m[2m(client)[22m[39m [32mpage reload [39m[2mwork/inquiry-smtp-deploy/dist/blog/factory-business-continuity-review/index.html[22m
[2m11:00:02[22m [36m[1m[vite][22m[39m [90m[2m(client)[22m[39m [32mpage reload [39m[2mwork/inquiry-smtp-deploy/dist/blog/factory-traceability-audit/index.html[22m
[2m11:00:02[22m [36m[1m[vite][22m[39m [90m[2m(client)[22m[39m [32mpage reload [39m[2mwork/inquiry-smtp-deploy/dist/blog/factory-maintenance-audit-pet-products/index.html[22m
[2m11:00:02[22m [36m[1m[vite][22m[39m [90m[2m(client)[22m[39m [32mpage reload [39m[2mwork/inquiry-smtp-deploy/dist/blog/fob-vs-cif-pet-pad-shipments/index.html[22m
[2m11:00:02[22m [36m[1m[vite][22m[39m [90m[2m(client)[22m[39m [32mpage reload [39m[2mwork/inquiry-smtp-deploy/dist/blog/future-oem-pet-product-manufacturing/index.html[22m
[2m11:00:02[22m [36m[1m[vite][22m[39m [90m[2m(client)[22m[39m [32mpage reload [39m[2mwork/inquiry-smtp-deploy/dist/blog/hdpe-vs-ldpe-dog-waste-bags/index.html[22m
[2m11:00:02[22m [36m[1m[vite][22m[39m [90m[2m(client)[22m[39m [32mpage reload [39m[2mwork/inquiry-smtp-deploy/dist/blog/global-pet-care-market-oem-buyers/index.html[22m
[2m11:00:02[22m [36m[1m[vite][22m[39m [90m[2m(client)[22m[39m [32mpage reload [39m[2mwork/inquiry-smtp-deploy/dist/blog/fluff-pulp-absorbent-paper-supply/index.html[22m
[2m11:00:02[22m [36m[1m[vite][22m[39m [90m[2m(client)[22m[39m [32mpage reload [39m[2mwork/inquiry-smtp-deploy/dist/blog/hospital-underpad-procurement-guide/index.html[22m
[2m11:00:02[22m [36m[1m[vite][22m[39m [90m[2m(client)[22m[39m [32mpage reload [39m[2mwork/inquiry-smtp-deploy/dist/blog/how-puppy-pads-are-manufactured/index.html[22m
[2m11:00:02[22m [36m[1m[vite][22m[39m [90m[2m(client)[22m[39m [32mpage reload [39m[2mwork/inquiry-smtp-deploy/dist/blog/hot-melt-adhesive-absorbent-products/index.html[22m
[2m11:00:02[22m [36m[1m[vite][22m[39m [90m[2m(client)[22m[39m [32mpage reload [39m[2mwork/inquiry-smtp-deploy/dist/blog/how-dog-waste-bags-are-manufactured/index.html[22m
[2m11:00:02[22m [36m[1m[vite][22m[39m [90m[2m(client)[22m[39m [32mpage reload [39m[2mwork/inquiry-smtp-deploy/dist/blog/institutional-underpad-supplier-program/index.html[22m
[2m11:00:02[22m [36m[1m[vite][22m[39m [90m[2m(client)[22m[39m [32mpage reload [39m[2mwork/inquiry-smtp-deploy/dist/blog/leak-proof-dog-poop-bag-specification/index.html[22m
[2m11:00:02[22m [36m[1m[vite][22m[39m [90m[2m(client)[22m[39m [32mpage reload [39m[2mwork/inquiry-smtp-deploy/dist/blog/incoterms-pet-product-importers/index.html[22m
[2m11:00:02[22m [36m[1m[vite][22m[39m [90m[2m(client)[22m[39m [32mpage reload [39m[2mwork/inquiry-smtp-deploy/dist/authors/jczcare-editorial-team/index.html[22m
[2m11:00:02[22m [36m[1m[vite][22m[39m [90m[2m(client)[22m[39m [32mpage reload [39m[2mwork/inquiry-smtp-deploy/dist/blog/imported-pet-product-lead-time/index.html[22m
[2m11:00:02[22m [36m[1m[vite][22m[39m [90m[2m(client)[22m[39m [32mpage reload [39m[2mwork/inquiry-smtp-deploy/dist/blog/leak-proof-pe-backing-puppy-pads/index.html[22m
[2m11:00:02[22m [36m[1m[vite][22m[39m [90m[2m(client)[22m[39m [32mpage reload [39m[2mwork/inquiry-smtp-deploy/dist/blog/multi-sku-pet-pad-range-launch/index.html[22m
[2m11:00:02[22m [36m[1m[vite][22m[39m [90m[2m(client)[22m[39m [32mpage reload [39m[2mwork/inquiry-smtp-deploy/dist/blog/nonwoven-basis-weight-pet-pads/index.html[22m
[2m11:00:02[22m [36m[1m[vite][22m[39m [90m[2m(client)[22m[39m [32mpage reload [39m[2mwork/inquiry-smtp-deploy/dist/blog/multi-language-pet-product-packaging/index.html[22m
[2m11:00:02[22m [36m[1m[vite][22m[39m [90m[2m(client)[22m[39m [32mpage reload [39m[2mwork/inquiry-smtp-deploy/dist/blog/nursing-home-underpad-supplier-evaluation/index.html[22m
[2m11:00:02[22m [36m[1m[vite][22m[39m [90m[2m(client)[22m[39m [32mpage reload [39m[2mwork/inquiry-smtp-deploy/dist/blog/nda-product-information-oem-sourcing/index.html[22m
[2m11:00:02[22m [36m[1m[vite][22m[39m [90m[2m(client)[22m[39m [32mpage reload [39m[2mwork/inquiry-smtp-deploy/dist/blog/oem-capacity-allocation-review/index.html[22m
[2m11:00:02[22m [36m[1m[vite][22m[39m [90m[2m(client)[22m[39m [32mpage reload [39m[2mwork/inquiry-smtp-deploy/dist/blog/oem-dog-waste-bag-manufacturing/index.html[22m
[2m11:00:02[22m [36m[1m[vite][22m[39m [90m[2m(client)[22m[39m [32mpage reload [39m[2mwork/inquiry-smtp-deploy/dist/blog/oem-corrective-action-review/index.html[22m
[2m11:00:02[22m [36m[1m[vite][22m[39m [90m[2m(client)[22m[39m [32mpage reload [39m[2mwork/inquiry-smtp-deploy/dist/blog/oem-multi-sku-launch-plan/index.html[22m
[2m11:00:02[22m [36m[1m[vite][22m[39m [90m[2m(client)[22m[39m [32mpage reload [39m[2mwork/inquiry-smtp-deploy/dist/blog/oem-adult-underpads-development/index.html[22m
[2m11:00:02[22m [36m[1m[vite][22m[39m [90m[2m(client)[22m[39m [32mpage reload [39m[2mwork/inquiry-smtp-deploy/dist/blog/oem-pet-pad-moq-sampling-lead-time/index.html[22m
[2m11:00:02[22m [36m[1m[vite][22m[39m [90m[2m(client)[22m[39m [32mpage reload [39m[2mwork/inquiry-smtp-deploy/dist/blog/oem-pet-pad-contract-manufacturing/index.html[22m
[2m11:00:02[22m [36m[1m[vite][22m[39m [90m[2m(client)[22m[39m [32mpage reload [39m[2mwork/inquiry-smtp-deploy/dist/blog/oem-pet-pad-change-control/index.html[22m
[2m11:00:02[22m [36m[1m[vite][22m[39m [90m[2m(client)[22m[39m [32mpage reload [39m[2mwork/inquiry-smtp-deploy/dist/blog/oem-pet-pad-production-timeline/index.html[22m
[2m11:00:02[22m [36m[1m[vite][22m[39m [90m[2m(client)[22m[39m [32mpage reload [39m[2mwork/inquiry-smtp-deploy/dist/blog/oem-pet-pad-pricing-factors/index.html[22m
[2m11:00:02[22m [36m[1m[vite][22m[39m [90m[2m(client)[22m[39m [32mpage reload [39m[2mwork/inquiry-smtp-deploy/dist/blog/oem-pet-pad-product-brief/index.html[22m
[2m11:00:02[22m [36m[1m[vite][22m[39m [90m[2m(client)[22m[39m [32mpage reload [39m[2mwork/inquiry-smtp-deploy/dist/blog/oem-pet-pad-supplier-qualification-checklist/index.html[22m
[2m11:00:02[22m [36m[1m[vite][22m[39m [90m[2m(client)[22m[39m [32mpage reload [39m[2mwork/inquiry-smtp-deploy/dist/blog/oem-pilot-order-planning/index.html[22m
[2m11:00:02[22m [36m[1m[vite][22m[39m [90m[2m(client)[22m[39m [32mpage reload [39m[2mwork/inquiry-smtp-deploy/dist/blog/oem-pet-pad-sample-approval-workflow/index.html[22m
[2m11:00:02[22m [36m[1m[vite][22m[39m [90m[2m(client)[22m[39m [32mpage reload [39m[2mwork/inquiry-smtp-deploy/dist/blog/oem-product-change-control/index.html[22m
[2m11:00:02[22m [36m[1m[vite][22m[39m [90m[2m(client)[22m[39m [32mpage reload [39m[2mwork/inquiry-smtp-deploy/dist/blog/oem-pet-product-negotiation-tips/index.html[22m
[2m11:00:02[22m [36m[1m[vite][22m[39m [90m[2m(client)[22m[39m [32mpage reload [39m[2mwork/inquiry-smtp-deploy/dist/blog/pe-film-backing-adult-underpads/index.html[22m
[2m11:00:02[22m [36m[1m[vite][22m[39m [90m[2m(client)[22m[39m [32mpage reload [39m[2mwork/inquiry-smtp-deploy/dist/blog/oem-vs-odm-pet-pads-buyers-guide/index.html[22m
[2m11:00:02[22m [36m[1m[vite][22m[39m [90m[2m(client)[22m[39m [32mpage reload [39m[2mwork/inquiry-smtp-deploy/dist/blog/oem-project-handoff-to-factory/index.html[22m
[2m11:00:02[22m [36m[1m[vite][22m[39m [90m[2m(client)[22m[39m [32mpage reload [39m[2mwork/inquiry-smtp-deploy/dist/blog/pe-film-trends-pet-pads-underpads/index.html[22m
[2m11:00:02[22m [36m[1m[vite][22m[39m [90m[2m(client)[22m[39m [32mpage reload [39m[2mwork/inquiry-smtp-deploy/dist/blog/pet-care-supply-chain-resilience/index.html[22m
[2m11:00:02[22m [36m[1m[vite][22m[39m [90m[2m(client)[22m[39m [32mpage reload [39m[2mwork/inquiry-smtp-deploy/dist/blog/pe-film-pinhole-risk-pet-pads/index.html[22m
[2m11:00:02[22m [36m[1m[vite][22m[39m [90m[2m(client)[22m[39m [32mpage reload [39m[2mwork/inquiry-smtp-deploy/dist/blog/pet-pad-carton-compression-risk/index.html[22m
[2m11:00:02[22m [36m[1m[vite][22m[39m [90m[2m(client)[22m[39m [32mpage reload [39m[2mwork/inquiry-smtp-deploy/dist/blog/pet-pad-embossing-pattern-selection/index.html[22m
[2m11:00:02[22m [36m[1m[vite][22m[39m [90m[2m(client)[22m[39m [32mpage reload [39m[2mwork/inquiry-smtp-deploy/dist/blog/pet-pad-edge-seal-quality/index.html[22m
[2m11:00:02[22m [36m[1m[vite][22m[39m [90m[2m(client)[22m[39m [32mpage reload [39m[2mwork/inquiry-smtp-deploy/dist/blog/pet-pad-defect-classification/index.html[22m
[2m11:00:02[22m [36m[1m[vite][22m[39m [90m[2m(client)[22m[39m [32mpage reload [39m[2mwork/inquiry-smtp-deploy/dist/blog/pet-pad-container-loading-guide/index.html[22m
[2m11:00:02[22m [36m[1m[vite][22m[39m [90m[2m(client)[22m[39m [32mpage reload [39m[2mwork/inquiry-smtp-deploy/dist/blog/pet-pad-embossing-patterns/index.html[22m
[2m11:00:02[22m [36m[1m[vite][22m[39m [90m[2m(client)[22m[39m [32mpage reload [39m[2mwork/inquiry-smtp-deploy/dist/blog/pet-pad-factory-quality-control-system/index.html[22m
[2m11:00:02[22m [36m[1m[vite][22m[39m [90m[2m(client)[22m[39m [32mpage reload [39m[2mwork/inquiry-smtp-deploy/dist/blog/pet-pad-edge-sealing-quality/index.html[22m
[2m11:00:02[22m [36m[1m[vite][22m[39m [90m[2m(client)[22m[39m [32mpage reload [39m[2mwork/inquiry-smtp-deploy/dist/blog/pet-pad-factory-audit-remote-and-onsite/index.html[22m
[2m11:00:02[22m [36m[1m[vite][22m[39m [90m[2m(client)[22m[39m [32mpage reload [39m[2mwork/inquiry-smtp-deploy/dist/sitemap.html[22m
[2m11:00:02[22m [36m[1m[vite][22m[39m [90m[2m(client)[22m[39m [32mpage reload [39m[2mwork/inquiry-smtp-deploy/dist/blog/pet-pad-folding-pack-efficiency/index.html[22m
[2m11:00:02[22m [36m[1m[vite][22m[39m [90m[2m(client)[22m[39m [32mpage reload [39m[2mwork/inquiry-smtp-deploy/dist/blog/pet-pad-pilot-order-planning/index.html[22m
[2m11:00:02[22m [36m[1m[vite][22m[39m [90m[2m(client)[22m[39m [32mpage reload [39m[2mwork/inquiry-smtp-deploy/dist/blog/pet-pad-performance-test-methods/index.html[22m
[2m11:00:02[22m [36m[1m[vite][22m[39m [90m[2m(client)[22m[39m [32mpage reload [39m[2mwork/inquiry-smtp-deploy/dist/blog/pet-pad-quality-control-buyers-checklist/index.html[22m
[2m11:00:02[22m [36m[1m[vite][22m[39m [90m[2m(client)[22m[39m [32mpage reload [39m[2mwork/inquiry-smtp-deploy/dist/blog/pet-pad-landed-cost-model-importers/index.html[22m
[2m11:00:02[22m [36m[1m[vite][22m[39m [90m[2m(client)[22m[39m [32mpage reload [39m[2mwork/inquiry-smtp-deploy/dist/blog/pet-pad-retained-sample-program/index.html[22m
[2m11:00:02[22m [36m[1m[vite][22m[39m [90m[2m(client)[22m[39m [32mpage reload [39m[2mwork/inquiry-smtp-deploy/dist/blog/pet-pad-packaging-compliance-artwork-checklist/index.html[22m
[2m11:00:02[22m [36m[1m[vite][22m[39m [90m[2m(client)[22m[39m [32mpage reload [39m[2mwork/inquiry-smtp-deploy/dist/blog/pet-pad-repeat-order-consistency/index.html[22m
[2m11:00:02[22m [36m[1m[vite][22m[39m [90m[2m(client)[22m[39m [32mpage reload [39m[2mwork/inquiry-smtp-deploy/dist/blog/pet-pad-quality-control-inspection-plan/index.html[22m
[2m11:00:02[22m [36m[1m[vite][22m[39m [90m[2m(client)[22m[39m [32mpage reload [39m[2mwork/inquiry-smtp-deploy/dist/blog/pet-product-dieline-approval/index.html[22m
[2m11:00:02[22m [36m[1m[vite][22m[39m [90m[2m(client)[22m[39m [32mpage reload [39m[2mwork/inquiry-smtp-deploy/dist/blog/pet-product-export-documents/index.html[22m
[2m11:00:02[22m [36m[1m[vite][22m[39m [90m[2m(client)[22m[39m [32mpage reload [39m[2mwork/inquiry-smtp-deploy/dist/blog/pet-product-container-moisture-control/index.html[22m
[2m11:00:02[22m [36m[1m[vite][22m[39m [90m[2m(client)[22m[39m [32mpage reload [39m[2mwork/inquiry-smtp-deploy/dist/blog/pet-pad-technical-specification-sheet/index.html[22m
[2m11:00:02[22m [36m[1m[vite][22m[39m [90m[2m(client)[22m[39m [32mpage reload [39m[2mwork/inquiry-smtp-deploy/dist/blog/pet-product-factory-tour-checklist/index.html[22m
[2m11:00:02[22m [36m[1m[vite][22m[39m [90m[2m(client)[22m[39m [32mpage reload [39m[2mwork/inquiry-smtp-deploy/dist/blog/pet-product-golden-sample-control/index.html[22m
[2m11:00:02[22m [36m[1m[vite][22m[39m [90m[2m(client)[22m[39m [32mpage reload [39m[2mwork/inquiry-smtp-deploy/dist/blog/pet-product-lcl-vs-fcl-decision/index.html[22m
[2m11:00:02[22m [36m[1m[vite][22m[39m [90m[2m(client)[22m[39m [32mpage reload [39m[2mwork/inquiry-smtp-deploy/dist/blog/pet-product-packaging-cost-engineering/index.html[22m
[2m11:00:02[22m [36m[1m[vite][22m[39m [90m[2m(client)[22m[39m [32mpage reload [39m[2mwork/inquiry-smtp-deploy/dist/blog/pet-product-quotation-normalization/index.html[22m
[2m11:00:02[22m [36m[1m[vite][22m[39m [90m[2m(client)[22m[39m [32mpage reload [39m[2mwork/inquiry-smtp-deploy/dist/blog/pet-product-packaging-trends/index.html[22m
[2m11:00:02[22m [36m[1m[vite][22m[39m [90m[2m(client)[22m[39m [32mpage reload [39m[2mwork/inquiry-smtp-deploy/dist/blog/pet-product-reorder-point-planning/index.html[22m
[2m11:00:02[22m [36m[1m[vite][22m[39m [90m[2m(client)[22m[39m [32mpage reload [39m[2mwork/inquiry-smtp-deploy/dist/blog/pet-product-supplier-red-flags/index.html[22m
[2m11:00:02[22m [36m[1m[vite][22m[39m [90m[2m(client)[22m[39m [32mpage reload [39m[2mwork/inquiry-smtp-deploy/dist/blog/pet-product-shipping-document-checklist/index.html[22m
[2m11:00:02[22m [36m[1m[vite][22m[39m [90m[2m(client)[22m[39m [32mpage reload [39m[2mwork/inquiry-smtp-deploy/dist/blog/pet-product-supplier-scorecard/index.html[22m
[2m11:00:02[22m [36m[1m[vite][22m[39m [90m[2m(client)[22m[39m [32mpage reload [39m[2mwork/inquiry-smtp-deploy/dist/blog/pet-product-sourcing-priorities-2027/index.html[22m
[2m11:00:02[22m [36m[1m[vite][22m[39m [90m[2m(client)[22m[39m [32mpage reload [39m[2mwork/inquiry-smtp-deploy/dist/blog/pet-product-payment-milestone-plan/index.html[22m
[2m11:00:02[22m [36m[1m[vite][22m[39m [90m[2m(client)[22m[39m [32mpage reload [39m[2mwork/inquiry-smtp-deploy/dist/blog/pre-shipment-inspection-pet-care-products/index.html[22m
[2m11:00:02[22m [36m[1m[vite][22m[39m [90m[2m(client)[22m[39m [32mpage reload [39m[2mwork/inquiry-smtp-deploy/dist/blog/pet-product-warehouse-export-management/index.html[22m
[2m11:00:02[22m [36m[1m[vite][22m[39m [90m[2m(client)[22m[39m [32mpage reload [39m[2mwork/inquiry-smtp-deploy/dist/blog/printed-backing-film-pet-pads/index.html[22m
[2m11:00:02[22m [36m[1m[vite][22m[39m [90m[2m(client)[22m[39m [32mpage reload [39m[2mwork/inquiry-smtp-deploy/dist/blog/private-label-claim-approval-workflow/index.html[22m
[2m11:00:02[22m [36m[1m[vite][22m[39m [90m[2m(client)[22m[39m [32mpage reload [39m[2mwork/inquiry-smtp-deploy/dist/blog/private-label-barcode-master-data/index.html[22m
[2m11:00:02[22m [36m[1m[vite][22m[39m [90m[2m(client)[22m[39m [32mpage reload [39m[2mwork/inquiry-smtp-deploy/dist/blog/private-label-line-extension-planning/index.html[22m
[2m11:00:02[22m [36m[1m[vite][22m[39m [90m[2m(client)[22m[39m [32mpage reload [39m[2mwork/inquiry-smtp-deploy/dist/blog/private-label-dog-poop-bags-launch/index.html[22m
[2m11:00:02[22m [36m[1m[vite][22m[39m [90m[2m(client)[22m[39m [32mpage reload [39m[2mwork/inquiry-smtp-deploy/dist/blog/private-label-pet-pad-artwork-approval/index.html[22m
[2m11:00:02[22m [36m[1m[vite][22m[39m [90m[2m(client)[22m[39m [32mpage reload [39m[2mwork/inquiry-smtp-deploy/dist/blog/private-label-adult-underpad-packaging/index.html[22m
[2m11:00:02[22m [36m[1m[vite][22m[39m [90m[2m(client)[22m[39m [32mpage reload [39m[2mwork/inquiry-smtp-deploy/dist/buyer-guides/index.html[22m
[2m11:00:03[22m [36m[1m[vite][22m[39m [90m[2m(client)[22m[39m [32mpage reload [39m[2mwork/inquiry-smtp-deploy/dist/blog/private-label-pet-pad-launch-timeline/index.html[22m
[2m11:00:03[22m [36m[1m[vite][22m[39m [90m[2m(client)[22m[39m [32mpage reload [39m[2mwork/inquiry-smtp-deploy/dist/blog/private-label-pet-product-moq-guide/index.html[22m
[2m11:00:03[22m [36m[1m[vite][22m[39m [90m[2m(client)[22m[39m [32mpage reload [39m[2mwork/inquiry-smtp-deploy/dist/blog/private-label-pet-product-trends/index.html[22m
[2m11:00:03[22m [36m[1m[vite][22m[39m [90m[2m(client)[22m[39m [32mpage reload [39m[2mwork/inquiry-smtp-deploy/dist/blog/private-label-pet-training-pads-buyers-guide/index.html[22m
[2m11:00:03[22m [36m[1m[vite][22m[39m [90m[2m(client)[22m[39m [32mpage reload [39m[2mwork/inquiry-smtp-deploy/dist/blog/puppy-pad-rewet-testing/index.html[22m
[2m11:00:03[22m [36m[1m[vite][22m[39m [90m[2m(client)[22m[39m [32mpage reload [39m[2mwork/inquiry-smtp-deploy/dist/blog/raw-material-volatility-pet-products/index.html[22m
[2m11:00:03[22m [36m[1m[vite][22m[39m [90m[2m(client)[22m[39m [32mpage reload [39m[2mwork/inquiry-smtp-deploy/dist/blog/puppy-pad-surface-intake-design/index.html[22m
[2m11:00:03[22m [36m[1m[vite][22m[39m [90m[2m(client)[22m[39m [32mpage reload [39m[2mwork/inquiry-smtp-deploy/dist/blog/production-line-maintenance-oem-reliability/index.html[22m
[2m11:00:03[22m [36m[1m[vite][22m[39m [90m[2m(client)[22m[39m [32mpage reload [39m[2mwork/inquiry-smtp-deploy/dist/blog/questions-oem-buyers-ask-pet-pad-factory/index.html[22m
[2m11:00:03[22m [36m[1m[vite][22m[39m [90m[2m(client)[22m[39m [32mpage reload [39m[2mwork/inquiry-smtp-deploy/dist/blog/reduce-pet-pad-procurement-costs/index.html[22m
[2m11:00:03[22m [36m[1m[vite][22m[39m [90m[2m(client)[22m[39m [32mpage reload [39m[2mwork/inquiry-smtp-deploy/dist/blog/private-label-retailer-onboarding/index.html[22m
[2m11:00:03[22m [36m[1m[vite][22m[39m [90m[2m(client)[22m[39m [32mpage reload [39m[2mwork/inquiry-smtp-deploy/dist/blog/resilient-pet-product-supply-chain/index.html[22m
[2m11:00:03[22m [36m[1m[vite][22m[39m [90m[2m(client)[22m[39m [32mpage reload [39m[2mwork/inquiry-smtp-deploy/dist/blog/reduce-pet-product-purchasing-cost/index.html[22m
[2m11:00:03[22m [36m[1m[vite][22m[39m [90m[2m(client)[22m[39m [32mpage reload [39m[2mwork/inquiry-smtp-deploy/dist/blog/review-eco-claims-pet-products/index.html[22m
[2m11:00:03[22m [36m[1m[vite][22m[39m [90m[2m(client)[22m[39m [32mpage reload [39m[2mwork/inquiry-smtp-deploy/dist/blog/retail-pet-pad-size-range/index.html[22m
[2m11:00:03[22m [36m[1m[vite][22m[39m [90m[2m(client)[22m[39m [32mpage reload [39m[2mwork/inquiry-smtp-deploy/dist/blog/retail-trends-pet-pad-ranges/index.html[22m
[2m11:00:03[22m [36m[1m[vite][22m[39m [90m[2m(client)[22m[39m [32mpage reload [39m[2mwork/inquiry-smtp-deploy/dist/blog/sap-dosing-consistency-audit/index.html[22m
[2m11:00:03[22m [36m[1m[vite][22m[39m [90m[2m(client)[22m[39m [32mpage reload [39m[2mwork/inquiry-smtp-deploy/dist/blog/sap-gel-blocking-pet-pads/index.html[22m
[2m11:00:03[22m [36m[1m[vite][22m[39m [90m[2m(client)[22m[39m [32mpage reload [39m[2mwork/inquiry-smtp-deploy/dist/blog/scented-vs-unscented-puppy-pads/index.html[22m
[2m11:00:03[22m [36m[1m[vite][22m[39m [90m[2m(client)[22m[39m [32mpage reload [39m[2mwork/inquiry-smtp-deploy/dist/blog/sap-supply-pricing-absorbent-products/index.html[22m
[2m11:00:03[22m [36m[1m[vite][22m[39m [90m[2m(client)[22m[39m [32mpage reload [39m[2mwork/inquiry-smtp-deploy/dist/blog/sustainability-absorbent-pet-products/index.html[22m
[2m11:00:03[22m [36m[1m[vite][22m[39m [90m[2m(client)[22m[39m [32mpage reload [39m[2mwork/inquiry-smtp-deploy/dist/blog/sap-in-puppy-pads/index.html[22m
[2m11:00:03[22m [36m[1m[vite][22m[39m [90m[2m(client)[22m[39m [32mpage reload [39m[2mwork/inquiry-smtp-deploy/dist/blog/review-pet-product-factory-certificates/index.html[22m
[2m11:00:03[22m [36m[1m[vite][22m[39m [90m[2m(client)[22m[39m [32mpage reload [39m[2mwork/inquiry-smtp-deploy/dist/blog/underpad-skin-contact-surface/index.html[22m
[2m11:00:03[22m [36m[1m[vite][22m[39m [90m[2m(client)[22m[39m [32mpage reload [39m[2mwork/inquiry-smtp-deploy/dist/blog/virgin-pulp-vs-recycled-pulp-pet-pads/index.html[22m
[2m11:00:03[22m [36m[1m[vite][22m[39m [90m[2m(client)[22m[39m [32mpage reload [39m[2mwork/inquiry-smtp-deploy/dist/blog/travel-pet-pad-sourcing-guide/index.html[22m
[2m11:00:03[22m [36m[1m[vite][22m[39m [90m[2m(client)[22m[39m [32mpage reload [39m[2mwork/inquiry-smtp-deploy/dist/blog/wholesale-dog-waste-bags-cost-moq/index.html[22m
[2m11:00:03[22m [36m[1m[vite][22m[39m [90m[2m(client)[22m[39m [32mpage reload [39m[2mwork/inquiry-smtp-deploy/dist/blog/what-determines-puppy-pad-absorbency/index.html[22m
[2m11:00:03[22m [36m[1m[vite][22m[39m [90m[2m(client)[22m[39m [32mpage reload [39m[2mwork/inquiry-smtp-deploy/dist/case-studies/index.html[22m
[2m11:00:03[22m [36m[1m[vite][22m[39m [90m[2m(client)[22m[39m [32mpage reload [39m[2mwork/inquiry-smtp-deploy/dist/certifications/index.html[22m
[2m11:00:03[22m [36m[1m[vite][22m[39m [90m[2m(client)[22m[39m [32mpage reload [39m[2mwork/inquiry-smtp-deploy/dist/comparisons/index.html[22m
[2m11:00:03[22m [36m[1m[vite][22m[39m [90m[2m(client)[22m[39m [32mpage reload [39m[2mwork/inquiry-smtp-deploy/dist/contact/index.html[22m
[2m11:00:03[22m [36m[1m[vite][22m[39m [90m[2m(client)[22m[39m [32mpage reload [39m[2mwork/inquiry-smtp-deploy/dist/downloads/index.html[22m
[2m11:00:03[22m [36m[1m[vite][22m[39m [90m[2m(client)[22m[39m [32mpage reload [39m[2mwork/inquiry-smtp-deploy/dist/customization/index.html[22m
[2m11:00:03[22m [36m[1m[vite][22m[39m [90m[2m(client)[22m[39m [32mpage reload [39m[2mwork/inquiry-smtp-deploy/dist/factory/index.html[22m
[2m11:00:03[22m [36m[1m[vite][22m[39m [90m[2m(client)[22m[39m [32mpage reload [39m[2mwork/inquiry-smtp-deploy/dist/blog/category/customization/index.html[22m
[2m11:00:03[22m [36m[1m[vite][22m[39m [90m[2m(client)[22m[39m [32mpage reload [39m[2mwork/inquiry-smtp-deploy/dist/blog/category/adult-underpads/index.html[22m
[2m11:00:03[22m [36m[1m[vite][22m[39m [90m[2m(client)[22m[39m [32mpage reload [39m[2mwork/inquiry-smtp-deploy/dist/blog/category/industry-insights/index.html[22m
[2m11:00:03[22m [36m[1m[vite][22m[39m [90m[2m(client)[22m[39m [32mpage reload [39m[2mwork/inquiry-smtp-deploy/dist/blog/category/dog-poop-bags/index.html[22m
[2m11:00:03[22m [36m[1m[vite][22m[39m [90m[2m(client)[22m[39m [32mpage reload [39m[2mwork/inquiry-smtp-deploy/dist/blog/category/materials/index.html[22m
[2m11:00:03[22m [36m[1m[vite][22m[39m [90m[2m(client)[22m[39m [32mpage reload [39m[2mwork/inquiry-smtp-deploy/dist/blog/category/factory-audit/index.html[22m
[2m11:00:03[22m [36m[1m[vite][22m[39m [90m[2m(client)[22m[39m [32mpage reload [39m[2mwork/inquiry-smtp-deploy/dist/blog/category/import-guide/index.html[22m
[2m11:00:03[22m [36m[1m[vite][22m[39m [90m[2m(client)[22m[39m [32mpage reload [39m[2mwork/inquiry-smtp-deploy/dist/blog/category/packaging/index.html[22m
[2m11:00:03[22m [36m[1m[vite][22m[39m [90m[2m(client)[22m[39m [32mpage reload [39m[2mwork/inquiry-smtp-deploy/dist/blog/category/oem-manufacturing/index.html[22m
[2m11:00:03[22m [36m[1m[vite][22m[39m [90m[2m(client)[22m[39m [32mpage reload [39m[2mwork/inquiry-smtp-deploy/dist/blog/category/pe-film/index.html[22m
[2m11:00:03[22m [36m[1m[vite][22m[39m [90m[2m(client)[22m[39m [32mpage reload [39m[2mwork/inquiry-smtp-deploy/dist/blog/category/pet-training-pads/index.html[22m
[2m11:00:03[22m [36m[1m[vite][22m[39m [90m[2m(client)[22m[39m [32mpage reload [39m[2mwork/inquiry-smtp-deploy/dist/blog/category/shipping/index.html[22m
[2m11:00:03[22m [36m[1m[vite][22m[39m [90m[2m(client)[22m[39m [32mpage reload [39m[2mwork/inquiry-smtp-deploy/dist/blog/category/private-label/index.html[22m
[2m11:00:03[22m [36m[1m[vite][22m[39m [90m[2m(client)[22m[39m [32mpage reload [39m[2mwork/inquiry-smtp-deploy/dist/blog/category/sap-technology/index.html[22m
[2m11:00:03[22m [36m[1m[vite][22m[39m [90m[2m(client)[22m[39m [32mpage reload [39m[2mwork/inquiry-smtp-deploy/dist/blog/category/quality-control/index.html[22m
[2m11:00:03[22m [36m[1m[vite][22m[39m [90m[2m(client)[22m[39m [32mpage reload [39m[2mwork/inquiry-smtp-deploy/dist/faq/index.html[22m
[2m11:00:03[22m [36m[1m[vite][22m[39m [90m[2m(client)[22m[39m [32mpage reload [39m[2mwork/inquiry-smtp-deploy/dist/materials/index.html[22m
[2m11:00:03[22m [36m[1m[vite][22m[39m [90m[2m(client)[22m[39m [32mpage reload [39m[2mwork/inquiry-smtp-deploy/dist/news/index.html[22m
[2m11:00:03[22m [36m[1m[vite][22m[39m [90m[2m(client)[22m[39m [32mpage reload [39m[2mwork/inquiry-smtp-deploy/dist/innovation/index.html[22m
[2m11:00:03[22m [36m[1m[vite][22m[39m [90m[2m(client)[22m[39m [32mpage reload [39m[2mwork/inquiry-smtp-deploy/dist/media/index.html[22m
[2m11:00:03[22m [36m[1m[vite][22m[39m [90m[2m(client)[22m[39m [32mpage reload [39m[2mwork/inquiry-smtp-deploy/dist/oem-process/index.html[22m
[2m11:00:03[22m [36m[1m[vite][22m[39m [90m[2m(client)[22m[39m [32mpage reload [39m[2mwork/inquiry-smtp-deploy/dist/oem-pet-pee-pads/index.html[22m
[2m11:00:03[22m [36m[1m[vite][22m[39m [90m[2m(client)[22m[39m [32mpage reload [39m[2mwork/inquiry-smtp-deploy/dist/pet-pad-factory/index.html[22m
[2m11:00:03[22m [36m[1m[vite][22m[39m [90m[2m(client)[22m[39m [32mpage reload [39m[2mwork/inquiry-smtp-deploy/dist/pet-pee-pad-manufacturer/index.html[22m
[2m11:00:03[22m [36m[1m[vite][22m[39m [90m[2m(client)[22m[39m [32mpage reload [39m[2mwork/inquiry-smtp-deploy/dist/profile/index.html[22m
[2m11:00:03[22m [36m[1m[vite][22m[39m [90m[2m(client)[22m[39m [32mpage reload [39m[2mwork/inquiry-smtp-deploy/dist/quality/index.html[22m
[2m11:00:03[22m [36m[1m[vite][22m[39m [90m[2m(client)[22m[39m [32mpage reload [39m[2mwork/inquiry-smtp-deploy/dist/private-label-pet-pads/index.html[22m
[2m11:00:03[22m [36m[1m[vite][22m[39m [90m[2m(client)[22m[39m [32mpage reload [39m[2mwork/inquiry-smtp-deploy/dist/quality-control/index.html[22m
[2m11:00:03[22m [36m[1m[vite][22m[39m [90m[2m(client)[22m[39m [32mpage reload [39m[2mwork/inquiry-smtp-deploy/dist/projects/index.html[22m
[2m11:00:03[22m [36m[1m[vite][22m[39m [90m[2m(client)[22m[39m [32mpage reload [39m[2mwork/inquiry-smtp-deploy/dist/resources/index.html[22m
[2m11:00:03[22m [36m[1m[vite][22m[39m [90m[2m(client)[22m[39m [32mpage reload [39m[2mwork/inquiry-smtp-deploy/dist/request-product-plan/index.html[22m
[2m11:00:03[22m [36m[1m[vite][22m[39m [90m[2m(client)[22m[39m [32mpage reload [39m[2mwork/inquiry-smtp-deploy/dist/reports/index.html[22m
[2m11:00:03[22m [36m[1m[vite][22m[39m [90m[2m(client)[22m[39m [32mpage reload [39m[2mwork/inquiry-smtp-deploy/dist/sign-in/index.html[22m
[2m11:00:03[22m [36m[1m[vite][22m[39m [90m[2m(client)[22m[39m [32mpage reload [39m[2mwork/inquiry-smtp-deploy/dist/buyer-guides/choose-oem-pet-pad-manufacturer/index.html[22m
[2m11:00:03[22m [36m[1m[vite][22m[39m [90m[2m(client)[22m[39m [32mpage reload [39m[2mwork/inquiry-smtp-deploy/dist/buyer-guides/container-loading-buyer-guide/index.html[22m
[2m11:00:03[22m [36m[1m[vite][22m[39m [90m[2m(client)[22m[39m [32mpage reload [39m[2mwork/inquiry-smtp-deploy/dist/buyer-guides/first-order-to-repeat-order-guide/index.html[22m
[2m11:00:03[22m [36m[1m[vite][22m[39m [90m[2m(client)[22m[39m [32mpage reload [39m[2mwork/inquiry-smtp-deploy/dist/buyer-guides/adult-underpad-procurement-guide/index.html[22m
[2m11:00:03[22m [36m[1m[vite][22m[39m [90m[2m(client)[22m[39m [32mpage reload [39m[2mwork/inquiry-smtp-deploy/dist/buyer-guides/fob-cif-pet-products-guide/index.html[22m
[2m11:00:03[22m [36m[1m[vite][22m[39m [90m[2m(client)[22m[39m [32mpage reload [39m[2mwork/inquiry-smtp-deploy/dist/buyer-guides/amazon-private-label-guide/index.html[22m
[2m11:00:03[22m [36m[1m[vite][22m[39m [90m[2m(client)[22m[39m [32mpage reload [39m[2mwork/inquiry-smtp-deploy/dist/buyer-guides/dog-poop-bag-procurement-guide/index.html[22m
[2m11:00:03[22m [36m[1m[vite][22m[39m [90m[2m(client)[22m[39m [32mpage reload [39m[2mwork/inquiry-smtp-deploy/dist/buyer-guides/fluff-pulp-buyer-guide/index.html[22m
[2m11:00:03[22m [36m[1m[vite][22m[39m [90m[2m(client)[22m[39m [32mpage reload [39m[2mwork/inquiry-smtp-deploy/dist/buyer-guides/multi-supplier-strategy-guide/index.html[22m
[2m11:00:03[22m [36m[1m[vite][22m[39m [90m[2m(client)[22m[39m [32mpage reload [39m[2mwork/inquiry-smtp-deploy/dist/buyer-guides/odm-pet-product-development-guide/index.html[22m
[2m11:00:03[22m [36m[1m[vite][22m[39m [90m[2m(client)[22m[39m [32mpage reload [39m[2mwork/inquiry-smtp-deploy/dist/buyer-guides/oem-pet-product-sourcing-process/index.html[22m
[2m11:00:03[22m [36m[1m[vite][22m[39m [90m[2m(client)[22m[39m [32mpage reload [39m[2mwork/inquiry-smtp-deploy/dist/buyer-guides/landed-cost-pet-products-guide/index.html[22m
[2m11:00:03[22m [36m[1m[vite][22m[39m [90m[2m(client)[22m[39m [32mpage reload [39m[2mwork/inquiry-smtp-deploy/dist/buyer-guides/oem-sampling-guide/index.html[22m
[2m11:00:03[22m [36m[1m[vite][22m[39m [90m[2m(client)[22m[39m [32mpage reload [39m[2mwork/inquiry-smtp-deploy/dist/buyer-guides/nonwoven-material-buyer-guide/index.html[22m
[2m11:00:03[22m [36m[1m[vite][22m[39m [90m[2m(client)[22m[39m [32mpage reload [39m[2mwork/inquiry-smtp-deploy/dist/buyer-guides/oem-lead-time-guide/index.html[22m
[2m11:00:03[22m [36m[1m[vite][22m[39m [90m[2m(client)[22m[39m [32mpage reload [39m[2mwork/inquiry-smtp-deploy/dist/buyer-guides/oem-vs-odm-buyer-decision/index.html[22m
[2m11:00:03[22m [36m[1m[vite][22m[39m [90m[2m(client)[22m[39m [32mpage reload [39m[2mwork/inquiry-smtp-deploy/dist/buyer-guides/pet-pad-moq-negotiation/index.html[22m
[2m11:00:03[22m [36m[1m[vite][22m[39m [90m[2m(client)[22m[39m [32mpage reload [39m[2mwork/inquiry-smtp-deploy/dist/buyer-guides/pet-pad-sample-scorecard/index.html[22m
[2m11:00:03[22m [36m[1m[vite][22m[39m [90m[2m(client)[22m[39m [32mpage reload [39m[2mwork/inquiry-smtp-deploy/dist/buyer-guides/pet-pad-factory-audit-checklist/index.html[22m
[2m11:00:03[22m [36m[1m[vite][22m[39m [90m[2m(client)[22m[39m [32mpage reload [39m[2mwork/inquiry-smtp-deploy/dist/buyer-guides/pet-pad-specification-guide/index.html[22m
[2m11:00:03[22m [36m[1m[vite][22m[39m [90m[2m(client)[22m[39m [32mpage reload [39m[2mwork/inquiry-smtp-deploy/dist/buyer-guides/pe-film-buyer-guide/index.html[22m
[2m11:00:03[22m [36m[1m[vite][22m[39m [90m[2m(client)[22m[39m [32mpage reload [39m[2mwork/inquiry-smtp-deploy/dist/buyer-guides/pet-product-cost-reduction-guide/index.html[22m
[2m11:00:03[22m [36m[1m[vite][22m[39m [90m[2m(client)[22m[39m [32mpage reload [39m[2mwork/inquiry-smtp-deploy/dist/buyer-guides/pet-product-moq-guide/index.html[22m
[2m11:00:03[22m [36m[1m[vite][22m[39m [90m[2m(client)[22m[39m [32mpage reload [39m[2mwork/inquiry-smtp-deploy/dist/buyer-guides/pet-product-carton-guide/index.html[22m
[2m11:00:03[22m [36m[1m[vite][22m[39m [90m[2m(client)[22m[39m [32mpage reload [39m[2mwork/inquiry-smtp-deploy/dist/buyer-guides/pet-product-barcode-guide/index.html[22m
[2m11:00:03[22m [36m[1m[vite][22m[39m [90m[2m(client)[22m[39m [32mpage reload [39m[2mwork/inquiry-smtp-deploy/dist/buyer-guides/pet-product-forecast-guide/index.html[22m
[2m11:00:03[22m [36m[1m[vite][22m[39m [90m[2m(client)[22m[39m [32mpage reload [39m[2mwork/inquiry-smtp-deploy/dist/buyer-guides/pet-product-import-document-guide/index.html[22m
[2m11:00:03[22m [36m[1m[vite][22m[39m [90m[2m(client)[22m[39m [32mpage reload [39m[2mwork/inquiry-smtp-deploy/dist/buyer-guides/pet-product-incoterms-guide/index.html[22m
[2m11:00:03[22m [36m[1m[vite][22m[39m [90m[2m(client)[22m[39m [32mpage reload [39m[2mwork/inquiry-smtp-deploy/dist/buyer-guides/pet-product-packaging-guide/index.html[22m
[2m11:00:03[22m [36m[1m[vite][22m[39m [90m[2m(client)[22m[39m [32mpage reload [39m[2mwork/inquiry-smtp-deploy/dist/buyer-guides/pet-product-quality-plan/index.html[22m
[2m11:00:03[22m [36m[1m[vite][22m[39m [90m[2m(client)[22m[39m [32mpage reload [39m[2mwork/inquiry-smtp-deploy/dist/buyer-guides/private-label-artwork-approval/index.html[22m
[2m11:00:03[22m [36m[1m[vite][22m[39m [90m[2m(client)[22m[39m [32mpage reload [39m[2mwork/inquiry-smtp-deploy/dist/buyer-guides/production-schedule-buyer-guide/index.html[22m
[2m11:00:03[22m [36m[1m[vite][22m[39m [90m[2m(client)[22m[39m [32mpage reload [39m[2mwork/inquiry-smtp-deploy/dist/buyer-guides/pet-product-supplier-evaluation/index.html[22m
[2m11:00:03[22m [36m[1m[vite][22m[39m [90m[2m(client)[22m[39m [32mpage reload [39m[2mwork/inquiry-smtp-deploy/dist/buyer-guides/private-label-pet-products-launch/index.html[22m
[2m11:00:03[22m [36m[1m[vite][22m[39m [90m[2m(client)[22m[39m [32mpage reload [39m[2mwork/inquiry-smtp-deploy/dist/buyer-guides/pre-shipment-inspection-guide/index.html[22m
[2m11:00:03[22m [36m[1m[vite][22m[39m [90m[2m(client)[22m[39m [32mpage reload [39m[2mwork/inquiry-smtp-deploy/dist/buyer-guides/supplier-corrective-action-guide/index.html[22m
[2m11:00:03[22m [36m[1m[vite][22m[39m [90m[2m(client)[22m[39m [32mpage reload [39m[2mwork/inquiry-smtp-deploy/dist/buyer-guides/remote-factory-audit-guide/index.html[22m
[2m11:00:03[22m [36m[1m[vite][22m[39m [90m[2m(client)[22m[39m [32mpage reload [39m[2mwork/inquiry-smtp-deploy/dist/buyer-guides/sap-buyer-specification-guide/index.html[22m
[2m11:00:03[22m [36m[1m[vite][22m[39m [90m[2m(client)[22m[39m [32mpage reload [39m[2mwork/inquiry-smtp-deploy/dist/buyer-guides/retail-chain-pet-product-guide/index.html[22m
[2m11:00:03[22m [36m[1m[vite][22m[39m [90m[2m(client)[22m[39m [32mpage reload [39m[2mwork/inquiry-smtp-deploy/dist/buyer-guides/supplier-payment-terms-guide/index.html[22m
[2m11:00:03[22m [36m[1m[vite][22m[39m [90m[2m(client)[22m[39m [32mpage reload [39m[2mwork/inquiry-smtp-deploy/dist/case-studies/european-private-label-launch/index.html[22m
[2m11:00:03[22m [36m[1m[vite][22m[39m [90m[2m(client)[22m[39m [32mpage reload [39m[2mwork/inquiry-smtp-deploy/dist/case-studies/adult-underpad-rewet-case/index.html[22m
[2m11:00:03[22m [36m[1m[vite][22m[39m [90m[2m(client)[22m[39m [32mpage reload [39m[2mwork/inquiry-smtp-deploy/dist/case-studies/european-private-label-pad-launch/index.html[22m
[2m11:00:03[22m [36m[1m[vite][22m[39m [90m[2m(client)[22m[39m [32mpage reload [39m[2mwork/inquiry-smtp-deploy/dist/case-studies/container-optimization/index.html[22m
[2m11:00:03[22m [36m[1m[vite][22m[39m [90m[2m(client)[22m[39m [32mpage reload [39m[2mwork/inquiry-smtp-deploy/dist/case-studies/landed-cost-reduction-framework/index.html[22m
[2m11:00:03[22m [36m[1m[vite][22m[39m [90m[2m(client)[22m[39m [32mpage reload [39m[2mwork/inquiry-smtp-deploy/dist/case-studies/pe-film-pinhole-case/index.html[22m
[2m11:00:03[22m [36m[1m[vite][22m[39m [90m[2m(client)[22m[39m [32mpage reload [39m[2mwork/inquiry-smtp-deploy/dist/case-studies/factory-audit-success/index.html[22m
[2m11:00:03[22m [36m[1m[vite][22m[39m [90m[2m(client)[22m[39m [32mpage reload [39m[2mwork/inquiry-smtp-deploy/dist/case-studies/multi-sku-launch-recovery-case/index.html[22m
[2m11:00:03[22m [36m[1m[vite][22m[39m [90m[2m(client)[22m[39m [32mpage reload [39m[2mwork/inquiry-smtp-deploy/dist/case-studies/poop-bag-roll-count-case/index.html[22m
[2m11:00:03[22m [36m[1m[vite][22m[39m [90m[2m(client)[22m[39m [32mpage reload [39m[2mwork/inquiry-smtp-deploy/dist/case-studies/pet-pad-leakage-improvement-case/index.html[22m
[2m11:00:03[22m [36m[1m[vite][22m[39m [90m[2m(client)[22m[39m [32mpage reload [39m[2mwork/inquiry-smtp-deploy/dist/case-studies/pet-product-landed-cost-case/index.html[22m
[2m11:00:03[22m [36m[1m[vite][22m[39m [90m[2m(client)[22m[39m [32mpage reload [39m[2mwork/inquiry-smtp-deploy/dist/case-studies/retailer-barcode-case/index.html[22m
[2m11:00:03[22m [36m[1m[vite][22m[39m [90m[2m(client)[22m[39m [32mpage reload [39m[2mwork/inquiry-smtp-deploy/dist/case-studies/oem-manufacturing-process/index.html[22m
[2m11:00:03[22m [36m[1m[vite][22m[39m [90m[2m(client)[22m[39m [32mpage reload [39m[2mwork/inquiry-smtp-deploy/dist/case-studies/pet-pad-container-utilization-case/index.html[22m
[2m11:00:03[22m [36m[1m[vite][22m[39m [90m[2m(client)[22m[39m [32mpage reload [39m[2mwork/inquiry-smtp-deploy/dist/case-studies/private-label-packaging-recovery-case/index.html[22m
[2m11:00:03[22m [36m[1m[vite][22m[39m [90m[2m(client)[22m[39m [32mpage reload [39m[2mwork/inquiry-smtp-deploy/dist/case-studies/quality-improvement/index.html[22m
[2m11:00:03[22m [36m[1m[vite][22m[39m [90m[2m(client)[22m[39m [32mpage reload [39m[2mwork/inquiry-smtp-deploy/dist/case-studies/sap-dosing-variation-case/index.html[22m
[2m11:00:03[22m [36m[1m[vite][22m[39m [90m[2m(client)[22m[39m [32mpage reload [39m[2mwork/inquiry-smtp-deploy/dist/case-studies/warehouse-mixed-carton-case/index.html[22m
[2m11:00:03[22m [36m[1m[vite][22m[39m [90m[2m(client)[22m[39m [32mpage reload [39m[2mwork/inquiry-smtp-deploy/dist/case-studies/supplier-audit-remediation-case/index.html[22m
[2m11:00:03[22m [36m[1m[vite][22m[39m [90m[2m(client)[22m[39m [32mpage reload [39m[2mwork/inquiry-smtp-deploy/dist/case-studies/us-distributor-underpad-program/index.html[22m
[2m11:00:04[22m [36m[1m[vite][22m[39m [90m[2m(client)[22m[39m [32mpage reload [39m[2mwork/inquiry-smtp-deploy/dist/comparisons/adult-underpads-vs-pet-pads/index.html[22m
[2m11:00:04[22m [36m[1m[vite][22m[39m [90m[2m(client)[22m[39m [32mpage reload [39m[2mwork/inquiry-smtp-deploy/dist/comparisons/air-freight-vs-ocean-freight-samples/index.html[22m
[2m11:00:04[22m [36m[1m[vite][22m[39m [90m[2m(client)[22m[39m [32mpage reload [39m[2mwork/inquiry-smtp-deploy/dist/comparisons/bag-vs-box-pet-pad-packaging/index.html[22m
[2m11:00:04[22m [36m[1m[vite][22m[39m [90m[2m(client)[22m[39m [32mpage reload [39m[2mwork/inquiry-smtp-deploy/dist/comparisons/annual-contract-vs-spot-buying/index.html[22m
[2m11:00:04[22m [36m[1m[vite][22m[39m [90m[2m(client)[22m[39m [32mpage reload [39m[2mwork/inquiry-smtp-deploy/dist/comparisons/china-vs-vietnam-manufacturers/index.html[22m
[2m11:00:04[22m [36m[1m[vite][22m[39m [90m[2m(client)[22m[39m [32mpage reload [39m[2mwork/inquiry-smtp-deploy/dist/comparisons/exclusive-formula-vs-open-platform/index.html[22m
[2m11:00:04[22m [36m[1m[vite][22m[39m [90m[2m(client)[22m[39m [32mpage reload [39m[2mwork/inquiry-smtp-deploy/dist/comparisons/domestic-vs-imported-pet-products/index.html[22m
[2m11:00:04[22m [36m[1m[vite][22m[39m [90m[2m(client)[22m[39m [32mpage reload [39m[2mwork/inquiry-smtp-deploy/dist/comparisons/hdpe-vs-biodegradable-bags/index.html[22m
[2m11:00:04[22m [36m[1m[vite][22m[39m [90m[2m(client)[22m[39m [32mpage reload [39m[2mwork/inquiry-smtp-deploy/dist/comparisons/manufacturer-standard-vs-buyer-spec/index.html[22m
[2m11:00:04[22m [36m[1m[vite][22m[39m [90m[2m(client)[22m[39m [32mpage reload [39m[2mwork/inquiry-smtp-deploy/dist/comparisons/fcl-vs-lcl-pet-products/index.html[22m
[2m11:00:04[22m [36m[1m[vite][22m[39m [90m[2m(client)[22m[39m [32mpage reload [39m[2mwork/inquiry-smtp-deploy/dist/comparisons/direct-factory-vs-trading-company/index.html[22m
[2m11:00:04[22m [36m[1m[vite][22m[39m [90m[2m(client)[22m[39m [32mpage reload [39m[2mwork/inquiry-smtp-deploy/dist/comparisons/fixed-forecast-vs-rolling-forecast/index.html[22m
[2m11:00:04[22m [36m[1m[vite][22m[39m [90m[2m(client)[22m[39m [32mpage reload [39m[2mwork/inquiry-smtp-deploy/dist/comparisons/aql-inspection-vs-100-percent-check/index.html[22m
[2m11:00:04[22m [36m[1m[vite][22m[39m [90m[2m(client)[22m[39m [32mpage reload [39m[2mwork/inquiry-smtp-deploy/dist/comparisons/high-sap-vs-balanced-core/index.html[22m
[2m11:00:04[22m [36m[1m[vite][22m[39m [90m[2m(client)[22m[39m [32mpage reload [39m[2mwork/inquiry-smtp-deploy/dist/comparisons/one-sku-vs-multi-sku-launch/index.html[22m
[2m11:00:04[22m [36m[1m[vite][22m[39m [90m[2m(client)[22m[39m [32mpage reload [39m[2mwork/inquiry-smtp-deploy/dist/comparisons/pilot-order-vs-full-launch/index.html[22m
[2m11:00:04[22m [36m[1m[vite][22m[39m [90m[2m(client)[22m[39m [32mpage reload [39m[2mwork/inquiry-smtp-deploy/dist/comparisons/oem-platform-vs-custom-development/index.html[22m
[2m11:00:04[22m [36m[1m[vite][22m[39m [90m[2m(client)[22m[39m [32mpage reload [39m[2mwork/inquiry-smtp-deploy/dist/comparisons/oem-vs-odm/index.html[22m
[2m11:00:04[22m [36m[1m[vite][22m[39m [90m[2m(client)[22m[39m [32mpage reload [39m[2mwork/inquiry-smtp-deploy/dist/comparisons/printed-bag-vs-neutral-packaging/index.html[22m
[2m11:00:04[22m [36m[1m[vite][22m[39m [90m[2m(client)[22m[39m [32mpage reload [39m[2mwork/inquiry-smtp-deploy/dist/comparisons/pre-shipment-vs-arrival-inspection/index.html[22m
[2m11:00:04[22m [36m[1m[vite][22m[39m [90m[2m(client)[22m[39m [32mpage reload [39m[2mwork/inquiry-smtp-deploy/dist/comparisons/retail-pack-vs-bulk-pack/index.html[22m
[2m11:00:04[22m [36m[1m[vite][22m[39m [90m[2m(client)[22m[39m [32mpage reload [39m[2mwork/inquiry-smtp-deploy/dist/comparisons/single-supplier-vs-dual-sourcing/index.html[22m
[2m11:00:04[22m [36m[1m[vite][22m[39m [90m[2m(client)[22m[39m [32mpage reload [39m[2mwork/inquiry-smtp-deploy/dist/comparisons/sap-vs-fluff-pulp/index.html[22m
[2m11:00:04[22m [36m[1m[vite][22m[39m [90m[2m(client)[22m[39m [32mpage reload [39m[2mwork/inquiry-smtp-deploy/dist/comparisons/private-label-vs-wholesale/index.html[22m
[2m11:00:04[22m [36m[1m[vite][22m[39m [90m[2m(client)[22m[39m [32mpage reload [39m[2mwork/inquiry-smtp-deploy/dist/comparisons/visual-inspection-vs-performance-testing/index.html[22m
[2m11:00:04[22m [36m[1m[vite][22m[39m [90m[2m(client)[22m[39m [32mpage reload [39m[2mwork/inquiry-smtp-deploy/dist/comparisons/spunbond-vs-other-nonwoven/index.html[22m
[2m11:00:04[22m [36m[1m[vite][22m[39m [90m[2m(client)[22m[39m [32mpage reload [39m[2mwork/inquiry-smtp-deploy/dist/comparisons/virgin-vs-recycled-packaging/index.html[22m
[2m11:00:04[22m [36m[1m[vite][22m[39m [90m[2m(client)[22m[39m [32mpage reload [39m[2mwork/inquiry-smtp-deploy/dist/comparisons/thin-vs-thick-pe-backing/index.html[22m
[2m11:00:04[22m [36m[1m[vite][22m[39m [90m[2m(client)[22m[39m [32mpage reload [39m[2mwork/inquiry-smtp-deploy/dist/comparisons/standard-vs-custom-pet-pad-size/index.html[22m
[2m11:00:04[22m [36m[1m[vite][22m[39m [90m[2m(client)[22m[39m [32mpage reload [39m[2mwork/inquiry-smtp-deploy/dist/comparisons/virgin-vs-recycled-pulp/index.html[22m
[2m11:00:04[22m [36m[1m[vite][22m[39m [90m[2m(client)[22m[39m [32mpage reload [39m[2mwork/inquiry-smtp-deploy/dist/factory/certificates/index.html[22m
[2m11:00:04[22m [36m[1m[vite][22m[39m [90m[2m(client)[22m[39m [32mpage reload [39m[2mwork/inquiry-smtp-deploy/dist/factory/container-loading/index.html[22m
[2m11:00:04[22m [36m[1m[vite][22m[39m [90m[2m(client)[22m[39m [32mpage reload [39m[2mwork/inquiry-smtp-deploy/dist/factory/factory-continuous-improvement/index.html[22m
[2m11:00:04[22m [36m[1m[vite][22m[39m [90m[2m(client)[22m[39m [32mpage reload [39m[2mwork/inquiry-smtp-deploy/dist/factory/factory-export-document-control/index.html[22m
[2m11:00:04[22m [36m[1m[vite][22m[39m [90m[2m(client)[22m[39m [32mpage reload [39m[2mwork/inquiry-smtp-deploy/dist/factory/factory-customer-sample-room/index.html[22m
[2m11:00:04[22m [36m[1m[vite][22m[39m [90m[2m(client)[22m[39m [32mpage reload [39m[2mwork/inquiry-smtp-deploy/dist/factory/factory-in-process-inspection/index.html[22m
[2m11:00:04[22m [36m[1m[vite][22m[39m [90m[2m(client)[22m[39m [32mpage reload [39m[2mwork/inquiry-smtp-deploy/dist/factory/factory-line-changeover/index.html[22m
[2m11:00:04[22m [36m[1m[vite][22m[39m [90m[2m(client)[22m[39m [32mpage reload [39m[2mwork/inquiry-smtp-deploy/dist/factory/factory-material-receiving/index.html[22m
[2m11:00:04[22m [36m[1m[vite][22m[39m [90m[2m(client)[22m[39m [32mpage reload [39m[2mwork/inquiry-smtp-deploy/dist/factory/factory-preventive-maintenance/index.html[22m
[2m11:00:04[22m [36m[1m[vite][22m[39m [90m[2m(client)[22m[39m [32mpage reload [39m[2mwork/inquiry-smtp-deploy/dist/factory/factory-nonconforming-product/index.html[22m
[2m11:00:04[22m [36m[1m[vite][22m[39m [90m[2m(client)[22m[39m [32mpage reload [39m[2mwork/inquiry-smtp-deploy/dist/factory/factory-traceability-system/index.html[22m
[2m11:00:04[22m [36m[1m[vite][22m[39m [90m[2m(client)[22m[39m [32mpage reload [39m[2mwork/inquiry-smtp-deploy/dist/factory/packaging/index.html[22m
[2m11:00:04[22m [36m[1m[vite][22m[39m [90m[2m(client)[22m[39m [32mpage reload [39m[2mwork/inquiry-smtp-deploy/dist/factory/production-line/index.html[22m
[2m11:00:04[22m [36m[1m[vite][22m[39m [90m[2m(client)[22m[39m [32mpage reload [39m[2mwork/inquiry-smtp-deploy/dist/factory/pe-film/index.html[22m
[2m11:00:04[22m [36m[1m[vite][22m[39m [90m[2m(client)[22m[39m [32mpage reload [39m[2mwork/inquiry-smtp-deploy/dist/factory/raw-materials/index.html[22m
[2m11:00:04[22m [36m[1m[vite][22m[39m [90m[2m(client)[22m[39m [32mpage reload [39m[2mwork/inquiry-smtp-deploy/dist/factory/quality-control/index.html[22m
[2m11:00:04[22m [36m[1m[vite][22m[39m [90m[2m(client)[22m[39m [32mpage reload [39m[2mwork/inquiry-smtp-deploy/dist/factory/testing-laboratory/index.html[22m
[2m11:00:04[22m [36m[1m[vite][22m[39m [90m[2m(client)[22m[39m [32mpage reload [39m[2mwork/inquiry-smtp-deploy/dist/factory/sap/index.html[22m
[2m11:00:04[22m [36m[1m[vite][22m[39m [90m[2m(client)[22m[39m [32mpage reload [39m[2mwork/inquiry-smtp-deploy/dist/factory/factory-pack-count-control/index.html[22m
[2m11:00:04[22m [36m[1m[vite][22m[39m [90m[2m(client)[22m[39m [32mpage reload [39m[2mwork/inquiry-smtp-deploy/dist/factory/warehouse/index.html[22m
[2m11:00:04[22m [36m[1m[vite][22m[39m [90m[2m(client)[22m[39m [32mpage reload [39m[2mwork/inquiry-smtp-deploy/dist/faq/adult-underpad-faq/index.html[22m
[2m11:00:04[22m [36m[1m[vite][22m[39m [90m[2m(client)[22m[39m [32mpage reload [39m[2mwork/inquiry-smtp-deploy/dist/faq/import-procurement-faq/index.html[22m
[2m11:00:04[22m [36m[1m[vite][22m[39m [90m[2m(client)[22m[39m [32mpage reload [39m[2mwork/inquiry-smtp-deploy/dist/faq/customization-faq/index.html[22m
[2m11:00:04[22m [36m[1m[vite][22m[39m [90m[2m(client)[22m[39m [32mpage reload [39m[2mwork/inquiry-smtp-deploy/dist/faq/factory-audit-faq/index.html[22m
[2m11:00:04[22m [36m[1m[vite][22m[39m [90m[2m(client)[22m[39m [32mpage reload [39m[2mwork/inquiry-smtp-deploy/dist/faq/dog-poop-bag-faq/index.html[22m
[2m11:00:04[22m [36m[1m[vite][22m[39m [90m[2m(client)[22m[39m [32mpage reload [39m[2mwork/inquiry-smtp-deploy/dist/faq/materials-faq/index.html[22m
[2m11:00:04[22m [36m[1m[vite][22m[39m [90m[2m(client)[22m[39m [32mpage reload [39m[2mwork/inquiry-smtp-deploy/dist/faq/oem-manufacturing-faq/index.html[22m
[2m11:00:04[22m [36m[1m[vite][22m[39m [90m[2m(client)[22m[39m [32mpage reload [39m[2mwork/inquiry-smtp-deploy/dist/faq/pet-training-pad-faq/index.html[22m
[2m11:00:04[22m [36m[1m[vite][22m[39m [90m[2m(client)[22m[39m [32mpage reload [39m[2mwork/inquiry-smtp-deploy/dist/faq/quality-control-faq/index.html[22m
[2m11:00:04[22m [36m[1m[vite][22m[39m [90m[2m(client)[22m[39m [32mpage reload [39m[2mwork/inquiry-smtp-deploy/dist/faq/packaging-faq/index.html[22m
[2m11:00:04[22m [36m[1m[vite][22m[39m [90m[2m(client)[22m[39m [32mpage reload [39m[2mwork/inquiry-smtp-deploy/dist/faq/private-label-faq/index.html[22m
[2m11:00:04[22m [36m[1m[vite][22m[39m [90m[2m(client)[22m[39m [32mpage reload [39m[2mwork/inquiry-smtp-deploy/dist/faq/sap-technology-faq/index.html[22m
[2m11:00:04[22m [36m[1m[vite][22m[39m [90m[2m(client)[22m[39m [32mpage reload [39m[2mwork/inquiry-smtp-deploy/dist/faq/pe-film-faq/index.html[22m
[2m11:00:04[22m [36m[1m[vite][22m[39m [90m[2m(client)[22m[39m [32mpage reload [39m[2mwork/inquiry-smtp-deploy/dist/faq/shipping-faq/index.html[22m
[2m11:00:04[22m [36m[1m[vite][22m[39m [90m[2m(client)[22m[39m [32mpage reload [39m[2mwork/inquiry-smtp-deploy/dist/materials/absorbent-paper-core/index.html[22m
[2m11:00:04[22m [36m[1m[vite][22m[39m [90m[2m(client)[22m[39m [32mpage reload [39m[2mwork/inquiry-smtp-deploy/dist/materials/charcoal-odor-control-layer/index.html[22m
[2m11:00:04[22m [36m[1m[vite][22m[39m [90m[2m(client)[22m[39m [32mpage reload [39m[2mwork/inquiry-smtp-deploy/dist/materials/acquisition-distribution-layer/index.html[22m
[2m11:00:04[22m [36m[1m[vite][22m[39m [90m[2m(client)[22m[39m [32mpage reload [39m[2mwork/inquiry-smtp-deploy/dist/materials/adhesive-backing-strips/index.html[22m
[2m11:00:04[22m [36m[1m[vite][22m[39m [90m[2m(client)[22m[39m [32mpage reload [39m[2mwork/inquiry-smtp-deploy/dist/materials/hot-melt-adhesive/index.html[22m
[2m11:00:04[22m [36m[1m[vite][22m[39m [90m[2m(client)[22m[39m [32mpage reload [39m[2mwork/inquiry-smtp-deploy/dist/materials/corrugated-export-cartons/index.html[22m
[2m11:00:04[22m [36m[1m[vite][22m[39m [90m[2m(client)[22m[39m [32mpage reload [39m[2mwork/inquiry-smtp-deploy/dist/materials/color-masterbatch-film/index.html[22m
[2m11:00:04[22m [36m[1m[vite][22m[39m [90m[2m(client)[22m[39m [32mpage reload [39m[2mwork/inquiry-smtp-deploy/dist/materials/fluff-pulp-absorbent-core/index.html[22m
[2m11:00:04[22m [36m[1m[vite][22m[39m [90m[2m(client)[22m[39m [32mpage reload [39m[2mwork/inquiry-smtp-deploy/dist/materials/embossing-technology/index.html[22m
[2m11:00:04[22m [36m[1m[vite][22m[39m [90m[2m(client)[22m[39m [32mpage reload [39m[2mwork/inquiry-smtp-deploy/dist/materials/nonwoven-topsheet/index.html[22m
[2m11:00:04[22m [36m[1m[vite][22m[39m [90m[2m(client)[22m[39m [32mpage reload [39m[2mwork/inquiry-smtp-deploy/dist/materials/paper-and-plastic-roll-cores/index.html[22m
[2m11:00:04[22m [36m[1m[vite][22m[39m [90m[2m(client)[22m[39m [32mpage reload [39m[2mwork/inquiry-smtp-deploy/dist/pages/about/index.html[22m
[2m11:00:04[22m [36m[1m[vite][22m[39m [90m[2m(client)[22m[39m [32mpage reload [39m[2mwork/inquiry-smtp-deploy/dist/materials/super-absorbent-polymer/index.html[22m
[2m11:00:04[22m [36m[1m[vite][22m[39m [90m[2m(client)[22m[39m [32mpage reload [39m[2mwork/inquiry-smtp-deploy/dist/materials/pe-backing-film/index.html[22m
[2m11:00:04[22m [36m[1m[vite][22m[39m [90m[2m(client)[22m[39m [32mpage reload [39m[2mwork/inquiry-smtp-deploy/dist/pages/gift-cards/index.html[22m
[2m11:00:04[22m [36m[1m[vite][22m[39m [90m[2m(client)[22m[39m [32mpage reload [39m[2mwork/inquiry-smtp-deploy/dist/pages/affiliates/index.html[22m
[2m11:00:04[22m [36m[1m[vite][22m[39m [90m[2m(client)[22m[39m [32mpage reload [39m[2mwork/inquiry-smtp-deploy/dist/materials/printed-pe-film/index.html[22m
[2m11:00:04[22m [36m[1m[vite][22m[39m [90m[2m(client)[22m[39m [32mpage reload [39m[2mwork/inquiry-smtp-deploy/dist/pages/help/index.html[22m
[2m11:00:04[22m [36m[1m[vite][22m[39m [90m[2m(client)[22m[39m [32mpage reload [39m[2mwork/inquiry-smtp-deploy/dist/materials/tissue-distribution-layer/index.html[22m
[2m11:00:04[22m [36m[1m[vite][22m[39m [90m[2m(client)[22m[39m [32mpage reload [39m[2mwork/inquiry-smtp-deploy/dist/pages/investor-relations/index.html[22m
[2m11:00:04[22m [36m[1m[vite][22m[39m [90m[2m(client)[22m[39m [32mpage reload [39m[2mwork/inquiry-smtp-deploy/dist/pages/learn/index.html[22m
[2m11:00:04[22m [36m[1m[vite][22m[39m [90m[2m(client)[22m[39m [32mpage reload [39m[2mwork/inquiry-smtp-deploy/dist/pages/give-back/index.html[22m
[2m11:00:04[22m [36m[1m[vite][22m[39m [90m[2m(client)[22m[39m [32mpage reload [39m[2mwork/inquiry-smtp-deploy/dist/products/adhesive-pet-pads/index.html[22m
[2m11:00:04[22m [36m[1m[vite][22m[39m [90m[2m(client)[22m[39m [32mpage reload [39m[2mwork/inquiry-smtp-deploy/dist/products/adult-underpads/index.html[22m
[2m11:00:04[22m [36m[1m[vite][22m[39m [90m[2m(client)[22m[39m [32mpage reload [39m[2mwork/inquiry-smtp-deploy/dist/products/charcoal-pet-pads/index.html[22m
[2m11:00:04[22m [36m[1m[vite][22m[39m [90m[2m(client)[22m[39m [32mpage reload [39m[2mwork/inquiry-smtp-deploy/dist/region/canada/index.html[22m
[2m11:00:04[22m [36m[1m[vite][22m[39m [90m[2m(client)[22m[39m [32mpage reload [39m[2mwork/inquiry-smtp-deploy/dist/pages/news/index.html[22m
[2m11:00:04[22m [36m[1m[vite][22m[39m [90m[2m(client)[22m[39m [32mpage reload [39m[2mwork/inquiry-smtp-deploy/dist/products/disposable-pet-pads/index.html[22m
[2m11:00:04[22m [36m[1m[vite][22m[39m [90m[2m(client)[22m[39m [32mpage reload [39m[2mwork/inquiry-smtp-deploy/dist/products/pet-absorbent-paper-sheets/index.html[22m
[2m11:00:04[22m [36m[1m[vite][22m[39m [90m[2m(client)[22m[39m [32mpage reload [39m[2mwork/inquiry-smtp-deploy/dist/region/austria/index.html[22m
[2m11:00:04[22m [36m[1m[vite][22m[39m [90m[2m(client)[22m[39m [32mpage reload [39m[2mwork/inquiry-smtp-deploy/dist/products/pet-care-pad-glove-wipes/index.html[22m
[2m11:00:04[22m [36m[1m[vite][22m[39m [90m[2m(client)[22m[39m [32mpage reload [39m[2mwork/inquiry-smtp-deploy/dist/region/denmark/index.html[22m
[2m11:00:04[22m [36m[1m[vite][22m[39m [90m[2m(client)[22m[39m [32mpage reload [39m[2mwork/inquiry-smtp-deploy/dist/region/belgium/index.html[22m
[2m11:00:04[22m [36m[1m[vite][22m[39m [90m[2m(client)[22m[39m [32mpage reload [39m[2mwork/inquiry-smtp-deploy/dist/region/france/index.html[22m
[2m11:00:04[22m [36m[1m[vite][22m[39m [90m[2m(client)[22m[39m [32mpage reload [39m[2mwork/inquiry-smtp-deploy/dist/products/custom-pet-waste-bags/index.html[22m
[2m11:00:04[22m [36m[1m[vite][22m[39m [90m[2m(client)[22m[39m [32mpage reload [39m[2mwork/inquiry-smtp-deploy/dist/region/ireland/index.html[22m
[2m11:00:04[22m [36m[1m[vite][22m[39m [90m[2m(client)[22m[39m [32mpage reload [39m[2mwork/inquiry-smtp-deploy/dist/region/finland/index.html[22m
[2m11:00:04[22m [36m[1m[vite][22m[39m [90m[2m(client)[22m[39m [32mpage reload [39m[2mwork/inquiry-smtp-deploy/dist/region/italy/index.html[22m
[2m11:00:04[22m [36m[1m[vite][22m[39m [90m[2m(client)[22m[39m [32mpage reload [39m[2mwork/inquiry-smtp-deploy/dist/region/netherlands/index.html[22m
[2m11:00:04[22m [36m[1m[vite][22m[39m [90m[2m(client)[22m[39m [32mpage reload [39m[2mwork/inquiry-smtp-deploy/dist/region/germany/index.html[22m
[2m11:00:04[22m [36m[1m[vite][22m[39m [90m[2m(client)[22m[39m [32mpage reload [39m[2mwork/inquiry-smtp-deploy/dist/region/norway/index.html[22m
[2m11:00:04[22m [36m[1m[vite][22m[39m [90m[2m(client)[22m[39m [32mpage reload [39m[2mwork/inquiry-smtp-deploy/dist/region/poland/index.html[22m
[2m11:00:04[22m [36m[1m[vite][22m[39m [90m[2m(client)[22m[39m [32mpage reload [39m[2mwork/inquiry-smtp-deploy/dist/region/portugal/index.html[22m
[2m11:00:04[22m [36m[1m[vite][22m[39m [90m[2m(client)[22m[39m [32mpage reload [39m[2mwork/inquiry-smtp-deploy/dist/region/sweden/index.html[22m
[2m11:00:04[22m [36m[1m[vite][22m[39m [90m[2m(client)[22m[39m [32mpage reload [39m[2mwork/inquiry-smtp-deploy/dist/region/spain/index.html[22m
[2m11:00:04[22m [36m[1m[vite][22m[39m [90m[2m(client)[22m[39m [32mpage reload [39m[2mwork/inquiry-smtp-deploy/dist/region/united-states/index.html[22m
[2m11:00:04[22m [36m[1m[vite][22m[39m [90m[2m(client)[22m[39m [32mpage reload [39m[2mwork/inquiry-smtp-deploy/dist/region/united-kingdom/index.html[22m
[2m11:00:04[22m [36m[1m[vite][22m[39m [90m[2m(client)[22m[39m [32mpage reload [39m[2mwork/inquiry-smtp-deploy/dist/region/switzerland/index.html[22m
[2m11:00:04[22m [36m[1m[vite][22m[39m [90m[2m(client)[22m[39m [32mpage reload [39m[2mwork/inquiry-smtp-deploy/dist/resources/dog-poop-bag-specification-template/index.html[22m
[2m11:00:04[22m [36m[1m[vite][22m[39m [90m[2m(client)[22m[39m [32mpage reload [39m[2mwork/inquiry-smtp-deploy/dist/resources/adult-underpad-specification-template/index.html[22m
[2m11:00:04[22m [36m[1m[vite][22m[39m [90m[2m(client)[22m[39m [32mpage reload [39m[2mwork/inquiry-smtp-deploy/dist/resources/packaging-artwork-checklist/index.html[22m
[2m11:00:04[22m [36m[1m[vite][22m[39m [90m[2m(client)[22m[39m [32mpage reload [39m[2mwork/inquiry-smtp-deploy/dist/resources/container-loading-planner/index.html[22m
[2m11:00:04[22m [36m[1m[vite][22m[39m [90m[2m(client)[22m[39m [32mpage reload [39m[2mwork/inquiry-smtp-deploy/dist/resources/pre-shipment-inspection-checklist/index.html[22m
[2m11:00:04[22m [36m[1m[vite][22m[39m [90m[2m(client)[22m[39m [32mpage reload [39m[2mwork/inquiry-smtp-deploy/dist/resources/oem-project-brief-template/index.html[22m
[2m11:00:04[22m [36m[1m[vite][22m[39m [90m[2m(client)[22m[39m [32mpage reload [39m[2mwork/inquiry-smtp-deploy/dist/resources/landed-cost-calculator-guide/index.html[22m
[2m11:00:04[22m [36m[1m[vite][22m[39m [90m[2m(client)[22m[39m [32mpage reload [39m[2mwork/inquiry-smtp-deploy/dist/resources/pet-pad-specification-template/index.html[22m
[2m11:00:04[22m [36m[1m[vite][22m[39m [90m[2m(client)[22m[39m [32mpage reload [39m[2mwork/inquiry-smtp-deploy/dist/resources/supplier-audit-checklist-download/index.html[22m
[2m11:00:04[22m [36m[1m[vite][22m[39m [90m[2m(client)[22m[39m [32mpage reload [39m[2mwork/inquiry-smtp-deploy/dist/resources/sample-evaluation-scorecard/index.html[22m
[2m11:00:04[22m [36m[1m[vite][22m[39m [90m[2m(client)[22m[39m [32mpage reload [39m[2mwork/inquiry-smtp-deploy/dist/reports/absorbent-materials-supply-report/index.html[22m
[2m11:00:04[22m [36m[1m[vite][22m[39m [90m[2m(client)[22m[39m [32mpage reload [39m[2mwork/inquiry-smtp-deploy/dist/reports/global-pet-pad-market-procurement-report/index.html[22m
[2m11:00:04[22m [36m[1m[vite][22m[39m [90m[2m(client)[22m[39m [32mpage reload [39m[2mwork/inquiry-smtp-deploy/dist/reports/pet-product-logistics-resilience-report/index.html[22m
[2m11:00:04[22m [36m[1m[vite][22m[39m [90m[2m(client)[22m[39m [32mpage reload [39m[2mwork/inquiry-smtp-deploy/dist/reports/pet-product-procurement-outlook-report/index.html[22m
[2m11:00:04[22m [36m[1m[vite][22m[39m [90m[2m(client)[22m[39m [32mpage reload [39m[2mwork/inquiry-smtp-deploy/dist/reports/pet-care-sustainability-claims-report/index.html[22m
[2m11:00:04[22m [36m[1m[vite][22m[39m [90m[2m(client)[22m[39m [32mpage reload [39m[2mwork/inquiry-smtp-deploy/dist/reports/pet-product-packaging-trends-report/index.html[22m
[2m11:00:04[22m [36m[1m[vite][22m[39m [90m[2m(client)[22m[39m [32mpage reload [39m[2mwork/inquiry-smtp-deploy/dist/reports/oem-manufacturing-risk-report/index.html[22m
[2m11:00:04[22m [36m[1m[vite][22m[39m [90m[2m(client)[22m[39m [32mpage reload [39m[2mwork/inquiry-smtp-deploy/dist/reports/private-label-pet-products-trends-report/index.html[22m
[2m11:00:04[22m [36m[1m[vite][22m[39m [90m[2m(client)[22m[39m [32mpage reload [39m[2mwork/inquiry-smtp-deploy/dist/reports/pet-product-retail-readiness-report/index.html[22m
[2m11:00:05[22m [36m[1m[vite][22m[39m [90m[2m(client)[22m[39m [32mpage reload [39m[2mwork/inquiry-smtp-deploy/dist/reports/pet-product-quality-benchmark-report/index.html[22m
[2m11:00:05[22m [36m[1m[vite][22m[39m [90m[2m(client)[22m[39m [32mpage reload [39m[2mwork/inquiry-smtp-deploy/dist/pages/news/private-label-pet-pad-ideas/index.html[22m
[2m11:00:05[22m [36m[1m[vite][22m[39m [90m[2m(client)[22m[39m [32mpage reload [39m[2mwork/inquiry-smtp-deploy/dist/pages/news/factory-visual-content-for-b2b-brands/index.html[22m
[2m11:00:05[22m [36m[1m[vite][22m[39m [90m[2m(client)[22m[39m [32mpage reload [39m[2mwork/inquiry-smtp-deploy/dist/pages/news/absorbent-core-development-notes/index.html[22m
[2m11:02:21[22m [36m[1m[vite][22m[39m [90m[2m(client)[22m[39m [32mhmr update [39m[2m/src/styles.css[22m
[2m12:37:23[22m [36m[1m[vite][22m[39m [90m[2m(client)[22m[39m [32mhmr update [39m[2m/src/main.jsx, /src/ProductExperience.jsx, /src/ProductCatalogPages.jsx[22m
[2m12:37:23[22m [36m[1m[vite][22m[39m [90m[2m(client)[22m[39m [33mhmr invalidate [39m[2m/src/main.jsx[22m Could not Fast Refresh ("true" export is incompatible). Learn more at https://github.com/vitejs/vite-plugin-react/tree/main/packages/plugin-react#consistent-components-exports
[2m12:37:23[22m [36m[1m[vite][22m[39m [90m[2m(client)[22m[39m [32mpage reload [39m[2msrc/main.jsx[22m
[2m12:43:46[22m [36m[1m[vite][22m[39m [90m[2m(client)[22m[39m [32mhmr update [39m[2m/src/main.jsx[22m
[2m12:43:47[22m [36m[1m[vite][22m[39m [90m[2m(client)[22m[39m [33mhmr invalidate [39m[2m/src/main.jsx[22m Could not Fast Refresh ("true" export is incompatible). Learn more at https://github.com/vitejs/vite-plugin-react/tree/main/packages/plugin-react#consistent-components-exports
[2m12:43:47[22m [36m[1m[vite][22m[39m [90m[2m(client)[22m[39m [32mpage reload [39m[2msrc/main.jsx[22m
[2m12:44:31[22m [36m[1m[vite][22m[39m [90m[2m(client)[22m[39m [32mhmr update [39m[2m/src/main.jsx[22m
[2m12:44:31[22m [36m[1m[vite][22m[39m [90m[2m(client)[22m[39m [33mhmr invalidate [39m[2m/src/main.jsx[22m Could not Fast Refresh ("true" export is incompatible). Learn more at https://github.com/vitejs/vite-plugin-react/tree/main/packages/plugin-react#consistent-components-exports
[2m12:44:31[22m [36m[1m[vite][22m[39m [90m[2m(client)[22m[39m [32mpage reload [39m[2msrc/main.jsx[22m
[2m12:45:15[22m [36m[1m[vite][22m[39m [90m[2m(client)[22m[39m [32mhmr update [39m[2m/src/main.jsx[22m
[2m12:45:15[22m [36m[1m[vite][22m[39m [90m[2m(client)[22m[39m [33mhmr invalidate [39m[2m/src/main.jsx[22m Could not Fast Refresh ("true" export is incompatible). Learn more at https://github.com/vitejs/vite-plugin-react/tree/main/packages/plugin-react#consistent-components-exports
[2m12:45:15[22m [36m[1m[vite][22m[39m [90m[2m(client)[22m[39m [32mpage reload [39m[2msrc/main.jsx[22m
[2m12:48:26[22m [36m[1m[vite][22m[39m [90m[2m(client)[22m[39m [32mhmr update [39m[2m/src/main.jsx, /src/ProductExperience.jsx, /src/ProductCatalogPages.jsx[22m
[2m12:48:26[22m [36m[1m[vite][22m[39m [90m[2m(client)[22m[39m [33mhmr invalidate [39m[2m/src/main.jsx[22m Could not Fast Refresh ("true" export is incompatible). Learn more at https://github.com/vitejs/vite-plugin-react/tree/main/packages/plugin-react#consistent-components-exports
[2m12:48:26[22m [36m[1m[vite][22m[39m [90m[2m(client)[22m[39m [32mpage reload [39m[2msrc/main.jsx[22m
[2m12:58:28[22m [36m[1m[vite][22m[39m [90m[2m(client)[22m[39m [32mhmr update [39m[2m/src/main.jsx, /src/ProductExperience.jsx, /src/ProductCatalogPages.jsx[22m
[2m12:58:28[22m [36m[1m[vite][22m[39m [90m[2m(client)[22m[39m [33mhmr invalidate [39m[2m/src/main.jsx[22m Could not Fast Refresh ("true" export is incompatible). Learn more at https://github.com/vitejs/vite-plugin-react/tree/main/packages/plugin-react#consistent-components-exports
[2m12:58:28[22m [36m[1m[vite][22m[39m [90m[2m(client)[22m[39m [32mpage reload [39m[2msrc/main.jsx[22m
[2m13:28:28[22m [36m[1m[vite][22m[39m [90m[2m(client)[22m[39m [32mhmr update [39m[2m/src/main.jsx, /src/ProductExperience.jsx, /src/ProductCatalogPages.jsx[22m
[2m13:28:28[22m [36m[1m[vite][22m[39m [90m[2m(client)[22m[39m [33mhmr invalidate [39m[2m/src/main.jsx[22m Could not Fast Refresh ("true" export is incompatible). Learn more at https://github.com/vitejs/vite-plugin-react/tree/main/packages/plugin-react#consistent-components-exports
[2m13:28:28[22m [36m[1m[vite][22m[39m [90m[2m(client)[22m[39m [32mpage reload [39m[2msrc/main.jsx[22m
[2m13:46:46[22m [36m[1m[vite][22m[39m [90m[2m(client)[22m[39m [32mhmr update [39m[2m/src/main.jsx, /src/ProductExperience.jsx, /src/ProductCatalogPages.jsx[22m
[2m13:46:46[22m [36m[1m[vite][22m[39m [90m[2m(client)[22m[39m [33mhmr invalidate [39m[2m/src/main.jsx[22m Could not Fast Refresh ("true" export is incompatible). Learn more at https://github.com/vitejs/vite-plugin-react/tree/main/packages/plugin-react#consistent-components-exports
[2m13:46:46[22m [36m[1m[vite][22m[39m [90m[2m(client)[22m[39m [32mpage reload [39m[2msrc/main.jsx[22m
[2m14:02:25[22m [36m[1m[vite][22m[39m [90m[2m(client)[22m[39m [32mhmr update [39m[2m/src/main.jsx, /src/ProductExperience.jsx, /src/ProductCatalogPages.jsx[22m
[2m14:02:25[22m [36m[1m[vite][22m[39m [90m[2m(client)[22m[39m [33mhmr invalidate [39m[2m/src/main.jsx[22m Could not Fast Refresh ("true" export is incompatible). Learn more at https://github.com/vitejs/vite-plugin-react/tree/main/packages/plugin-react#consistent-components-exports
[2m14:02:25[22m [36m[1m[vite][22m[39m [90m[2m(client)[22m[39m [32mpage reload [39m[2msrc/main.jsx[22m
[2m14:31:44[22m [36m[1m[vite][22m[39m [90m[2m(client)[22m[39m [32mpage reload [39m[2mwork/inquiry-smtp-deploy/dist/blog/index.html[22m
[2m15:35:20[22m [36m[1m[vite][22m[39m [90m[2m(client)[22m[39m [32mhmr update [39m[2m/src/main.jsx[22m
[2m15:35:20[22m [36m[1m[vite][22m[39m [90m[2m(client)[22m[39m [33mhmr invalidate [39m[2m/src/main.jsx[22m Could not Fast Refresh ("true" export is incompatible). Learn more at https://github.com/vitejs/vite-plugin-react/tree/main/packages/plugin-react#consistent-components-exports
[2m15:35:20[22m [36m[1m[vite][22m[39m [90m[2m(client)[22m[39m [32mpage reload [39m[2msrc/main.jsx[22m
[2m15:45:07[22m [36m[1m[vite][22m[39m [90m[2m(client)[22m[39m [32mhmr update [39m[2m/src/main.jsx[22m
[2m15:45:07[22m [36m[1m[vite][22m[39m [90m[2m(client)[22m[39m [32mhmr update [39m[2m/src/styles.css[22m
[2m15:45:08[22m [36m[1m[vite][22m[39m [90m[2m(client)[22m[39m [33mhmr invalidate [39m[2m/src/main.jsx[22m Could not Fast Refresh ("true" export is incompatible). Learn more at https://github.com/vitejs/vite-plugin-react/tree/main/packages/plugin-react#consistent-components-exports
[2m15:45:08[22m [36m[1m[vite][22m[39m [90m[2m(client)[22m[39m [32mpage reload [39m[2msrc/main.jsx[22m
[2m15:45:37[22m [36m[1m[vite][22m[39m [90m[2m(client)[22m[39m [32mhmr update [39m[2m/src/main.jsx[22m
[2m15:45:37[22m [36m[1m[vite][22m[39m [90m[2m(client)[22m[39m [33mhmr invalidate [39m[2m/src/main.jsx[22m Could not Fast Refresh ("true" export is incompatible). Learn more at https://github.com/vitejs/vite-plugin-react/tree/main/packages/plugin-react#consistent-components-exports
[2m15:45:37[22m [36m[1m[vite][22m[39m [90m[2m(client)[22m[39m [32mpage reload [39m[2msrc/main.jsx[22m
[2m16:11:10[22m [36m[1m[vite][22m[39m [90m[2m(client)[22m[39m [32mhmr update [39m[2m/src/main.jsx[22m
[2m16:11:10[22m [36m[1m[vite][22m[39m [90m[2m(client)[22m[39m [33mhmr invalidate [39m[2m/src/main.jsx[22m Could not Fast Refresh ("true" export is incompatible). Learn more at https://github.com/vitejs/vite-plugin-react/tree/main/packages/plugin-react#consistent-components-exports
[2m16:11:10[22m [36m[1m[vite][22m[39m [90m[2m(client)[22m[39m [32mpage reload [39m[2msrc/main.jsx[22m
[2m16:12:53[22m [36m[1m[vite][22m[39m [90m[2m(client)[22m[39m [32mhmr update [39m[2m/src/main.jsx[22m
[2m16:12:53[22m [36m[1m[vite][22m[39m [90m[2m(client)[22m[39m [33mhmr invalidate [39m[2m/src/main.jsx[22m Could not Fast Refresh ("true" export is incompatible). Learn more at https://github.com/vitejs/vite-plugin-react/tree/main/packages/plugin-react#consistent-components-exports
[2m16:12:53[22m [36m[1m[vite][22m[39m [90m[2m(client)[22m[39m [32mpage reload [39m[2msrc/main.jsx[22m
[2m16:13:47[22m [36m[1m[vite][22m[39m [90m[2m(client)[22m[39m [32mhmr update [39m[2m/src/styles.css[22m
[2m16:16:42[22m [36m[1m[vite][22m[39m [90m[2m(client)[22m[39m [32mhmr update [39m[2m/src/styles.css[22m
[2m16:17:01[22m [36m[1m[vite][22m[39m [90m[2m(client)[22m[39m [32mpage reload [39m[2mwork/inquiry-smtp-deploy/dist/blog/index.html[22m
[2m16:18:48[22m [36m[1m[vite][22m[39m [90m[2m(client)[22m[39m [32mhmr update [39m[2m/src/main.jsx[22m
[2m16:18:48[22m [36m[1m[vite][22m[39m [90m[2m(client)[22m[39m [32mhmr update [39m[2m/src/styles.css[22m
[2m16:18:48[22m [36m[1m[vite][22m[39m [90m[2m(client)[22m[39m [33mhmr invalidate [39m[2m/src/main.jsx[22m Could not Fast Refresh ("true" export is incompatible). Learn more at https://github.com/vitejs/vite-plugin-react/tree/main/packages/plugin-react#consistent-components-exports
[2m16:18:48[22m [36m[1m[vite][22m[39m [90m[2m(client)[22m[39m [32mpage reload [39m[2msrc/main.jsx[22m
[2m16:42:03[22m [36m[1m[vite][22m[39m [90m[2m(client)[22m[39m [32mhmr update [39m[2m/src/ProductExperience.jsx[22m
[2m16:42:03[22m [36m[1m[vite][22m[39m [90m[2m(client)[22m[39m [32mhmr update [39m[2m/src/main.jsx, /src/ProductExperience.jsx, /src/ProductCatalogPages.jsx[22m
[2m16:42:03[22m [36m[1m[vite][22m[39m [90m[2m(client)[22m[39m [33mhmr invalidate [39m[2m/src/main.jsx[22m Could not Fast Refresh ("true" export is incompatible). Learn more at https://github.com/vitejs/vite-plugin-react/tree/main/packages/plugin-react#consistent-components-exports
[2m16:42:03[22m [36m[1m[vite][22m[39m [90m[2m(client)[22m[39m [32mpage reload [39m[2msrc/main.jsx[22m
[2m16:50:53[22m [36m[1m[vite][22m[39m [90m[2m(client)[22m[39m [32mhmr update [39m[2m/src/main.jsx, /src/ProductExperience.jsx, /src/ProductCatalogPages.jsx[22m
[2m16:50:53[22m [36m[1m[vite][22m[39m [90m[2m(client)[22m[39m [33mhmr invalidate [39m[2m/src/main.jsx[22m Could not Fast Refresh ("true" export is incompatible). Learn more at https://github.com/vitejs/vite-plugin-react/tree/main/packages/plugin-react#consistent-components-exports
[2m16:50:53[22m [36m[1m[vite][22m[39m [90m[2m(client)[22m[39m [32mpage reload [39m[2msrc/main.jsx[22m
[2m16:56:13[22m [36m[1m[vite][22m[39m [90m[2m(client)[22m[39m [32mhmr update [39m[2m/src/main.jsx, /src/ProductExperience.jsx, /src/ProductCatalogPages.jsx[22m
[2m16:56:13[22m [36m[1m[vite][22m[39m [90m[2m(client)[22m[39m [33mhmr invalidate [39m[2m/src/main.jsx[22m Could not Fast Refresh ("true" export is incompatible). Learn more at https://github.com/vitejs/vite-plugin-react/tree/main/packages/plugin-react#consistent-components-exports
[2m16:56:13[22m [36m[1m[vite][22m[39m [90m[2m(client)[22m[39m [32mpage reload [39m[2msrc/main.jsx[22m
[2m17:02:44[22m [36m[1m[vite][22m[39m [90m[2m(client)[22m[39m [32mhmr update [39m[2m/src/main.jsx, /src/ProductExperience.jsx, /src/ProductCatalogPages.jsx[22m
[2m17:02:44[22m [36m[1m[vite][22m[39m [90m[2m(client)[22m[39m [33mhmr invalidate [39m[2m/src/main.jsx[22m Could not Fast Refresh ("true" export is incompatible). Learn more at https://github.com/vitejs/vite-plugin-react/tree/main/packages/plugin-react#consistent-components-exports
[2m17:02:44[22m [36m[1m[vite][22m[39m [90m[2m(client)[22m[39m [32mpage reload [39m[2msrc/main.jsx[22m
[2m17:20:41[22m [36m[1m[vite][22m[39m [90m[2m(client)[22m[39m [32mhmr update [39m[2m/src/main.jsx, /src/ProductExperience.jsx, /src/ProductCatalogPages.jsx[22m
[2m17:20:41[22m [36m[1m[vite][22m[39m [90m[2m(client)[22m[39m [33mhmr invalidate [39m[2m/src/main.jsx[22m Could not Fast Refresh ("true" export is incompatible). Learn more at https://github.com/vitejs/vite-plugin-react/tree/main/packages/plugin-react#consistent-components-exports
[2m17:20:41[22m [36m[1m[vite][22m[39m [90m[2m(client)[22m[39m [32mpage reload [39m[2msrc/main.jsx[22m
[2m17:23:46[22m [36m[1m[vite][22m[39m [90m[2m(client)[22m[39m [32mpage reload [39m[2mwork/inquiry-smtp-deploy/dist/blog/index.html[22m
[2m08:58:06[22m [36m[1m[vite][22m[39m [90m[2m(client)[22m[39m [32mpage reload [39m[2mindex.html[22m
[2m15:11:08[22m [36m[1m[vite][22m[39m [90m[2m(client)[22m[39m [32mpage reload [39m[2mindex.html[22m
[2m15:11:08[22m [36m[1m[vite][22m[39m [90m[2m(client)[22m[39m [32mhmr update [39m[2m/src/main.jsx[22m
[2m15:11:08[22m [36m[1m[vite][22m[39m [90m[2m(client)[22m[39m [33mhmr invalidate [39m[2m/src/main.jsx[22m Could not Fast Refresh ("true" export is incompatible). Learn more at https://github.com/vitejs/vite-plugin-react/tree/main/packages/plugin-react#consistent-components-exports
[2m15:11:08[22m [36m[1m[vite][22m[39m [90m[2m(client)[22m[39m [32mpage reload [39m[2msrc/main.jsx[22m
[2m15:25:39[22m [36m[1m[vite][22m[39m [90m[2m(client)[22m[39m [32mhmr update [39m[2m/src/main.jsx[22m
[2m15:25:39[22m [36m[1m[vite][22m[39m [90m[2m(client)[22m[39m [32mhmr update [39m[2m/src/main.jsx[22m
[2m15:25:40[22m [36m[1m[vite][22m[39m [90m[2m(client)[22m[39m [33mhmr invalidate [39m[2m/src/main.jsx[22m Could not Fast Refresh ("true" export is incompatible). Learn more at https://github.com/vitejs/vite-plugin-react/tree/main/packages/plugin-react#consistent-components-exports
[2m15:25:40[22m [36m[1m[vite][22m[39m [90m[2m(client)[22m[39m [32mpage reload [39m[2msrc/main.jsx[22m
[2m15:42:13[22m [36m[1m[vite][22m[39m [90m[2m(client)[22m[39m [32mhmr update [39m[2m/src/main.jsx[22m
[2m15:42:13[22m [36m[1m[vite][22m[39m [90m[2m(client)[22m[39m [33mhmr invalidate [39m[2m/src/main.jsx[22m Could not Fast Refresh ("true" export is incompatible). Learn more at https://github.com/vitejs/vite-plugin-react/tree/main/packages/plugin-react#consistent-components-exports
[2m15:42:13[22m [36m[1m[vite][22m[39m [90m[2m(client)[22m[39m [32mpage reload [39m[2msrc/main.jsx[22m
[2m15:44:15[22m [36m[1m[vite][22m[39m [90m[2m(client)[22m[39m [32mhmr update [39m[2m/src/main.jsx[22m
[2m15:44:15[22m [36m[1m[vite][22m[39m [90m[2m(client)[22m[39m [33mhmr invalidate [39m[2m/src/main.jsx[22m Could not Fast Refresh ("true" export is incompatible). Learn more at https://github.com/vitejs/vite-plugin-react/tree/main/packages/plugin-react#consistent-components-exports
[2m15:44:15[22m [36m[1m[vite][22m[39m [90m[2m(client)[22m[39m [32mpage reload [39m[2msrc/main.jsx[22m
[2m15:48:35[22m [36m[1m[vite][22m[39m [90m[2m(client)[22m[39m [32mhmr update [39m[2m/src/main.jsx[22m
[2m15:48:35[22m [36m[1m[vite][22m[39m [90m[2m(client)[22m[39m [33mhmr invalidate [39m[2m/src/main.jsx[22m Could not Fast Refresh ("true" export is incompatible). Learn more at https://github.com/vitejs/vite-plugin-react/tree/main/packages/plugin-react#consistent-components-exports
[2m15:48:35[22m [36m[1m[vite][22m[39m [90m[2m(client)[22m[39m [32mpage reload [39m[2msrc/main.jsx[22m
[2m15:50:43[22m [36m[1m[vite][22m[39m [90m[2m(client)[22m[39m [32mpage reload [39m[2mwork/inquiry-smtp-deploy/dist/blog/index.html[22m
[2m16:24:10[22m [36m[1m[vite][22m[39m [90m[2m(client)[22m[39m [32mpage reload [39m[2mindex.html[22m
[2m16:24:57[22m [36m[1m[vite][22m[39m [90m[2m(client)[22m[39m [32mhmr update [39m[2m/src/main.jsx[22m
[2m16:24:57[22m [36m[1m[vite][22m[39m [90m[2m(client)[22m[39m [33mhmr invalidate [39m[2m/src/main.jsx[22m Could not Fast Refresh ("true" export is incompatible). Learn more at https://github.com/vitejs/vite-plugin-react/tree/main/packages/plugin-react#consistent-components-exports
[2m16:24:57[22m [36m[1m[vite][22m[39m [90m[2m(client)[22m[39m [32mpage reload [39m[2msrc/main.jsx[22m
[2m16:42:05[22m [36m[1m[vite][22m[39m [90m[2m(client)[22m[39m [32mhmr update [39m[2m/src/main.jsx[22m
[2m16:42:05[22m [36m[1m[vite][22m[39m [90m[2m(client)[22m[39m [33mhmr invalidate [39m[2m/src/main.jsx[22m Could not Fast Refresh ("true" export is incompatible). Learn more at https://github.com/vitejs/vite-plugin-react/tree/main/packages/plugin-react#consistent-components-exports
[2m16:42:05[22m [36m[1m[vite][22m[39m [90m[2m(client)[22m[39m [32mpage reload [39m[2msrc/main.jsx[22m
[2m16:48:49[22m [36m[1m[vite][22m[39m [90m[2m(client)[22m[39m [32mhmr update [39m[2m/src/main.jsx[22m
[2m16:48:49[22m [36m[1m[vite][22m[39m [90m[2m(client)[22m[39m [33mhmr invalidate [39m[2m/src/main.jsx[22m Could not Fast Refresh ("true" export is incompatible). Learn more at https://github.com/vitejs/vite-plugin-react/tree/main/packages/plugin-react#consistent-components-exports
[2m16:48:49[22m [36m[1m[vite][22m[39m [90m[2m(client)[22m[39m [32mpage reload [39m[2msrc/main.jsx[22m
[2m16:49:05[22m [36m[1m[vite][22m[39m [90m[2m(client)[22m[39m [32mhmr update [39m[2m/src/main.jsx[22m
[2m16:49:05[22m [36m[1m[vite][22m[39m [90m[2m(client)[22m[39m [32mhmr update [39m[2m/src/main.jsx[22m
[2m16:49:05[22m [36m[1m[vite][22m[39m [90m[2m(client)[22m[39m [33mhmr invalidate [39m[2m/src/main.jsx[22m Could not Fast Refresh ("true" export is incompatible). Learn more at https://github.com/vitejs/vite-plugin-react/tree/main/packages/plugin-react#consistent-components-exports
[2m16:49:05[22m [36m[1m[vite][22m[39m [90m[2m(client)[22m[39m [32mpage reload [39m[2msrc/main.jsx[22m
